date,title,downloads,daily_downloads,last_updated
2026-07-17,TownGGs Clothes-Pirate Outfit,4445,28,2026-07-17 23:07
2026-07-17,Watchtower-Chinese-Translation汉化补丁,4197,3,2026-07-17 23:07
2026-07-17,realistic helmet 1st person vision-DLC2 patch,1848,15,2026-07-17 23:07
2026-07-17,TownGGs Clothes-White Dress,1921,15,2026-07-17 23:07
2026-07-17,TGG Cloth-DVA bodysuit,2733,111,2026-07-17 23:07
2026-07-17,McClarence Outfitter Chinese Translation汉化补丁,1528,1,2026-07-17 23:07
2026-07-17,TGGs weapon-Voids Gaze,1315,12,2026-07-17 23:07
2026-07-17,Realistic Helmet 1st Vision2.0,1243,20,2026-07-17 23:07
2026-07-17,CASSILIA’S SOUL,1761,38,2026-07-17 23:07
2026-07-17,Realistic Helmet 1st Vision2.0b,801,18,2026-07-17 23:07
2026-07-17,TGGs weapon-Nova Cleaver,36,0,2026-07-17 23:07
2026-07-17,CASSILIAs POWER FIST,1958,78,2026-07-17 23:07
2026-07-17,CPF-VANGUARD POWER FIST MK2,820,18,2026-07-17 23:07
2026-07-17,CPF-STARBORN POWER FIST UNITY,1062,26,2026-07-17 23:07
2026-07-17,CPF-STARBORN POWER FIST OMEGA,803,29,2026-07-17 23:07
2026-07-17,CPF-CRIMSON FLEET POWER FIST HELLHOUND,639,24,2026-07-17 23:07
2026-07-17,Cassilia’s trainning dummy,110,7,2026-07-17 23:07
2026-07-17,CPF-RYUJIN DEATH CLAW,288,30,2026-07-17 23:07
2026-07-17,TGGs Black Lingeria,5953,55,2026-07-17 23:37
2026-07-17,TownGGs Clothes Pirate Outfit,4447,30,2026-07-17 23:37
2026-07-17,Cassilias Old Constellation Uniform,10141,129,2026-07-17 23:37
2026-07-17,TGGs LaceBra,3321,32,2026-07-17 23:37
2026-07-17,Crimson Fleet Combat Robot Greande,3945,13,2026-07-17 23:37
2026-07-17,Watchtower Chinese Translation,4197,3,2026-07-17 23:37
2026-07-17,A Special Crew,2977,34,2026-07-17 23:37
2026-07-17,TGGs Swimsuit 02,2284,25,2026-07-17 23:37
2026-07-17,You can sit on toilets,2976,7,2026-07-17 23:37
2026-07-17,Nebula Protocol Suit,2414,29,2026-07-17 23:37
2026-07-17,realistic helmet 1st person vision DLC2 patch,1848,15,2026-07-17 23:37
2026-07-17,TownGGs Clothes Fashion Skirt,1731,9,2026-07-17 23:37
2026-07-17,THE TERMINUS,2908,59,2026-07-17 23:37
2026-07-17,TownGGs Clothes White Dress,1923,17,2026-07-17 23:37
2026-07-17,TGG Cloth DVA bodysuit,2733,111,2026-07-17 23:37
2026-07-17,TGGs More Toilets,2268,2,2026-07-17 23:37
2026-07-17,TGGs Swimsuit 01,1438,20,2026-07-17 23:37
2026-07-17,McClarence Outfitter Chinese Translation,1528,1,2026-07-17 23:37
2026-07-17,TGGs weapon Voids Gaze,1315,12,2026-07-17 23:37
2026-07-17,TownGGs Outpost Storage Expansion,1033,8,2026-07-17 23:37
2026-07-17,YOU NEED POOP,1417,2,2026-07-17 23:37
2026-07-17,Starborn Power Greande,1395,6,2026-07-17 23:37
2026-07-17,Realistic Helmet 1st Vision2 0,1243,20,2026-07-17 23:37
2026-07-17,CASSILIA S SOUL,1763,40,2026-07-17 23:37
2026-07-17,Realistic Helmet 1st Vision2 0b,801,18,2026-07-17 23:37
2026-07-17,TGGs Weird Toilets,603,0,2026-07-17 23:37
2026-07-17,TGGs Monster Hunter Bone Great Sword,626,6,2026-07-17 23:37
2026-07-17,TGGs More MapMarkers,446,10,2026-07-17 23:37
2026-07-17,CASSILIAs SOUL(CHINESE),215,13,2026-07-17 23:37
2026-07-17,THE TERMINUS (CHINESE),308,15,2026-07-17 23:37
2026-07-17,realistic helmet 1st person vision,101,1,2026-07-17 23:37
2026-07-17,Starborn Portal,67,0,2026-07-17 23:37
2026-07-17,TGGs weapon Nova Cleaver,36,0,2026-07-17 23:37
2026-07-17,TGGs Madbean,9,0,2026-07-17 23:37
2026-07-17,CASSILIA 's POWER FIST,1958,78,2026-07-17 23:37
2026-07-17,CPF VANGUARD POWER FIST MK2,820,18,2026-07-17 23:37
2026-07-17,CPF STARBORN POWER FIST UNITY,1063,27,2026-07-17 23:37
2026-07-17,CPF STARBORN POWER FIST OMEGA,805,31,2026-07-17 23:37
2026-07-17,CPF CRIMSON FLEET POWER FIST HELLHOUND,639,24,2026-07-17 23:37
2026-07-17,Cassilia s trainning dummy,110,10,2026-07-17 23:37
2026-07-17,CPF RYUJIN DEATH CLAW,288,30,2026-07-17 23:37
2026-07-18,TownGGs Clothes-Pirate Outfit,4483,38,2026-07-18 23:06
2026-07-18,Watchtower-Chinese-Translation汉化补丁,4202,5,2026-07-18 23:06
2026-07-18,realistic helmet 1st person vision-DLC2 patch,1869,21,2026-07-18 23:06
2026-07-18,TownGGs Clothes-White Dress,1934,13,2026-07-18 23:06
2026-07-18,TGG Cloth-DVA bodysuit,2859,126,2026-07-18 23:06
2026-07-18,McClarence Outfitter Chinese Translation汉化补丁,1531,3,2026-07-18 23:06
2026-07-18,TGGs weapon-Voids Gaze,1328,13,2026-07-18 23:06
2026-07-18,Realistic Helmet 1st Vision2.0,1265,22,2026-07-18 23:06
2026-07-18,CASSILIA’S SOUL,1803,42,2026-07-18 23:06
2026-07-18,Realistic Helmet 1st Vision2.0b,825,24,2026-07-18 23:06
2026-07-18,TGGs weapon-Nova Cleaver,36,0,2026-07-18 23:06
2026-07-18,CASSILIAs POWER FIST,2033,75,2026-07-18 23:06
2026-07-18,CPF-VANGUARD POWER FIST MK2,830,10,2026-07-18 23:06
2026-07-18,CPF-STARBORN POWER FIST UNITY,1092,30,2026-07-18 23:06
2026-07-18,CPF-STARBORN POWER FIST OMEGA,834,31,2026-07-18 23:06
2026-07-18,CPF-CRIMSON FLEET POWER FIST HELLHOUND,655,16,2026-07-18 23:06
2026-07-18,Cassilia’s trainning dummy,114,6,2026-07-18 23:06
2026-07-18,CPF-RYUJIN DEATH CLAW,323,35,2026-07-18 23:06
2026-07-18,TGGs Black Lingeria,6008,55,2026-07-18 23:36
2026-07-18,TownGGs Clothes Pirate Outfit,4483,36,2026-07-18 23:36
2026-07-18,Cassilias Old Constellation Uniform,10366,225,2026-07-18 23:36
2026-07-18,TGGs LaceBra,3351,30,2026-07-18 23:36
2026-07-18,Crimson Fleet Combat Robot Greande,3952,7,2026-07-18 23:36
2026-07-18,Watchtower Chinese Translation,4202,5,2026-07-18 23:36
2026-07-18,A Special Crew,3008,31,2026-07-18 23:36
2026-07-18,TGGs Swimsuit 02,2297,13,2026-07-18 23:36
2026-07-18,You can sit on toilets,2984,8,2026-07-18 23:36
2026-07-18,Nebula Protocol Suit,2436,22,2026-07-18 23:36
2026-07-18,realistic helmet 1st person vision DLC2 patch,1869,21,2026-07-18 23:36
2026-07-18,TownGGs Clothes Fashion Skirt,1739,8,2026-07-18 23:36
2026-07-18,THE TERMINUS,2968,60,2026-07-18 23:36
2026-07-18,TownGGs Clothes White Dress,1934,11,2026-07-18 23:36
2026-07-18,TGG Cloth DVA bodysuit,2859,126,2026-07-18 23:36
2026-07-18,TGGs More Toilets,2270,2,2026-07-18 23:36
2026-07-18,TGGs Swimsuit 01,1450,12,2026-07-18 23:36
2026-07-18,McClarence Outfitter Chinese Translation,1531,3,2026-07-18 23:36
2026-07-18,TGGs weapon Voids Gaze,1328,13,2026-07-18 23:36
2026-07-18,TownGGs Outpost Storage Expansion,1043,10,2026-07-18 23:36
2026-07-18,YOU NEED POOP,1419,2,2026-07-18 23:36
2026-07-18,Starborn Power Greande,1401,6,2026-07-18 23:36
2026-07-18,Realistic Helmet 1st Vision2 0,1265,22,2026-07-18 23:36
2026-07-18,CASSILIA S SOUL,1806,43,2026-07-18 23:36
2026-07-18,Realistic Helmet 1st Vision2 0b,826,25,2026-07-18 23:36
2026-07-18,TGGs Weird Toilets,603,0,2026-07-18 23:36
2026-07-18,TGGs Monster Hunter Bone Great Sword,637,11,2026-07-18 23:36
2026-07-18,TGGs More MapMarkers,453,7,2026-07-18 23:36
2026-07-18,CASSILIAs SOUL(CHINESE),229,14,2026-07-18 23:36
2026-07-18,THE TERMINUS (CHINESE),320,12,2026-07-18 23:36
2026-07-18,realistic helmet 1st person vision,102,1,2026-07-18 23:36
2026-07-18,Starborn Portal,69,2,2026-07-18 23:36
2026-07-18,TGGs weapon Nova Cleaver,36,0,2026-07-18 23:36
2026-07-18,TGGs Madbean,9,0,2026-07-18 23:36
2026-07-18,CASSILIA 's POWER FIST,2033,75,2026-07-18 23:36
2026-07-18,CPF VANGUARD POWER FIST MK2,830,10,2026-07-18 23:36
2026-07-18,CPF STARBORN POWER FIST UNITY,1092,29,2026-07-18 23:36
2026-07-18,CPF STARBORN POWER FIST OMEGA,834,29,2026-07-18 23:36
2026-07-18,CPF CRIMSON FLEET POWER FIST HELLHOUND,655,16,2026-07-18 23:36
2026-07-18,Cassilia s trainning dummy,114,8,2026-07-18 23:36
2026-07-18,CPF RYUJIN DEATH CLAW,323,35,2026-07-18 23:36
2026-07-19,TownGGs Clothes-Pirate Outfit,4515,32,2026-07-19 23:19
2026-07-19,Watchtower-Chinese-Translation汉化补丁,4203,1,2026-07-19 23:19
2026-07-19,realistic helmet 1st person vision-DLC2 patch,1886,17,2026-07-19 23:19
2026-07-19,TownGGs Clothes-White Dress,1948,14,2026-07-19 23:19
2026-07-19,TGG Cloth-DVA bodysuit,2938,79,2026-07-19 23:19
2026-07-19,McClarence Outfitter Chinese Translation汉化补丁,1533,2,2026-07-19 23:19
2026-07-19,TGGs weapon-Voids Gaze,1334,6,2026-07-19 23:19
2026-07-19,Realistic Helmet 1st Vision2.0,1279,14,2026-07-19 23:19
2026-07-19,CASSILIA’S SOUL,1832,29,2026-07-19 23:19
2026-07-19,Realistic Helmet 1st Vision2.0b,838,13,2026-07-19 23:19
2026-07-19,TGGs weapon-Nova Cleaver,36,0,2026-07-19 23:19
2026-07-19,CASSILIAs POWER FIST,2093,60,2026-07-19 23:19
2026-07-19,CPF-VANGUARD POWER FIST MK2,847,17,2026-07-19 23:19
2026-07-19,CPF-STARBORN POWER FIST UNITY,1113,21,2026-07-19 23:19
2026-07-19,CPF-STARBORN POWER FIST OMEGA,858,24,2026-07-19 23:19
2026-07-19,CPF-CRIMSON FLEET POWER FIST HELLHOUND,670,15,2026-07-19 23:19
2026-07-19,Cassilia’s trainning dummy,115,2,2026-07-19 23:19
2026-07-19,CPF-RYUJIN DEATH CLAW,346,23,2026-07-19 23:19
2026-07-19,TGGs Black Lingeria,6056,48,2026-07-19 23:49
2026-07-19,TownGGs Clothes Pirate Outfit,4515,32,2026-07-19 23:49
2026-07-19,Cassilias Old Constellation Uniform,10686,320,2026-07-19 23:49
2026-07-19,TGGs LaceBra,3378,27,2026-07-19 23:49
2026-07-19,Crimson Fleet Combat Robot Greande,3960,8,2026-07-19 23:49
2026-07-19,Watchtower Chinese Translation,4203,1,2026-07-19 23:49
2026-07-19,A Special Crew,3024,16,2026-07-19 23:49
2026-07-19,TGGs Swimsuit 02,2320,23,2026-07-19 23:49
2026-07-19,You can sit on toilets,2988,4,2026-07-19 23:49
2026-07-19,Nebula Protocol Suit,2462,26,2026-07-19 23:49
2026-07-19,realistic helmet 1st person vision DLC2 patch,1886,17,2026-07-19 23:49
2026-07-19,TownGGs Clothes Fashion Skirt,1747,8,2026-07-19 23:49
2026-07-19,THE TERMINUS,3007,39,2026-07-19 23:49
2026-07-19,TownGGs Clothes White Dress,1948,14,2026-07-19 23:49
2026-07-19,TGG Cloth DVA bodysuit,2938,79,2026-07-19 23:49
2026-07-19,TGGs More Toilets,2273,3,2026-07-19 23:49
2026-07-19,TGGs Swimsuit 01,1469,19,2026-07-19 23:49
2026-07-19,McClarence Outfitter Chinese Translation,1533,2,2026-07-19 23:49
2026-07-19,TGGs weapon Voids Gaze,1334,6,2026-07-19 23:49
2026-07-19,TownGGs Outpost Storage Expansion,1048,5,2026-07-19 23:49
2026-07-19,YOU NEED POOP,1421,2,2026-07-19 23:49
2026-07-19,Starborn Power Greande,1407,6,2026-07-19 23:49
2026-07-19,Realistic Helmet 1st Vision2 0,1279,14,2026-07-19 23:49
2026-07-19,CASSILIA S SOUL,1832,26,2026-07-19 23:49
2026-07-19,Realistic Helmet 1st Vision2 0b,838,12,2026-07-19 23:49
2026-07-19,TGGs Weird Toilets,605,2,2026-07-19 23:49
2026-07-19,TGGs Monster Hunter Bone Great Sword,644,7,2026-07-19 23:49
2026-07-19,TGGs More MapMarkers,458,5,2026-07-19 23:49
2026-07-19,CASSILIAs SOUL(CHINESE),240,11,2026-07-19 23:49
2026-07-19,THE TERMINUS (CHINESE),328,8,2026-07-19 23:49
2026-07-19,realistic helmet 1st person vision,102,0,2026-07-19 23:49
2026-07-19,Starborn Portal,69,0,2026-07-19 23:49
2026-07-19,TGGs weapon Nova Cleaver,36,0,2026-07-19 23:49
2026-07-19,TGGs Madbean,9,0,2026-07-19 23:49
2026-07-19,CASSILIA 's POWER FIST,2093,60,2026-07-19 23:49
2026-07-19,CPF VANGUARD POWER FIST MK2,847,17,2026-07-19 23:49
2026-07-19,CPF STARBORN POWER FIST UNITY,1113,21,2026-07-19 23:49
2026-07-19,CPF STARBORN POWER FIST OMEGA,858,24,2026-07-19 23:49
2026-07-19,CPF CRIMSON FLEET POWER FIST HELLHOUND,670,15,2026-07-19 23:49
2026-07-19,Cassilia s trainning dummy,115,2,2026-07-19 23:49
2026-07-19,CPF RYUJIN DEATH CLAW,346,23,2026-07-19 23:49
2026-07-20,TownGGs Clothes Pirate Outfit,4573,58,2026-07-20 23:09
2026-07-20,Watchtower Chinese Translation,4218,15,2026-07-20 23:09
2026-07-20,realistic helmet 1st person vision DLC2 patch,1918,32,2026-07-20 23:09
2026-07-20,TownGGs Clothes White Dress,1986,38,2026-07-20 23:09
2026-07-20,TGG Cloth DVA bodysuit,3061,123,2026-07-20 23:09
2026-07-20,McClarence Outfitter Chinese Translation,1535,2,2026-07-20 23:09
2026-07-20,TGGs weapon Voids Gaze,1351,17,2026-07-20 23:09
2026-07-20,Realistic Helmet 1st Vision2 0,1308,29,2026-07-20 23:09
2026-07-20,CASSILIA S SOUL,1885,53,2026-07-20 23:09
2026-07-20,Realistic Helmet 1st Vision2 0b,863,25,2026-07-20 23:09
2026-07-20,TGGs weapon Nova Cleaver,37,1,2026-07-20 23:09
2026-07-20,CASSILIA 's POWER FIST,2182,89,2026-07-20 23:09
2026-07-20,CPF VANGUARD POWER FIST MK2,886,39,2026-07-20 23:09
2026-07-20,CPF STARBORN POWER FIST UNITY,1164,51,2026-07-20 23:09
2026-07-20,CPF STARBORN POWER FIST OMEGA,903,45,2026-07-20 23:09
2026-07-20,CPF CRIMSON FLEET POWER FIST HELLHOUND,700,30,2026-07-20 23:09
2026-07-20,Cassilia s trainning dummy,127,13,2026-07-20 23:09
2026-07-20,CPF RYUJIN DEATH CLAW,393,47,2026-07-20 23:09
2026-07-20,CASSILIA 's MANTIS UNDERSUIT,21,16,2026-07-20 23:09
2026-07-20,TGGs Black Lingeria,6130,74,2026-07-20 23:37
2026-07-20,TownGGs Clothes-Pirate Outfit,4574,59,2026-07-20 23:37
2026-07-20,Cassilias Old Constellation Uniform,11151,465,2026-07-20 23:37
2026-07-20,TGGs LaceBra,3417,39,2026-07-20 23:37
2026-07-20,Crimson Fleet Combat Robot Greande,3971,11,2026-07-20 23:37
2026-07-20,Watchtower-Chinese-Translation汉化补丁,4218,15,2026-07-20 23:37
2026-07-20,A Special Crew,3060,36,2026-07-20 23:37
2026-07-20,TGGs Swimsuit 02,2349,29,2026-07-20 23:37
2026-07-20,You can sit on toilets,2999,11,2026-07-20 23:37
2026-07-20,Nebula Protocol Suit,2503,41,2026-07-20 23:37
2026-07-20,realistic helmet 1st person vision-DLC2 patch,1918,32,2026-07-20 23:37
2026-07-20,TownGGs Clothes Fashion Skirt,1762,15,2026-07-20 23:37
2026-07-20,THE TERMINUS,3087,80,2026-07-20 23:37
2026-07-20,TownGGs Clothes-White Dress,1987,39,2026-07-20 23:37
2026-07-20,TGG Cloth-DVA bodysuit,3070,132,2026-07-20 23:37
2026-07-20,TGGs More Toilets,2282,9,2026-07-20 23:37
2026-07-20,TGGs Swimsuit 01,1492,23,2026-07-20 23:37
2026-07-20,McClarence Outfitter Chinese Translation汉化补丁,1535,2,2026-07-20 23:37
2026-07-20,TGGs weapon-Voids Gaze,1351,17,2026-07-20 23:37
2026-07-20,TownGGs Outpost Storage Expansion,1057,9,2026-07-20 23:37
2026-07-20,YOU NEED POOP,1430,9,2026-07-20 23:37
2026-07-20,Starborn Power Greande,1419,12,2026-07-20 23:37
2026-07-20,Realistic Helmet 1st Vision2.0,1308,29,2026-07-20 23:37
2026-07-20,CASSILIA’S SOUL,1885,53,2026-07-20 23:37
2026-07-20,Realistic Helmet 1st Vision2.0b,865,27,2026-07-20 23:37
2026-07-20,TGGs Weird Toilets,607,2,2026-07-20 23:37
2026-07-20,TGGs Monster Hunter Bone Great Sword,660,16,2026-07-20 23:37
2026-07-20,TGGs More MapMarkers,466,8,2026-07-20 23:37
2026-07-20,CASSILIAs SOUL(CHINESE),255,15,2026-07-20 23:37
2026-07-20,THE TERMINUS (CHINESE),341,13,2026-07-20 23:37
2026-07-20,realistic helmet 1st person vision,102,0,2026-07-20 23:37
2026-07-20,Starborn Portal,70,1,2026-07-20 23:37
2026-07-20,TGGs weapon-Nova Cleaver,37,1,2026-07-20 23:37
2026-07-20,TGGs Madbean,9,0,2026-07-20 23:37
2026-07-20,CASSILIAs POWER FIST,2183,90,2026-07-20 23:37
2026-07-20,CPF-VANGUARD POWER FIST MK2,886,39,2026-07-20 23:37
2026-07-20,CPF-STARBORN POWER FIST UNITY,1164,51,2026-07-20 23:37
2026-07-20,CPF-STARBORN POWER FIST OMEGA,903,45,2026-07-20 23:37
2026-07-20,CPF-CRIMSON FLEET POWER FIST HELLHOUND,700,30,2026-07-20 23:37
2026-07-20,Cassilia’s trainning dummy,126,13,2026-07-20 23:37
2026-07-20,CPF-RYUJIN DEATH CLAW,393,47,2026-07-20 23:37
2026-07-20,CASSILIA's MANTIS UNDERSUIT,28,25,2026-07-20 23:37
2026-07-21,TownGGs Clothes Pirate Outfit,4609,36,2026-07-21 23:20
2026-07-21,Watchtower Chinese Translation,4219,1,2026-07-21 23:20
2026-07-21,realistic helmet 1st person vision DLC2 patch,1934,16,2026-07-21 23:20
2026-07-21,TownGGs Clothes White Dress,2008,22,2026-07-21 23:20
2026-07-21,TGG Cloth DVA bodysuit,3141,80,2026-07-21 23:20
2026-07-21,McClarence Outfitter Chinese Translation,1537,2,2026-07-21 23:20
2026-07-21,TGGs weapon Voids Gaze,1356,5,2026-07-21 23:20
2026-07-21,Realistic Helmet 1st Vision2 0,1332,24,2026-07-21 23:20
2026-07-21,CASSILIA S SOUL,1922,37,2026-07-21 23:20
2026-07-21,Realistic Helmet 1st Vision2 0b,882,19,2026-07-21 23:20
2026-07-21,TGGs weapon Nova Cleaver,37,0,2026-07-21 23:20
2026-07-21,CASSILIA 's POWER FIST,2242,60,2026-07-21 23:20
2026-07-21,CPF VANGUARD POWER FIST MK2,909,23,2026-07-21 23:20
2026-07-21,CPF STARBORN POWER FIST UNITY,1190,26,2026-07-21 23:20
2026-07-21,CPF STARBORN POWER FIST OMEGA,925,22,2026-07-21 23:20
2026-07-21,CPF CRIMSON FLEET POWER FIST HELLHOUND,725,25,2026-07-21 23:20
2026-07-21,Cassilia s trainning dummy,133,8,2026-07-21 23:20
2026-07-21,CPF RYUJIN DEATH CLAW,422,29,2026-07-21 23:20
2026-07-21,CASSILIA 's MANTIS UNDERSUIT,144,123,2026-07-21 23:20
2026-07-21,TGGs Black Lingeria,6177,47,2026-07-21 23:50
2026-07-21,TownGGs Clothes-Pirate Outfit,4609,35,2026-07-21 23:50
2026-07-21,Cassilias Old Constellation Uniform,11425,274,2026-07-21 23:50
2026-07-21,TGGs LaceBra,3448,31,2026-07-21 23:50
2026-07-21,Crimson Fleet Combat Robot Greande,3978,7,2026-07-21 23:50
2026-07-21,Watchtower-Chinese-Translation汉化补丁,4219,1,2026-07-21 23:50
2026-07-21,A Special Crew,3085,25,2026-07-21 23:50
2026-07-21,TGGs Swimsuit 02,2365,16,2026-07-21 23:50
2026-07-21,You can sit on toilets,3006,7,2026-07-21 23:50
2026-07-21,Nebula Protocol Suit,2528,25,2026-07-21 23:50
2026-07-21,realistic helmet 1st person vision-DLC2 patch,1934,16,2026-07-21 23:50
2026-07-21,TownGGs Clothes Fashion Skirt,1774,12,2026-07-21 23:50
2026-07-21,THE TERMINUS,3147,60,2026-07-21 23:50
2026-07-21,TownGGs Clothes-White Dress,2008,21,2026-07-21 23:50
2026-07-21,TGG Cloth-DVA bodysuit,3141,71,2026-07-21 23:50
2026-07-21,TGGs More Toilets,2288,6,2026-07-21 23:50
2026-07-21,TGGs Swimsuit 01,1502,10,2026-07-21 23:50
2026-07-21,McClarence Outfitter Chinese Translation汉化补丁,1537,2,2026-07-21 23:50
2026-07-21,TGGs weapon-Voids Gaze,1356,5,2026-07-21 23:50
2026-07-21,TownGGs Outpost Storage Expansion,1065,8,2026-07-21 23:50
2026-07-21,YOU NEED POOP,1433,3,2026-07-21 23:50
2026-07-21,Starborn Power Greande,1423,4,2026-07-21 23:50
2026-07-21,Realistic Helmet 1st Vision2.0,1332,24,2026-07-21 23:50
2026-07-21,CASSILIA’S SOUL,1922,37,2026-07-21 23:50
2026-07-21,Realistic Helmet 1st Vision2.0b,882,17,2026-07-21 23:50
2026-07-21,TGGs Weird Toilets,612,5,2026-07-21 23:50
2026-07-21,TGGs Monster Hunter Bone Great Sword,669,9,2026-07-21 23:50
2026-07-21,TGGs More MapMarkers,472,6,2026-07-21 23:50
2026-07-21,CASSILIAs SOUL(CHINESE),262,7,2026-07-21 23:50
2026-07-21,THE TERMINUS (CHINESE),350,9,2026-07-21 23:50
2026-07-21,realistic helmet 1st person vision,102,0,2026-07-21 23:50
2026-07-21,Starborn Portal,70,0,2026-07-21 23:50
2026-07-21,TGGs weapon-Nova Cleaver,37,0,2026-07-21 23:50
2026-07-21,TGGs Madbean,9,0,2026-07-21 23:50
2026-07-21,CASSILIAs POWER FIST,2242,59,2026-07-21 23:50
2026-07-21,CPF-VANGUARD POWER FIST MK2,909,23,2026-07-21 23:50
2026-07-21,CPF-STARBORN POWER FIST UNITY,1190,26,2026-07-21 23:50
2026-07-21,CPF-STARBORN POWER FIST OMEGA,925,22,2026-07-21 23:50
2026-07-21,CPF-CRIMSON FLEET POWER FIST HELLHOUND,725,25,2026-07-21 23:50
2026-07-21,Cassilia’s trainning dummy,133,7,2026-07-21 23:50
2026-07-21,CPF-RYUJIN DEATH CLAW,422,29,2026-07-21 23:50
2026-07-21,CASSILIA's MANTIS UNDERSUIT,144,116,2026-07-21 23:50
2026-07-22,TownGGs Clothes-Pirate Outfit,4638,29,2026-07-22 23:06
2026-07-22,Watchtower-Chinese-Translation汉化补丁,4223,4,2026-07-22 23:06
2026-07-22,realistic helmet 1st person vision-DLC2 patch,1951,17,2026-07-22 23:06
2026-07-22,TownGGs Clothes-White Dress,2021,13,2026-07-22 23:06
2026-07-22,TGG Cloth-DVA bodysuit,3205,64,2026-07-22 23:06
2026-07-22,McClarence Outfitter Chinese Translation汉化补丁,1539,2,2026-07-22 23:06
2026-07-22,TGGs weapon-Voids Gaze,1363,7,2026-07-22 23:06
2026-07-22,Realistic Helmet 1st Vision2 0,1343,11,2026-07-22 23:06
2026-07-22,CASSILIA S SOUL,1962,40,2026-07-22 23:06
2026-07-22,Realistic Helmet 1st Vision2 0b,894,12,2026-07-22 23:06
2026-07-22,TGGs weapon Nova Cleaver,37,0,2026-07-22 23:06
2026-07-22,CASSILIA 's POWER FIST,2355,113,2026-07-22 23:06
2026-07-22,CPF VANGUARD POWER FIST MK2,942,33,2026-07-22 23:06
2026-07-22,CPF STARBORN POWER FIST UNITY,1220,30,2026-07-22 23:06
2026-07-22,CPF STARBORN POWER FIST OMEGA,958,33,2026-07-22 23:06
2026-07-22,CPF CRIMSON FLEET POWER FIST HELLHOUND,757,32,2026-07-22 23:06
2026-07-22,Cassilia s trainning dummy,141,8,2026-07-22 23:06
2026-07-22,CPF RYUJIN DEATH CLAW,464,42,2026-07-22 23:06
2026-07-22,CASSILIA 's MANTIS UNDERSUIT,232,88,2026-07-22 23:06
2026-07-22,TGGs Black Lingeria,6221,44,2026-07-22 23:37
2026-07-22,TownGGs Clothes Pirate Outfit,4639,30,2026-07-22 23:37
2026-07-22,Cassilias Old Constellation Uniform,11718,293,2026-07-22 23:37
2026-07-22,TGGs LaceBra,3488,40,2026-07-22 23:37
2026-07-22,Crimson Fleet Combat Robot Greande,3988,10,2026-07-22 23:37
2026-07-22,Watchtower Chinese Translation,4223,4,2026-07-22 23:37
2026-07-22,A Special Crew,3114,29,2026-07-22 23:37
2026-07-22,TGGs Swimsuit 02,2376,11,2026-07-22 23:37
2026-07-22,You can sit on toilets,3017,11,2026-07-22 23:37
2026-07-22,Nebula Protocol Suit,2545,17,2026-07-22 23:37
2026-07-22,realistic helmet 1st person vision DLC2 patch,1951,17,2026-07-22 23:37
2026-07-22,TownGGs Clothes Fashion Skirt,1789,15,2026-07-22 23:37
2026-07-22,THE TERMINUS,3199,52,2026-07-22 23:37
2026-07-22,TownGGs Clothes White Dress,2021,13,2026-07-22 23:37
2026-07-22,TGG Cloth DVA bodysuit,3208,67,2026-07-22 23:37
2026-07-22,TGGs More Toilets,2297,9,2026-07-22 23:37
2026-07-22,TGGs Swimsuit 01,1519,17,2026-07-22 23:37
2026-07-22,McClarence Outfitter Chinese Translation,1539,2,2026-07-22 23:37
2026-07-22,TGGs weapon Voids Gaze,1363,7,2026-07-22 23:37
2026-07-22,TownGGs Outpost Storage Expansion,1073,8,2026-07-22 23:37
2026-07-22,YOU NEED POOP,1438,5,2026-07-22 23:37
2026-07-22,Starborn Power Greande,1430,7,2026-07-22 23:37
2026-07-22,Realistic Helmet 1st Vision2.0,1343,11,2026-07-22 23:37
2026-07-22,CASSILIA’S SOUL,1963,41,2026-07-22 23:37
2026-07-22,Realistic Helmet 1st Vision2.0b,894,12,2026-07-22 23:37
2026-07-22,TGGs Weird Toilets,613,1,2026-07-22 23:37
2026-07-22,TGGs Monster Hunter Bone Great Sword,678,9,2026-07-22 23:37
2026-07-22,TGGs More MapMarkers,476,4,2026-07-22 23:37
2026-07-22,CASSILIAs SOUL(CHINESE),278,16,2026-07-22 23:37
2026-07-22,THE TERMINUS (CHINESE),363,13,2026-07-22 23:37
2026-07-22,realistic helmet 1st person vision,102,0,2026-07-22 23:37
2026-07-22,Starborn Portal,70,0,2026-07-22 23:37
2026-07-22,TGGs weapon-Nova Cleaver,37,0,2026-07-22 23:37
2026-07-22,TGGs Madbean,9,0,2026-07-22 23:37
2026-07-22,CASSILIAs POWER FIST,2357,115,2026-07-22 23:37
2026-07-22,CPF-VANGUARD POWER FIST MK2,943,34,2026-07-22 23:37
2026-07-22,CPF-STARBORN POWER FIST UNITY,1221,31,2026-07-22 23:37
2026-07-22,CPF-STARBORN POWER FIST OMEGA,959,34,2026-07-22 23:37
2026-07-22,CPF-CRIMSON FLEET POWER FIST HELLHOUND,758,33,2026-07-22 23:37
2026-07-22,Cassilia’s trainning dummy,141,8,2026-07-22 23:37
2026-07-22,CPF-RYUJIN DEATH CLAW,464,42,2026-07-22 23:37
2026-07-22,CASSILIA's MANTIS UNDERSUIT,233,89,2026-07-22 23:37
2026-07-23,TownGGs Clothes-Pirate Outfit,4686,48,2026-07-23 23:08
2026-07-23,Watchtower-Chinese-Translation汉化补丁,4234,11,2026-07-23 23:08
2026-07-23,realistic helmet 1st person vision-DLC2 patch,1967,16,2026-07-23 23:08
2026-07-23,TownGGs Clothes-White Dress,2040,19,2026-07-23 23:08
2026-07-23,TGG Cloth-DVA bodysuit,3291,86,2026-07-23 23:08
2026-07-23,McClarence Outfitter Chinese Translation汉化补丁,1546,7,2026-07-23 23:08
2026-07-23,TGGs weapon-Voids Gaze,1374,11,2026-07-23 23:08
2026-07-23,Realistic Helmet 1st Vision2 0,1370,27,2026-07-23 23:08
2026-07-23,CASSILIA S SOUL,2014,52,2026-07-23 23:08
2026-07-23,Realistic Helmet 1st Vision2 0b,903,9,2026-07-23 23:08
2026-07-23,TGGs weapon Nova Cleaver,37,0,2026-07-23 23:08
2026-07-23,CASSILIA 's POWER FIST,2456,101,2026-07-23 23:08
2026-07-23,CPF VANGUARD POWER FIST MK2,960,18,2026-07-23 23:08
2026-07-23,CPF STARBORN POWER FIST UNITY,1250,30,2026-07-23 23:08
2026-07-23,CPF STARBORN POWER FIST OMEGA,978,20,2026-07-23 23:08
2026-07-23,CPF CRIMSON FLEET POWER FIST HELLHOUND,777,20,2026-07-23 23:08
2026-07-23,Cassilia s trainning dummy,144,3,2026-07-23 23:08
2026-07-23,CPF RYUJIN DEATH CLAW,494,30,2026-07-23 23:08
2026-07-23,CASSILIA 's MANTIS UNDERSUIT,313,81,2026-07-23 23:08
2026-07-23,CPF MANTIS BLADE,20,7,2026-07-23 23:08
2026-07-23,TGGs Black Lingeria,6282,61,2026-07-23 23:37
2026-07-23,TownGGs Clothes Pirate Outfit,4686,47,2026-07-23 23:37
2026-07-23,Cassilias Old Constellation Uniform,12004,286,2026-07-23 23:37
2026-07-23,TGGs LaceBra,3517,29,2026-07-23 23:37
2026-07-23,Crimson Fleet Combat Robot Greande,3997,9,2026-07-23 23:37
2026-07-23,Watchtower Chinese Translation,4234,11,2026-07-23 23:37
2026-07-23,A Special Crew,3141,27,2026-07-23 23:37
2026-07-23,TGGs Swimsuit 02,2412,36,2026-07-23 23:37
2026-07-23,You can sit on toilets,3026,9,2026-07-23 23:37
2026-07-23,Nebula Protocol Suit,2571,26,2026-07-23 23:37
2026-07-23,realistic helmet 1st person vision DLC2 patch,1968,17,2026-07-23 23:37
2026-07-23,TownGGs Clothes Fashion Skirt,1800,11,2026-07-23 23:37
2026-07-23,THE TERMINUS,3261,62,2026-07-23 23:37
2026-07-23,TownGGs Clothes White Dress,2040,19,2026-07-23 23:37
2026-07-23,TGG Cloth DVA bodysuit,3292,84,2026-07-23 23:37
2026-07-23,TGGs More Toilets,2301,4,2026-07-23 23:37
2026-07-23,TGGs Swimsuit 01,1539,20,2026-07-23 23:37
2026-07-23,McClarence Outfitter Chinese Translation,1546,7,2026-07-23 23:37
2026-07-23,TGGs weapon Voids Gaze,1374,11,2026-07-23 23:37
2026-07-23,TownGGs Outpost Storage Expansion,1085,12,2026-07-23 23:37
2026-07-23,YOU NEED POOP,1443,5,2026-07-23 23:37
2026-07-23,Starborn Power Greande,1435,5,2026-07-23 23:37
2026-07-23,Realistic Helmet 1st Vision2.0,1371,28,2026-07-23 23:37
2026-07-23,CASSILIA’S SOUL,2015,52,2026-07-23 23:37
2026-07-23,Realistic Helmet 1st Vision2.0b,903,9,2026-07-23 23:37
2026-07-23,TGGs Weird Toilets,614,1,2026-07-23 23:37
2026-07-23,TGGs Monster Hunter Bone Great Sword,690,12,2026-07-23 23:37
2026-07-23,TGGs More MapMarkers,484,8,2026-07-23 23:37
2026-07-23,CASSILIAs SOUL(CHINESE),293,15,2026-07-23 23:37
2026-07-23,THE TERMINUS (CHINESE),375,12,2026-07-23 23:37
2026-07-23,realistic helmet 1st person vision,102,0,2026-07-23 23:37
2026-07-23,Starborn Portal,70,0,2026-07-23 23:37
2026-07-23,TGGs weapon-Nova Cleaver,37,0,2026-07-23 23:37
2026-07-23,TGGs Madbean,9,0,2026-07-23 23:37
2026-07-23,CASSILIAs POWER FIST,2456,99,2026-07-23 23:37
2026-07-23,CPF-VANGUARD POWER FIST MK2,960,17,2026-07-23 23:37
2026-07-23,CPF-STARBORN POWER FIST UNITY,1250,29,2026-07-23 23:37
2026-07-23,CPF-STARBORN POWER FIST OMEGA,978,19,2026-07-23 23:37
2026-07-23,CPF-CRIMSON FLEET POWER FIST HELLHOUND,777,19,2026-07-23 23:37
2026-07-23,Cassilia’s trainning dummy,144,3,2026-07-23 23:37
2026-07-23,CPF-RYUJIN DEATH CLAW,494,30,2026-07-23 23:37
2026-07-23,CASSILIA's MANTIS UNDERSUIT,314,81,2026-07-23 23:37
2026-07-23,CPF-MANTIS BLADE,20,20,2026-07-23 23:37
2026-07-24,TownGGs Clothes-Pirate Outfit,4730,44,2026-07-24 23:07
2026-07-24,Watchtower-Chinese-Translation汉化补丁,4242,8,2026-07-24 23:07
2026-07-24,realistic helmet 1st person vision-DLC2 patch,1981,14,2026-07-24 23:07
2026-07-24,TownGGs Clothes-White Dress,2051,11,2026-07-24 23:07
2026-07-24,TGG Cloth-DVA bodysuit,3362,71,2026-07-24 23:07
2026-07-24,McClarence Outfitter Chinese Translation汉化补丁,1548,2,2026-07-24 23:07
2026-07-24,TGGs weapon-Voids Gaze,1386,12,2026-07-24 23:07
2026-07-24,Realistic Helmet 1st Vision2 0,1391,21,2026-07-24 23:07
2026-07-24,CASSILIA S SOUL,2055,41,2026-07-24 23:07
2026-07-24,Realistic Helmet 1st Vision2 0b,913,10,2026-07-24 23:07
2026-07-24,TGGs weapon Nova Cleaver,37,0,2026-07-24 23:07
2026-07-24,CASSILIA 's POWER FIST,2549,93,2026-07-24 23:07
2026-07-24,CPF VANGUARD POWER FIST MK2,980,20,2026-07-24 23:07
2026-07-24,CPF STARBORN POWER FIST UNITY,1273,23,2026-07-24 23:07
2026-07-24,CPF STARBORN POWER FIST OMEGA,997,19,2026-07-24 23:07
2026-07-24,CPF CRIMSON FLEET POWER FIST HELLHOUND,796,19,2026-07-24 23:07
2026-07-24,Cassilia s trainning dummy,150,9,2026-07-24 23:07
2026-07-24,CPF RYUJIN DEATH CLAW,516,22,2026-07-24 23:07
2026-07-24,CASSILIA 's MANTIS UNDERSUIT,385,72,2026-07-24 23:07
2026-07-24,CPF MANTIS BLADE,83,63,2026-07-24 23:07
2026-07-24,TGGs Black Lingeria,6341,59,2026-07-24 23:37
2026-07-24,TownGGs Clothes Pirate Outfit,4730,44,2026-07-24 23:37
2026-07-24,Cassilias Old Constellation Uniform,12357,353,2026-07-24 23:37
2026-07-24,TGGs LaceBra,3544,27,2026-07-24 23:37
2026-07-24,Crimson Fleet Combat Robot Greande,4003,6,2026-07-24 23:37
2026-07-24,Watchtower Chinese Translation,4242,8,2026-07-24 23:37
2026-07-24,A Special Crew,3165,24,2026-07-24 23:37
2026-07-24,TGGs Swimsuit 02,2430,18,2026-07-24 23:37
2026-07-24,You can sit on toilets,3041,15,2026-07-24 23:37
2026-07-24,Nebula Protocol Suit,2594,23,2026-07-24 23:37
2026-07-24,realistic helmet 1st person vision DLC2 patch,1983,15,2026-07-24 23:37
2026-07-24,TownGGs Clothes Fashion Skirt,1811,11,2026-07-24 23:37
2026-07-24,THE TERMINUS,3323,62,2026-07-24 23:37
2026-07-24,TownGGs Clothes White Dress,2053,13,2026-07-24 23:37
2026-07-24,TGG Cloth DVA bodysuit,3363,71,2026-07-24 23:37
2026-07-24,TGGs More Toilets,2305,4,2026-07-24 23:37
2026-07-24,TGGs Swimsuit 01,1549,10,2026-07-24 23:37
2026-07-24,McClarence Outfitter Chinese Translation,1549,3,2026-07-24 23:37
2026-07-24,TGGs weapon Voids Gaze,1386,12,2026-07-24 23:37
2026-07-24,TownGGs Outpost Storage Expansion,1091,6,2026-07-24 23:37
2026-07-24,YOU NEED POOP,1451,8,2026-07-24 23:37
2026-07-24,Starborn Power Greande,1443,8,2026-07-24 23:37
2026-07-24,Realistic Helmet 1st Vision2.0,1391,20,2026-07-24 23:37
2026-07-24,CASSILIA’S SOUL,2058,43,2026-07-24 23:37
2026-07-24,Realistic Helmet 1st Vision2.0b,914,11,2026-07-24 23:37
2026-07-24,TGGs Weird Toilets,616,2,2026-07-24 23:37
2026-07-24,TGGs Monster Hunter Bone Great Sword,701,11,2026-07-24 23:37
2026-07-24,TGGs More MapMarkers,491,7,2026-07-24 23:37
2026-07-24,CASSILIAs SOUL(CHINESE),301,8,2026-07-24 23:37
2026-07-24,THE TERMINUS (CHINESE),381,6,2026-07-24 23:37
2026-07-24,realistic helmet 1st person vision,102,0,2026-07-24 23:37
2026-07-24,Starborn Portal,70,0,2026-07-24 23:37
2026-07-24,TGGs weapon-Nova Cleaver,37,0,2026-07-24 23:37
2026-07-24,TGGs Madbean,10,1,2026-07-24 23:37
2026-07-24,CASSILIAs POWER FIST,2552,96,2026-07-24 23:37
2026-07-24,CPF-VANGUARD POWER FIST MK2,980,20,2026-07-24 23:37
2026-07-24,CPF-STARBORN POWER FIST UNITY,1274,24,2026-07-24 23:37
2026-07-24,CPF-STARBORN POWER FIST OMEGA,1000,22,2026-07-24 23:37
2026-07-24,CPF-CRIMSON FLEET POWER FIST HELLHOUND,796,19,2026-07-24 23:37
2026-07-24,Cassilia’s trainning dummy,150,7,2026-07-24 23:37
2026-07-24,CPF-RYUJIN DEATH CLAW,517,23,2026-07-24 23:37
2026-07-24,CASSILIA's MANTIS UNDERSUIT,388,74,2026-07-24 23:37
2026-07-24,CPF-MANTIS BLADE,87,67,2026-07-24 23:37
2026-07-25,TownGGs Clothes-Pirate Outfit,4780,50,2026-07-25 23:07
2026-07-25,Watchtower-Chinese-Translation汉化补丁,4250,8,2026-07-25 23:07
2026-07-25,realistic helmet 1st person vision-DLC2 patch,1997,16,2026-07-25 23:07
2026-07-25,TownGGs Clothes-White Dress,2066,15,2026-07-25 23:07
2026-07-25,TGG Cloth-DVA bodysuit,3456,94,2026-07-25 23:07
2026-07-25,McClarence Outfitter Chinese Translation汉化补丁,1553,5,2026-07-25 23:07
2026-07-25,TGGs weapon-Voids Gaze,1400,14,2026-07-25 23:07
2026-07-25,Realistic Helmet 1st Vision2 0,1405,14,2026-07-25 23:07
2026-07-25,CASSILIA S SOUL,2094,39,2026-07-25 23:07
2026-07-25,Realistic Helmet 1st Vision2 0b,921,8,2026-07-25 23:07
2026-07-25,TGGs weapon Nova Cleaver,37,0,2026-07-25 23:07
2026-07-25,CASSILIA 's POWER FIST,2663,114,2026-07-25 23:07
2026-07-25,CPF VANGUARD POWER FIST MK2,1006,26,2026-07-25 23:07
2026-07-25,CPF STARBORN POWER FIST UNITY,1321,48,2026-07-25 23:07
2026-07-25,CPF STARBORN POWER FIST OMEGA,1038,41,2026-07-25 23:07
2026-07-25,CPF CRIMSON FLEET POWER FIST HELLHOUND,819,23,2026-07-25 23:07
2026-07-25,Cassilia s trainning dummy,156,6,2026-07-25 23:07
2026-07-25,CPF RYUJIN DEATH CLAW,545,29,2026-07-25 23:07
2026-07-25,CASSILIA 's MANTIS UNDERSUIT,496,111,2026-07-25 23:07
2026-07-25,CPF MANTIS BLADE,135,52,2026-07-25 23:07
2026-07-25,TGGs Black Lingeria,6408,67,2026-07-25 23:37
2026-07-25,TownGGs Clothes Pirate Outfit,4781,51,2026-07-25 23:37
2026-07-25,Cassilias Old Constellation Uniform,12735,378,2026-07-25 23:37
2026-07-25,TGGs LaceBra,3578,34,2026-07-25 23:37
2026-07-25,Crimson Fleet Combat Robot Greande,4011,8,2026-07-25 23:37
2026-07-25,Watchtower Chinese Translation,4250,8,2026-07-25 23:37
2026-07-25,A Special Crew,3186,21,2026-07-25 23:37
2026-07-25,TGGs Swimsuit 02,2462,32,2026-07-25 23:37
2026-07-25,You can sit on toilets,3054,13,2026-07-25 23:37
2026-07-25,Nebula Protocol Suit,2628,34,2026-07-25 23:37
2026-07-25,realistic helmet 1st person vision DLC2 patch,1997,14,2026-07-25 23:37
2026-07-25,TownGGs Clothes Fashion Skirt,1830,19,2026-07-25 23:37
2026-07-25,THE TERMINUS,3374,51,2026-07-25 23:37
2026-07-25,TownGGs Clothes White Dress,2066,13,2026-07-25 23:37
2026-07-25,TGG Cloth DVA bodysuit,3456,93,2026-07-25 23:37
2026-07-25,TGGs More Toilets,2317,12,2026-07-25 23:37
2026-07-25,TGGs Swimsuit 01,1562,13,2026-07-25 23:37
2026-07-25,McClarence Outfitter Chinese Translation,1553,4,2026-07-25 23:37
2026-07-25,TGGs weapon Voids Gaze,1400,14,2026-07-25 23:37
2026-07-25,TownGGs Outpost Storage Expansion,1102,11,2026-07-25 23:37
2026-07-25,YOU NEED POOP,1461,10,2026-07-25 23:37
2026-07-25,Starborn Power Greande,1453,10,2026-07-25 23:37
2026-07-25,Realistic Helmet 1st Vision2.0,1405,14,2026-07-25 23:37
2026-07-25,CASSILIA’S SOUL,2094,36,2026-07-25 23:37
2026-07-25,Realistic Helmet 1st Vision2.0b,921,7,2026-07-25 23:37
2026-07-25,TGGs Weird Toilets,620,4,2026-07-25 23:37
2026-07-25,TGGs Monster Hunter Bone Great Sword,719,18,2026-07-25 23:37
2026-07-25,TGGs More MapMarkers,500,9,2026-07-25 23:37
2026-07-25,CASSILIAs SOUL(CHINESE),311,10,2026-07-25 23:37
2026-07-25,THE TERMINUS (CHINESE),387,6,2026-07-25 23:37
2026-07-25,realistic helmet 1st person vision,102,0,2026-07-25 23:37
2026-07-25,Starborn Portal,71,1,2026-07-25 23:37
2026-07-25,TGGs weapon-Nova Cleaver,37,0,2026-07-25 23:37
2026-07-25,TGGs Madbean,10,0,2026-07-25 23:37
2026-07-25,CASSILIAs POWER FIST,2663,111,2026-07-25 23:37
2026-07-25,CPF-VANGUARD POWER FIST MK2,1007,27,2026-07-25 23:37
2026-07-25,CPF-STARBORN POWER FIST UNITY,1321,47,2026-07-25 23:37
2026-07-25,CPF-STARBORN POWER FIST OMEGA,1038,38,2026-07-25 23:37
2026-07-25,CPF-CRIMSON FLEET POWER FIST HELLHOUND,820,24,2026-07-25 23:37
2026-07-25,Cassilia’s trainning dummy,156,10,2026-07-25 23:37
2026-07-25,CPF-RYUJIN DEATH CLAW,547,30,2026-07-25 23:37
2026-07-25,CASSILIA's MANTIS UNDERSUIT,496,108,2026-07-25 23:37
2026-07-25,CPF-MANTIS BLADE,135,48,2026-07-25 23:37
2026-07-26,TownGGs Clothes-Pirate Outfit,4839,59,2026-07-26 23:07
2026-07-26,Watchtower-Chinese-Translation汉化补丁,4264,14,2026-07-26 23:07
2026-07-26,realistic helmet 1st person vision-DLC2 patch,2018,21,2026-07-26 23:07
2026-07-26,TownGGs Clothes White Dress,2088,22,2026-07-26 23:07
2026-07-26,TGG Cloth DVA bodysuit,3546,90,2026-07-26 23:07
2026-07-26,McClarence Outfitter Chinese Translation,1559,6,2026-07-26 23:07
2026-07-26,TGGs weapon Voids Gaze,1414,14,2026-07-26 23:07
2026-07-26,Realistic Helmet 1st Vision2.0,1424,19,2026-07-26 23:07
2026-07-26,CASSILIA’S SOUL,2139,45,2026-07-26 23:07
2026-07-26,Realistic Helmet 1st Vision2.0b,944,23,2026-07-26 23:07
2026-07-26,TGGs weapon-Nova Cleaver,37,0,2026-07-26 23:07
2026-07-26,CASSILIAs POWER FIST,2767,104,2026-07-26 23:07
2026-07-26,CPF-VANGUARD POWER FIST MK2,1025,18,2026-07-26 23:07
2026-07-26,CPF-STARBORN POWER FIST UNITY,1352,31,2026-07-26 23:07
2026-07-26,CPF-STARBORN POWER FIST OMEGA,1068,30,2026-07-26 23:07
2026-07-26,CPF-CRIMSON FLEET POWER FIST HELLHOUND,835,15,2026-07-26 23:07
2026-07-26,Cassilia’s trainning dummy,164,8,2026-07-26 23:07
2026-07-26,CPF-RYUJIN DEATH CLAW,565,18,2026-07-26 23:07
2026-07-26,CASSILIA's MANTIS UNDERSUIT,601,105,2026-07-26 23:07
2026-07-26,CPF-MANTIS BLADE,181,46,2026-07-26 23:07
2026-07-26,Cassilia's Casual Outfit & Glasses,13,10,2026-07-26 23:07
2026-07-26,TGGs Black Lingeria,6479,71,2026-07-26 23:36
2026-07-26,TownGGs Clothes Pirate Outfit,4839,58,2026-07-26 23:36
2026-07-26,Cassilias Old Constellation Uniform,13097,362,2026-07-26 23:36
2026-07-26,TGGs LaceBra,3612,34,2026-07-26 23:36
2026-07-26,Crimson Fleet Combat Robot Greande,4023,12,2026-07-26 23:36
2026-07-26,Watchtower Chinese Translation,4264,14,2026-07-26 23:36
2026-07-26,A Special Crew,3215,29,2026-07-26 23:36
2026-07-26,TGGs Swimsuit 02,2492,30,2026-07-26 23:36
2026-07-26,You can sit on toilets,3075,21,2026-07-26 23:36
2026-07-26,Nebula Protocol Suit,2675,47,2026-07-26 23:36
2026-07-26,realistic helmet 1st person vision DLC2 patch,2019,22,2026-07-26 23:36
2026-07-26,TownGGs Clothes Fashion Skirt,1848,18,2026-07-26 23:36
2026-07-26,THE TERMINUS,3431,57,2026-07-26 23:36
2026-07-26,TownGGs Clothes-White Dress,2089,23,2026-07-26 23:36
2026-07-26,TGG Cloth-DVA bodysuit,3546,90,2026-07-26 23:36
2026-07-26,TGGs More Toilets,2326,9,2026-07-26 23:36
2026-07-26,TGGs Swimsuit 01,1578,16,2026-07-26 23:36
2026-07-26,McClarence Outfitter Chinese Translation汉化补丁,1559,6,2026-07-26 23:36
2026-07-26,TGGs weapon-Voids Gaze,1414,14,2026-07-26 23:36
2026-07-26,TownGGs Outpost Storage Expansion,1119,17,2026-07-26 23:36
2026-07-26,YOU NEED POOP,1469,8,2026-07-26 23:36
2026-07-26,Starborn Power Greande,1465,12,2026-07-26 23:36
2026-07-26,Realistic Helmet 1st Vision2 0,1426,21,2026-07-26 23:36
2026-07-26,CASSILIA S SOUL,2139,45,2026-07-26 23:36
2026-07-26,Realistic Helmet 1st Vision2 0b,944,23,2026-07-26 23:36
2026-07-26,TGGs Weird Toilets,623,3,2026-07-26 23:36
2026-07-26,TGGs Monster Hunter Bone Great Sword,736,17,2026-07-26 23:36
2026-07-26,TGGs More MapMarkers,508,8,2026-07-26 23:36
2026-07-26,CASSILIAs SOUL(CHINESE),324,13,2026-07-26 23:36
2026-07-26,THE TERMINUS (CHINESE),394,7,2026-07-26 23:36
2026-07-26,realistic helmet 1st person vision,102,0,2026-07-26 23:36
2026-07-26,Starborn Portal,71,0,2026-07-26 23:36
2026-07-26,TGGs weapon Nova Cleaver,37,0,2026-07-26 23:36
2026-07-26,TGGs Madbean,10,0,2026-07-26 23:36
2026-07-26,CASSILIA 's POWER FIST,2767,104,2026-07-26 23:36
2026-07-26,CPF VANGUARD POWER FIST MK2,1025,19,2026-07-26 23:36
2026-07-26,CPF STARBORN POWER FIST UNITY,1352,31,2026-07-26 23:36
2026-07-26,CPF STARBORN POWER FIST OMEGA,1068,30,2026-07-26 23:36
2026-07-26,CPF CRIMSON FLEET POWER FIST HELLHOUND,835,16,2026-07-26 23:36
2026-07-26,Cassilia s trainning dummy,164,8,2026-07-26 23:36
2026-07-26,CPF RYUJIN DEATH CLAW,565,20,2026-07-26 23:36
2026-07-26,CASSILIA 's MANTIS UNDERSUIT,604,108,2026-07-26 23:36
2026-07-26,CPF MANTIS BLADE,182,47,2026-07-26 23:36
2026-07-26,Cassilia 's Casual Outfit amp Glasses,14,7,2026-07-26 23:36
2026-07-27,CPF UC Vanguard Power Fist MK2,6,0,2026-07-27 21:28
2026-07-27,CASSILIAs Trainning Dummy,4,0,2026-07-27 21:28
2026-07-27,TownGGs Clothes Pirate Outfit,4878,39,2026-07-27 23:07
2026-07-27,Watchtower Chinese Translation,4276,12,2026-07-27 23:07
2026-07-27,realistic helmet 1st person vision DLC2 patch,2028,9,2026-07-27 23:07
2026-07-27,TownGGs Clothes White Dress,2106,18,2026-07-27 23:07
2026-07-27,TGG Cloth DVA bodysuit,3634,88,2026-07-27 23:07
2026-07-27,McClarence Outfitter Chinese Translation,1565,6,2026-07-27 23:07
2026-07-27,TGGs weapon Voids Gaze,1425,11,2026-07-27 23:07
2026-07-27,Realistic Helmet 1st Vision2 0,1447,21,2026-07-27 23:07
2026-07-27,CASSILIA S SOUL,2173,34,2026-07-27 23:07
2026-07-27,Realistic Helmet 1st Vision2 0b,962,18,2026-07-27 23:07
2026-07-27,TGGs weapon Nova Cleaver,38,1,2026-07-27 23:07
2026-07-27,CASSILIA 's POWER FIST,2850,83,2026-07-27 23:07
2026-07-27,CPF VANGUARD POWER FIST MK2,1047,22,2026-07-27 23:07
2026-07-27,CPF STARBORN POWER FIST UNITY,1385,33,2026-07-27 23:07
2026-07-27,CPF STARBORN POWER FIST OMEGA,1098,30,2026-07-27 23:07
2026-07-27,CPF CRIMSON FLEET POWER FIST HELLHOUND,853,18,2026-07-27 23:07
2026-07-27,Cassilia s trainning dummy,180,23,2026-07-27 23:07
2026-07-27,CPF RYUJIN DEATH CLAW,587,22,2026-07-27 23:07
2026-07-27,CASSILIA 's MANTIS UNDERSUIT,674,70,2026-07-27 23:07
2026-07-27,CPF MANTIS BLADE,219,37,2026-07-27 23:07
2026-07-27,Cassilia 's Casual Outfit amp Glasses,79,65,2026-07-27 23:07
2026-07-27,TGGs Black Lingeria,6544,65,2026-07-27 23:37
2026-07-27,TownGGs Clothes-Pirate Outfit,4879,40,2026-07-27 23:37
2026-07-27,Cassilias Old Constellation Uniform,13407,310,2026-07-27 23:37
2026-07-27,TGGs LaceBra,3650,38,2026-07-27 23:37
2026-07-27,Crimson Fleet Combat Robot Greande,4029,6,2026-07-27 23:37
2026-07-27,Watchtower-Chinese-Translation汉化补丁,4276,12,2026-07-27 23:37
2026-07-27,A Special Crew,3240,25,2026-07-27 23:37
2026-07-27,TGGs Swimsuit 02,2511,19,2026-07-27 23:37
2026-07-27,You can sit on toilets,3086,11,2026-07-27 23:37
2026-07-27,Nebula Protocol Suit,2703,28,2026-07-27 23:37
2026-07-27,realistic helmet 1st person vision-DLC2 patch,2028,10,2026-07-27 23:37
2026-07-27,TownGGs Clothes Fashion Skirt,1861,13,2026-07-27 23:37
2026-07-27,THE TERMINUS,3476,45,2026-07-27 23:37
2026-07-27,TownGGs Clothes-White Dress,2106,17,2026-07-27 23:37
2026-07-27,TGG Cloth-DVA bodysuit,3634,88,2026-07-27 23:37
2026-07-27,TGGs More Toilets,2329,3,2026-07-27 23:37
2026-07-27,TGGs Swimsuit 01,1592,14,2026-07-27 23:37
2026-07-27,McClarence Outfitter Chinese Translation汉化补丁,1565,6,2026-07-27 23:37
2026-07-27,TGGs weapon-Voids Gaze,1425,11,2026-07-27 23:37
2026-07-27,TownGGs Outpost Storage Expansion,1129,10,2026-07-27 23:37
2026-07-27,YOU NEED POOP,1470,1,2026-07-27 23:37
2026-07-27,Starborn Power Greande,1477,12,2026-07-27 23:37
2026-07-27,Realistic Helmet 1st Vision2.0,1447,23,2026-07-27 23:37
2026-07-27,CASSILIA’S SOUL,2173,34,2026-07-27 23:37
2026-07-27,Realistic Helmet 1st Vision2.0b,962,18,2026-07-27 23:37
2026-07-27,TGGs Weird Toilets,624,1,2026-07-27 23:37
2026-07-27,TGGs Monster Hunter Bone Great Sword,746,10,2026-07-27 23:37
2026-07-27,TGGs More MapMarkers,523,15,2026-07-27 23:37
2026-07-27,CASSILIAs SOUL(CHINESE),329,5,2026-07-27 23:37
2026-07-27,THE TERMINUS (CHINESE),402,8,2026-07-27 23:37
2026-07-27,realistic helmet 1st person vision,102,0,2026-07-27 23:37
2026-07-27,Starborn Portal,71,0,2026-07-27 23:37
2026-07-27,TGGs weapon-Nova Cleaver,38,1,2026-07-27 23:37
2026-07-27,TGGs Madbean,10,0,2026-07-27 23:37
2026-07-27,CASSILIAs POWER FIST,2850,83,2026-07-27 23:37
2026-07-27,CPF-VANGUARD POWER FIST MK2,1047,22,2026-07-27 23:37
2026-07-27,CPF-STARBORN POWER FIST UNITY,1385,33,2026-07-27 23:37
2026-07-27,CPF-STARBORN POWER FIST OMEGA,1098,30,2026-07-27 23:37
2026-07-27,CPF-CRIMSON FLEET POWER FIST HELLHOUND,853,18,2026-07-27 23:37
2026-07-27,Cassilia’s trainning dummy,180,22,2026-07-27 23:37
2026-07-27,CPF-RYUJIN DEATH CLAW,587,22,2026-07-27 23:37
2026-07-27,CASSILIA's MANTIS UNDERSUIT,675,74,2026-07-27 23:37
2026-07-27,CPF-MANTIS BLADE,219,38,2026-07-27 23:37
2026-07-27,Cassilia's Casual Outfit & Glasses,80,67,2026-07-27 23:37
2026-07-28,TownGGs Clothes-Pirate Outfit,4913,34,2026-07-28 23:07
2026-07-28,Watchtower-Chinese-Translation汉化补丁,4281,5,2026-07-28 23:07
2026-07-28,realistic helmet 1st person vision-DLC2 patch,2043,15,2026-07-28 23:07
2026-07-28,TownGGs Clothes-White Dress,2117,11,2026-07-28 23:07
2026-07-28,TGG Cloth-DVA bodysuit,3713,79,2026-07-28 23:07
2026-07-28,McClarence Outfitter Chinese Translation汉化补丁,1569,4,2026-07-28 23:07
2026-07-28,TGGs weapon-Voids Gaze,1436,11,2026-07-28 23:07
2026-07-28,Realistic Helmet 1st Vision2.0,1468,21,2026-07-28 23:07
2026-07-28,CASSILIA’S SOUL,2196,23,2026-07-28 23:07
2026-07-28,Realistic Helmet 1st Vision2.0b,982,20,2026-07-28 23:07
2026-07-28,TGGs weapon-Nova Cleaver,38,0,2026-07-28 23:07
2026-07-28,CASSILIAs POWER FIST,2933,83,2026-07-28 23:07
2026-07-28,CPF-VANGUARD POWER FIST MK2,1066,19,2026-07-28 23:07
2026-07-28,CPF-STARBORN POWER FIST UNITY,1412,27,2026-07-28 23:07
2026-07-28,CPF-STARBORN POWER FIST OMEGA,1126,28,2026-07-28 23:07
2026-07-28,CPF-CRIMSON FLEET POWER FIST HELLHOUND,870,17,2026-07-28 23:07
2026-07-28,Cassilia’s trainning dummy,189,10,2026-07-28 23:07
2026-07-28,CPF-RYUJIN DEATH CLAW,601,14,2026-07-28 23:07
2026-07-28,CASSILIA's MANTIS UNDERSUIT,746,71,2026-07-28 23:07
2026-07-28,CPF-MANTIS BLADE,258,39,2026-07-28 23:07
2026-07-28,Cassilia's Casual Outfit & Glasses,177,97,2026-07-28 23:07
2026-07-28,TGGs Black Lingeria,6603,59,2026-07-28 23:37
2026-07-28,TownGGs Clothes Pirate Outfit,4915,37,2026-07-28 23:37
2026-07-28,Cassilias Old Constellation Uniform,13675,268,2026-07-28 23:37
2026-07-28,TGGs LaceBra,3675,25,2026-07-28 23:37
2026-07-28,Crimson Fleet Combat Robot Greande,4037,8,2026-07-28 23:37
2026-07-28,Watchtower Chinese Translation,4281,5,2026-07-28 23:37
2026-07-28,A Special Crew,3264,24,2026-07-28 23:37
2026-07-28,TGGs Swimsuit 02,2527,16,2026-07-28 23:37
2026-07-28,You can sit on toilets,3098,12,2026-07-28 23:37
2026-07-28,Nebula Protocol Suit,2735,32,2026-07-28 23:37
2026-07-28,realistic helmet 1st person vision DLC2 patch,2043,15,2026-07-28 23:37
2026-07-28,TownGGs Clothes Fashion Skirt,1866,5,2026-07-28 23:37
2026-07-28,THE TERMINUS,3512,36,2026-07-28 23:37
2026-07-28,TownGGs Clothes White Dress,2117,11,2026-07-28 23:37
2026-07-28,TGG Cloth DVA bodysuit,3715,81,2026-07-28 23:37
2026-07-28,TGGs More Toilets,2335,6,2026-07-28 23:37
2026-07-28,TGGs Swimsuit 01,1604,12,2026-07-28 23:37
2026-07-28,McClarence Outfitter Chinese Translation,1569,4,2026-07-28 23:37
2026-07-28,TGGs weapon Voids Gaze,1436,11,2026-07-28 23:37
2026-07-28,TownGGs Outpost Storage Expansion,1139,10,2026-07-28 23:37
2026-07-28,YOU NEED POOP,1473,3,2026-07-28 23:37
2026-07-28,Starborn Power Greande,1485,8,2026-07-28 23:37
2026-07-28,Realistic Helmet 1st Vision2 0,1470,23,2026-07-28 23:37
2026-07-28,CASSILIA S SOUL,2197,24,2026-07-28 23:37
2026-07-28,Realistic Helmet 1st Vision2 0b,982,20,2026-07-28 23:37
2026-07-28,TGGs Weird Toilets,626,2,2026-07-28 23:37
2026-07-28,TGGs Monster Hunter Bone Great Sword,759,13,2026-07-28 23:37
2026-07-28,TGGs More MapMarkers,527,4,2026-07-28 23:37
2026-07-28,CASSILIAs SOUL(CHINESE),340,11,2026-07-28 23:37
2026-07-28,THE TERMINUS (CHINESE),414,12,2026-07-28 23:37
2026-07-28,realistic helmet 1st person vision,102,0,2026-07-28 23:37
2026-07-28,Starborn Portal,71,0,2026-07-28 23:37
2026-07-28,TGGs weapon Nova Cleaver,38,0,2026-07-28 23:37
2026-07-28,TGGs Madbean,10,0,2026-07-28 23:37
2026-07-28,CASSILIA 's POWER FIST,2933,83,2026-07-28 23:37
2026-07-28,CPF VANGUARD POWER FIST MK2,1066,19,2026-07-28 23:37
2026-07-28,CPF STARBORN POWER FIST UNITY,1412,27,2026-07-28 23:37
2026-07-28,CPF STARBORN POWER FIST OMEGA,1126,28,2026-07-28 23:37
2026-07-28,CPF CRIMSON FLEET POWER FIST HELLHOUND,870,17,2026-07-28 23:37
2026-07-28,Cassilia s trainning dummy,189,12,2026-07-28 23:37
2026-07-28,CPF RYUJIN DEATH CLAW,601,14,2026-07-28 23:37
2026-07-28,CASSILIA 's MANTIS UNDERSUIT,746,72,2026-07-28 23:37
2026-07-28,CPF MANTIS BLADE,258,39,2026-07-28 23:37
2026-07-28,Cassilia 's Casual Outfit amp Glasses,183,104,2026-07-28 23:37
2026-07-29,TownGGs Clothes Pirate Outfit,4945,30,2026-07-29 23:07
2026-07-29,Watchtower Chinese Translation,4290,9,2026-07-29 23:07
2026-07-29,realistic helmet 1st person vision DLC2 patch,2055,12,2026-07-29 23:07
2026-07-29,TownGGs Clothes White Dress,2127,10,2026-07-29 23:07
2026-07-29,TGG Cloth DVA bodysuit,3780,65,2026-07-29 23:07
2026-07-29,McClarence Outfitter Chinese Translation,1573,4,2026-07-29 23:07
2026-07-29,TGGs weapon Voids Gaze,1447,11,2026-07-29 23:07
2026-07-29,Realistic Helmet 1st Vision2 0,1482,12,2026-07-29 23:07
2026-07-29,CASSILIA S SOUL,2221,24,2026-07-29 23:07
2026-07-29,Realistic Helmet 1st Vision2 0b,992,10,2026-07-29 23:07
2026-07-29,TGGs weapon Nova Cleaver,38,0,2026-07-29 23:07
2026-07-29,CASSILIA 's POWER FIST,3002,69,2026-07-29 23:07
2026-07-29,CPF VANGUARD POWER FIST MK2,1078,12,2026-07-29 23:07
2026-07-29,CPF STARBORN POWER FIST UNITY,1427,15,2026-07-29 23:07
2026-07-29,CPF STARBORN POWER FIST OMEGA,1145,19,2026-07-29 23:07
2026-07-29,CPF CRIMSON FLEET POWER FIST HELLHOUND,881,11,2026-07-29 23:07
2026-07-29,Cassilia s trainning dummy,193,6,2026-07-29 23:07
2026-07-29,CPF RYUJIN DEATH CLAW,614,13,2026-07-29 23:07
2026-07-29,CASSILIA 's MANTIS UNDERSUIT,810,64,2026-07-29 23:07
2026-07-29,CPF MANTIS BLADE,280,22,2026-07-29 23:07
2026-07-29,Cassilia 's Casual Outfit amp Glasses,238,55,2026-07-29 23:07
2026-07-29,TGGs Black Lingeria,6662,59,2026-07-29 23:36
2026-07-29,TownGGs Clothes-Pirate Outfit,4946,33,2026-07-29 23:36
2026-07-29,Cassilias Old Constellation Uniform,13921,246,2026-07-29 23:36
2026-07-29,TGGs LaceBra,3696,21,2026-07-29 23:36
2026-07-29,Crimson Fleet Combat Robot Greande,4049,12,2026-07-29 23:36
2026-07-29,Watchtower-Chinese-Translation汉化补丁,4291,10,2026-07-29 23:36
2026-07-29,A Special Crew,3284,20,2026-07-29 23:36
2026-07-29,TGGs Swimsuit 02,2543,16,2026-07-29 23:36
2026-07-29,You can sit on toilets,3107,9,2026-07-29 23:36
2026-07-29,Nebula Protocol Suit,2757,22,2026-07-29 23:36
2026-07-29,realistic helmet 1st person vision-DLC2 patch,2055,12,2026-07-29 23:36
2026-07-29,TownGGs Clothes Fashion Skirt,1870,4,2026-07-29 23:36
2026-07-29,THE TERMINUS,3548,36,2026-07-29 23:36
2026-07-29,TownGGs Clothes-White Dress,2127,10,2026-07-29 23:36
2026-07-29,TGG Cloth-DVA bodysuit,3782,69,2026-07-29 23:36
2026-07-29,TGGs More Toilets,2341,6,2026-07-29 23:36
2026-07-29,TGGs Swimsuit 01,1617,13,2026-07-29 23:36
2026-07-29,McClarence Outfitter Chinese Translation汉化补丁,1573,4,2026-07-29 23:36
2026-07-29,TGGs weapon-Voids Gaze,1447,11,2026-07-29 23:36
2026-07-29,TownGGs Outpost Storage Expansion,1146,7,2026-07-29 23:36
2026-07-29,YOU NEED POOP,1478,5,2026-07-29 23:36
2026-07-29,Starborn Power Greande,1496,11,2026-07-29 23:36
2026-07-29,Realistic Helmet 1st Vision2.0,1483,15,2026-07-29 23:36
2026-07-29,CASSILIA’S SOUL,2221,25,2026-07-29 23:36
2026-07-29,Realistic Helmet 1st Vision2.0b,993,11,2026-07-29 23:36
2026-07-29,TGGs Weird Toilets,626,0,2026-07-29 23:36
2026-07-29,TGGs Monster Hunter Bone Great Sword,768,9,2026-07-29 23:36
2026-07-29,TGGs More MapMarkers,538,11,2026-07-29 23:36
2026-07-29,CASSILIAs SOUL(CHINESE),345,5,2026-07-29 23:36
2026-07-29,THE TERMINUS (CHINESE),418,4,2026-07-29 23:36
2026-07-29,realistic helmet 1st person vision,102,0,2026-07-29 23:36
2026-07-29,Starborn Portal,71,0,2026-07-29 23:36
2026-07-29,TGGs weapon-Nova Cleaver,38,0,2026-07-29 23:36
2026-07-29,TGGs Madbean,10,0,2026-07-29 23:36
2026-07-29,CASSILIAs POWER FIST,3002,69,2026-07-29 23:36
2026-07-29,CPF-VANGUARD POWER FIST MK2,1078,12,2026-07-29 23:36
2026-07-29,CPF-STARBORN POWER FIST UNITY,1427,15,2026-07-29 23:36
2026-07-29,CPF-STARBORN POWER FIST OMEGA,1145,19,2026-07-29 23:36
2026-07-29,CPF-CRIMSON FLEET POWER FIST HELLHOUND,881,11,2026-07-29 23:36
2026-07-29,Cassilia’s trainning dummy,194,7,2026-07-29 23:36
2026-07-29,CPF-RYUJIN DEATH CLAW,614,13,2026-07-29 23:36
2026-07-29,CASSILIA's MANTIS UNDERSUIT,810,64,2026-07-29 23:36
2026-07-29,CPF-MANTIS BLADE,280,22,2026-07-29 23:36
2026-07-29,Cassilia's Casual Outfit & Glasses,239,62,2026-07-29 23:36
2026-07-30,TownGGs Clothes Pirate Outfit,4971,26,2026-07-30 23:21
2026-07-30,Watchtower Chinese Translation,4292,2,2026-07-30 23:21
2026-07-30,realistic helmet 1st person vision DLC2 patch,2065,10,2026-07-30 23:21
2026-07-30,TownGGs Clothes White Dress,2144,17,2026-07-30 23:21
2026-07-30,TGG Cloth DVA bodysuit,3834,54,2026-07-30 23:21
2026-07-30,McClarence Outfitter Chinese Translation,1574,1,2026-07-30 23:21
2026-07-30,TGGs weapon Voids Gaze,1459,12,2026-07-30 23:21
2026-07-30,Realistic Helmet 1st Vision2 0,1495,13,2026-07-30 23:21
2026-07-30,CASSILIA S SOUL,2253,32,2026-07-30 23:21
2026-07-30,Realistic Helmet 1st Vision2 0b,1011,19,2026-07-30 23:21
2026-07-30,TGGs weapon Nova Cleaver,38,0,2026-07-30 23:21
2026-07-30,CASSILIA 's POWER FIST,3057,55,2026-07-30 23:21
2026-07-30,CPF VANGUARD POWER FIST MK2,1088,10,2026-07-30 23:21
2026-07-30,CPF STARBORN POWER FIST UNITY,1441,14,2026-07-30 23:21
2026-07-30,CPF STARBORN POWER FIST OMEGA,1161,16,2026-07-30 23:21
2026-07-30,CPF CRIMSON FLEET POWER FIST HELLHOUND,893,12,2026-07-30 23:21
2026-07-30,Cassilia s trainning dummy,201,8,2026-07-30 23:21
2026-07-30,CPF RYUJIN DEATH CLAW,625,11,2026-07-30 23:21
2026-07-30,CASSILIA 's MANTIS UNDERSUIT,856,46,2026-07-30 23:21
2026-07-30,CPF MANTIS BLADE,306,26,2026-07-30 23:21
2026-07-30,Cassilia 's Casual Outfit amp Glasses,281,43,2026-07-30 23:21
2026-07-30,TGGs Black Lingeria,6712,50,2026-07-30 23:52
2026-07-30,TownGGs Clothes-Pirate Outfit,4971,25,2026-07-30 23:52
2026-07-30,Cassilias Old Constellation Uniform,14071,150,2026-07-30 23:52
2026-07-30,TGGs LaceBra,3719,23,2026-07-30 23:52
2026-07-30,Crimson Fleet Combat Robot Greande,4063,14,2026-07-30 23:52
2026-07-30,Watchtower-Chinese-Translation汉化补丁,4292,1,2026-07-30 23:52
2026-07-30,A Special Crew,3307,23,2026-07-30 23:52
2026-07-30,TGGs Swimsuit 02,2557,14,2026-07-30 23:52
2026-07-30,You can sit on toilets,3113,6,2026-07-30 23:52
2026-07-30,Nebula Protocol Suit,2774,17,2026-07-30 23:52
2026-07-30,realistic helmet 1st person vision-DLC2 patch,2065,10,2026-07-30 23:52
2026-07-30,TownGGs Clothes Fashion Skirt,1880,10,2026-07-30 23:52
2026-07-30,THE TERMINUS,3591,43,2026-07-30 23:52
2026-07-30,TownGGs Clothes-White Dress,2144,17,2026-07-30 23:52
2026-07-30,TGG Cloth-DVA bodysuit,3834,52,2026-07-30 23:52
2026-07-30,TGGs More Toilets,2344,3,2026-07-30 23:52
2026-07-30,TGGs Swimsuit 01,1631,14,2026-07-30 23:52
2026-07-30,McClarence Outfitter Chinese Translation汉化补丁,1574,1,2026-07-30 23:52
2026-07-30,TGGs weapon-Voids Gaze,1459,12,2026-07-30 23:52
2026-07-30,TownGGs Outpost Storage Expansion,1149,3,2026-07-30 23:52
2026-07-30,YOU NEED POOP,1480,2,2026-07-30 23:52
2026-07-30,Starborn Power Greande,1499,3,2026-07-30 23:52
2026-07-30,Realistic Helmet 1st Vision2.0,1495,12,2026-07-30 23:52
2026-07-30,CASSILIA’S SOUL,2253,32,2026-07-30 23:52
2026-07-30,Realistic Helmet 1st Vision2.0b,1011,18,2026-07-30 23:52
2026-07-30,TGGs Weird Toilets,628,2,2026-07-30 23:52
2026-07-30,TGGs Monster Hunter Bone Great Sword,774,6,2026-07-30 23:52
2026-07-30,TGGs More MapMarkers,543,5,2026-07-30 23:52
2026-07-30,CASSILIAs SOUL(CHINESE),345,0,2026-07-30 23:52
2026-07-30,THE TERMINUS (CHINESE),421,3,2026-07-30 23:52
2026-07-30,realistic helmet 1st person vision,102,0,2026-07-30 23:52
2026-07-30,Starborn Portal,71,0,2026-07-30 23:52
2026-07-30,TGGs weapon-Nova Cleaver,38,0,2026-07-30 23:52
2026-07-30,TGGs Madbean,10,0,2026-07-30 23:52
2026-07-30,CASSILIAs POWER FIST,3057,55,2026-07-30 23:52
2026-07-30,CPF-VANGUARD POWER FIST MK2,1088,10,2026-07-30 23:52
2026-07-30,CPF-STARBORN POWER FIST UNITY,1441,14,2026-07-30 23:52
2026-07-30,CPF-STARBORN POWER FIST OMEGA,1161,16,2026-07-30 23:52
2026-07-30,CPF-CRIMSON FLEET POWER FIST HELLHOUND,893,12,2026-07-30 23:52
2026-07-30,Cassilia’s trainning dummy,201,11,2026-07-30 23:52
2026-07-30,CPF-RYUJIN DEATH CLAW,625,11,2026-07-30 23:52
2026-07-30,CASSILIA's MANTIS UNDERSUIT,856,46,2026-07-30 23:52
2026-07-30,CPF-MANTIS BLADE,306,26,2026-07-30 23:52
2026-07-30,Cassilia's Casual Outfit & Glasses,281,42,2026-07-30 23:52
2026-07-31,TownGGs Clothes Pirate Outfit,4971,0,2026-07-31 23:21
2026-07-31,Watchtower Chinese Translation,4292,0,2026-07-31 23:21
2026-07-31,realistic helmet 1st person vision DLC2 patch,2065,0,2026-07-31 23:21
2026-07-31,TownGGs Clothes White Dress,2144,0,2026-07-31 23:21
2026-07-31,TGG Cloth DVA bodysuit,3834,0,2026-07-31 23:21
2026-07-31,McClarence Outfitter Chinese Translation,1574,0,2026-07-31 23:21
2026-07-31,TGGs weapon Voids Gaze,1459,0,2026-07-31 23:21
2026-07-31,Realistic Helmet 1st Vision2 0,1495,0,2026-07-31 23:21
2026-07-31,CASSILIA S SOUL,2253,0,2026-07-31 23:21
2026-07-31,Realistic Helmet 1st Vision2 0b,1011,0,2026-07-31 23:21
2026-07-31,TGGs weapon Nova Cleaver,38,0,2026-07-31 23:21
2026-07-31,CASSILIA 's POWER FIST,3057,0,2026-07-31 23:21
2026-07-31,CPF VANGUARD POWER FIST MK2,1088,0,2026-07-31 23:21
2026-07-31,CPF STARBORN POWER FIST UNITY,1441,0,2026-07-31 23:21
2026-07-31,CPF STARBORN POWER FIST OMEGA,1161,0,2026-07-31 23:21
2026-07-31,CPF CRIMSON FLEET POWER FIST HELLHOUND,893,0,2026-07-31 23:21
2026-07-31,Cassilia s trainning dummy,201,0,2026-07-31 23:21
2026-07-31,CPF-RYUJIN DEATH CLAW,625,0,2026-07-31 23:21
2026-07-31,CASSILIA's MANTIS UNDERSUIT,856,0,2026-07-31 23:21
2026-07-31,CPF-MANTIS BLADE,306,0,2026-07-31 23:21
2026-07-31,Cassilia's Casual Outfit & Glasses,281,0,2026-07-31 23:21
2026-07-31,TGGs Black Lingeria,6712,0,2026-07-31 23:51
2026-07-31,TownGGs Clothes-Pirate Outfit,4971,0,2026-07-31 23:51
2026-07-31,Cassilias Old Constellation Uniform,14071,0,2026-07-31 23:51
2026-07-31,TGGs LaceBra,3719,0,2026-07-31 23:51
2026-07-31,Crimson Fleet Combat Robot Greande,4063,0,2026-07-31 23:51
2026-07-31,Watchtower-Chinese-Translation汉化补丁,4292,0,2026-07-31 23:51
2026-07-31,A Special Crew,3307,0,2026-07-31 23:51
2026-07-31,TGGs Swimsuit 02,2557,0,2026-07-31 23:51
2026-07-31,You can sit on toilets,3113,0,2026-07-31 23:51
2026-07-31,Nebula Protocol Suit,2774,0,2026-07-31 23:51
2026-07-31,realistic helmet 1st person vision-DLC2 patch,2065,0,2026-07-31 23:51
2026-07-31,TownGGs Clothes Fashion Skirt,1880,0,2026-07-31 23:51
2026-07-31,THE TERMINUS,3591,0,2026-07-31 23:51
2026-07-31,TownGGs Clothes-White Dress,2144,0,2026-07-31 23:51
2026-07-31,TGG Cloth-DVA bodysuit,3834,0,2026-07-31 23:51
2026-07-31,TGGs More Toilets,2344,0,2026-07-31 23:51
2026-07-31,TGGs Swimsuit 01,1631,0,2026-07-31 23:51
2026-07-31,McClarence Outfitter Chinese Translation汉化补丁,1574,0,2026-07-31 23:51
2026-07-31,TGGs weapon-Voids Gaze,1459,0,2026-07-31 23:51
2026-07-31,TownGGs Outpost Storage Expansion,1149,0,2026-07-31 23:51
2026-07-31,YOU NEED POOP,1480,0,2026-07-31 23:51
2026-07-31,Starborn Power Greande,1499,0,2026-07-31 23:51
2026-07-31,Realistic Helmet 1st Vision2.0,1495,0,2026-07-31 23:51
2026-07-31,CASSILIA’S SOUL,2253,0,2026-07-31 23:51
2026-07-31,Realistic Helmet 1st Vision2.0b,1011,0,2026-07-31 23:51
2026-07-31,TGGs Weird Toilets,628,0,2026-07-31 23:51
2026-07-31,TGGs Monster Hunter Bone Great Sword,774,0,2026-07-31 23:51
2026-07-31,TGGs More MapMarkers,543,0,2026-07-31 23:51
2026-07-31,CASSILIAs SOUL(CHINESE),345,0,2026-07-31 23:51
2026-07-31,THE TERMINUS (CHINESE),421,0,2026-07-31 23:51
2026-07-31,realistic helmet 1st person vision,102,0,2026-07-31 23:51
2026-07-31,Starborn Portal,71,0,2026-07-31 23:51
2026-07-31,TGGs weapon-Nova Cleaver,38,0,2026-07-31 23:51
2026-07-31,TGGs Madbean,10,0,2026-07-31 23:51
2026-07-31,CASSILIAs POWER FIST,3057,0,2026-07-31 23:51
2026-07-31,CPF-VANGUARD POWER FIST MK2,1088,0,2026-07-31 23:51
2026-07-31,CPF-STARBORN POWER FIST UNITY,1441,0,2026-07-31 23:51
2026-07-31,CPF-STARBORN POWER FIST OMEGA,1161,0,2026-07-31 23:51
2026-07-31,CPF-CRIMSON FLEET POWER FIST HELLHOUND,893,0,2026-07-31 23:51
2026-07-31,Cassilia’s trainning dummy,201,0,2026-07-31 23:51
2026-07-31,CPF RYUJIN DEATH CLAW,625,0,2026-07-31 23:51
2026-07-31,CASSILIA 's MANTIS UNDERSUIT,856,0,2026-07-31 23:51
2026-07-31,CPF MANTIS BLADE,306,0,2026-07-31 23:51
2026-07-31,Cassilia 's Casual Outfit amp Glasses,281,0,2026-07-31 23:51
2026-08-01,CPF UC Vanguard Power Fist MK2,6,0,2026-08-01 20:28
2026-08-01,CASSILIAs Trainning Dummy,4,0,2026-08-01 20:28
2026-08-01,TownGGs Clothes Pirate Outfit,4971,0,2026-08-01 23:21
2026-08-01,Watchtower Chinese Translation,4292,0,2026-08-01 23:21
2026-08-01,realistic helmet 1st person vision DLC2 patch,2065,0,2026-08-01 23:21
2026-08-01,TownGGs Clothes White Dress,2144,0,2026-08-01 23:21
2026-08-01,TGG Cloth DVA bodysuit,3834,0,2026-08-01 23:21
2026-08-01,McClarence Outfitter Chinese Translation,1574,0,2026-08-01 23:21
2026-08-01,TGGs weapon Voids Gaze,1459,0,2026-08-01 23:21
2026-08-01,Realistic Helmet 1st Vision2 0,1495,0,2026-08-01 23:21
2026-08-01,CASSILIA S SOUL,2253,0,2026-08-01 23:21
2026-08-01,Realistic Helmet 1st Vision2 0b,1011,0,2026-08-01 23:21
2026-08-01,TGGs weapon Nova Cleaver,38,0,2026-08-01 23:21
2026-08-01,CASSILIA 's POWER FIST,3057,0,2026-08-01 23:21
2026-08-01,CPF VANGUARD POWER FIST MK2,1088,0,2026-08-01 23:21
2026-08-01,CPF STARBORN POWER FIST UNITY,1441,0,2026-08-01 23:21
2026-08-01,CPF STARBORN POWER FIST OMEGA,1161,0,2026-08-01 23:21
2026-08-01,CPF CRIMSON FLEET POWER FIST HELLHOUND,893,0,2026-08-01 23:21
2026-08-01,Cassilia s trainning dummy,201,0,2026-08-01 23:21
2026-08-01,CPF RYUJIN DEATH CLAW,625,0,2026-08-01 23:21
2026-08-01,CASSILIA 's MANTIS UNDERSUIT,856,0,2026-08-01 23:21
2026-08-01,CPF MANTIS BLADE,306,0,2026-08-01 23:21
2026-08-01,Cassilia 's Casual Outfit amp Glasses,281,0,2026-08-01 23:21
2026-08-01,TGGs Black Lingeria,6712,0,2026-08-01 23:51
2026-08-01,TownGGs Clothes-Pirate Outfit,4971,0,2026-08-01 23:51
2026-08-01,Cassilias Old Constellation Uniform,14071,0,2026-08-01 23:51
2026-08-01,TGGs LaceBra,3719,0,2026-08-01 23:51
2026-08-01,Crimson Fleet Combat Robot Greande,4063,0,2026-08-01 23:51
2026-08-01,Watchtower-Chinese-Translation汉化补丁,4292,0,2026-08-01 23:51
2026-08-01,A Special Crew,3307,0,2026-08-01 23:51
2026-08-01,TGGs Swimsuit 02,2557,0,2026-08-01 23:51
2026-08-01,You can sit on toilets,3113,0,2026-08-01 23:51
2026-08-01,Nebula Protocol Suit,2774,0,2026-08-01 23:51
2026-08-01,realistic helmet 1st person vision-DLC2 patch,2065,0,2026-08-01 23:51
2026-08-01,TownGGs Clothes Fashion Skirt,1880,0,2026-08-01 23:51
2026-08-01,THE TERMINUS,3591,0,2026-08-01 23:51
2026-08-01,TownGGs Clothes-White Dress,2144,0,2026-08-01 23:51
2026-08-01,TGG Cloth-DVA bodysuit,3834,0,2026-08-01 23:51
2026-08-01,TGGs More Toilets,2344,0,2026-08-01 23:51
2026-08-01,TGGs Swimsuit 01,1631,0,2026-08-01 23:51
2026-08-01,McClarence Outfitter Chinese Translation汉化补丁,1574,0,2026-08-01 23:51
2026-08-01,TGGs weapon-Voids Gaze,1459,0,2026-08-01 23:51
2026-08-01,TownGGs Outpost Storage Expansion,1149,0,2026-08-01 23:51
2026-08-01,YOU NEED POOP,1480,0,2026-08-01 23:51
2026-08-01,Starborn Power Greande,1499,0,2026-08-01 23:51
2026-08-01,Realistic Helmet 1st Vision2.0,1495,0,2026-08-01 23:51
2026-08-01,CASSILIA’S SOUL,2253,0,2026-08-01 23:51
2026-08-01,Realistic Helmet 1st Vision2.0b,1011,0,2026-08-01 23:51
2026-08-01,TGGs Weird Toilets,628,0,2026-08-01 23:51
2026-08-01,TGGs Monster Hunter Bone Great Sword,774,0,2026-08-01 23:51
2026-08-01,TGGs More MapMarkers,543,0,2026-08-01 23:51
2026-08-01,CASSILIAs SOUL(CHINESE),345,0,2026-08-01 23:51
2026-08-01,THE TERMINUS (CHINESE),421,0,2026-08-01 23:51
2026-08-01,realistic helmet 1st person vision,102,0,2026-08-01 23:51
2026-08-01,Starborn Portal,71,0,2026-08-01 23:51
2026-08-01,TGGs weapon-Nova Cleaver,38,0,2026-08-01 23:51
2026-08-01,TGGs Madbean,10,0,2026-08-01 23:51
2026-08-01,CASSILIAs POWER FIST,3057,0,2026-08-01 23:51
2026-08-01,CPF-VANGUARD POWER FIST MK2,1088,0,2026-08-01 23:51
2026-08-01,CPF-STARBORN POWER FIST UNITY,1441,0,2026-08-01 23:51
2026-08-01,CPF-STARBORN POWER FIST OMEGA,1161,0,2026-08-01 23:51
2026-08-01,CPF-CRIMSON FLEET POWER FIST HELLHOUND,893,0,2026-08-01 23:51
2026-08-01,Cassilia’s trainning dummy,201,0,2026-08-01 23:51
2026-08-01,CPF-RYUJIN DEATH CLAW,625,0,2026-08-01 23:51
2026-08-01,CASSILIA's MANTIS UNDERSUIT,856,0,2026-08-01 23:51
2026-08-01,CPF-MANTIS BLADE,306,0,2026-08-01 23:51
2026-08-01,Cassilia's Casual Outfit & Glasses,281,0,2026-08-01 23:51
2026-08-02,CPF UC Vanguard Power Fist MK2,6,0,2026-08-02 01:58
2026-08-02,CASSILIAs Trainning Dummy,4,0,2026-08-02 01:58
2026-08-02,TownGGs Clothes-Pirate Outfit,5124,153,2026-08-02 23:07
2026-08-02,Watchtower-Chinese-Translation汉化补丁,4311,19,2026-08-02 23:07
2026-08-02,realistic helmet 1st person vision-DLC2 patch,2106,41,2026-08-02 23:07
2026-08-02,TownGGs Clothes-White Dress,2197,53,2026-08-02 23:07
2026-08-02,TGG Cloth-DVA bodysuit,4080,246,2026-08-02 23:07
2026-08-02,McClarence Outfitter Chinese Translation汉化补丁,1582,8,2026-08-02 23:07
2026-08-02,TGGs weapon-Voids Gaze,1498,39,2026-08-02 23:07
2026-08-02,Realistic Helmet 1st Vision2.0,1555,60,2026-08-02 23:07
2026-08-02,CASSILIA’S SOUL,2374,121,2026-08-02 23:07
2026-08-02,Realistic Helmet 1st Vision2.0b,1052,41,2026-08-02 23:07
2026-08-02,TGGs weapon-Nova Cleaver,38,0,2026-08-02 23:07
2026-08-02,CASSILIAs POWER FIST,3293,236,2026-08-02 23:07
2026-08-02,CPF-VANGUARD POWER FIST MK2,1141,53,2026-08-02 23:07
2026-08-02,CPF-STARBORN POWER FIST UNITY,1544,103,2026-08-02 23:07
2026-08-02,CPF-STARBORN POWER FIST OMEGA,1250,89,2026-08-02 23:07
2026-08-02,CPF-CRIMSON FLEET POWER FIST HELLHOUND,954,61,2026-08-02 23:07
2026-08-02,Cassilia’s trainning dummy,218,17,2026-08-02 23:07
2026-08-02,CPF-RYUJIN DEATH CLAW,690,65,2026-08-02 23:07
2026-08-02,CASSILIA's MANTIS UNDERSUIT,1068,212,2026-08-02 23:07
2026-08-02,CPF-MANTIS BLADE,403,97,2026-08-02 23:07
2026-08-02,Cassilia's Casual Outfit & Glasses,458,177,2026-08-02 23:07
2026-08-02,TGGs Black Lingeria,6910,198,2026-08-02 23:38
2026-08-02,TownGGs Clothes Pirate Outfit,5126,155,2026-08-02 23:38
2026-08-02,Cassilias Old Constellation Uniform,14838,767,2026-08-02 23:38
2026-08-02,TGGs LaceBra,3807,88,2026-08-02 23:38
2026-08-02,Crimson Fleet Combat Robot Greande,4094,31,2026-08-02 23:38
2026-08-02,Watchtower Chinese Translation,4311,19,2026-08-02 23:38
2026-08-02,A Special Crew,3390,83,2026-08-02 23:38
2026-08-02,TGGs Swimsuit 02,2619,62,2026-08-02 23:38
2026-08-02,You can sit on toilets,3162,49,2026-08-02 23:38
2026-08-02,Nebula Protocol Suit,2859,85,2026-08-02 23:38
2026-08-02,realistic helmet 1st person vision DLC2 patch,2106,41,2026-08-02 23:38
2026-08-02,TownGGs Clothes Fashion Skirt,1912,32,2026-08-02 23:38
2026-08-02,THE TERMINUS,3774,183,2026-08-02 23:38
2026-08-02,TownGGs Clothes White Dress,2197,53,2026-08-02 23:38
2026-08-02,TGG Cloth DVA bodysuit,4082,248,2026-08-02 23:38
2026-08-02,TGGs More Toilets,2363,19,2026-08-02 23:38
2026-08-02,TGGs Swimsuit 01,1674,43,2026-08-02 23:38
2026-08-02,McClarence Outfitter Chinese Translation,1582,8,2026-08-02 23:38
2026-08-02,TGGs weapon Voids Gaze,1499,40,2026-08-02 23:38
2026-08-02,TownGGs Outpost Storage Expansion,1174,25,2026-08-02 23:38
2026-08-02,YOU NEED POOP,1501,21,2026-08-02 23:38
2026-08-02,Starborn Power Greande,1530,31,2026-08-02 23:38
2026-08-02,Realistic Helmet 1st Vision2 0,1555,60,2026-08-02 23:38
2026-08-02,CASSILIA S SOUL,2374,121,2026-08-02 23:38
2026-08-02,Realistic Helmet 1st Vision2 0b,1052,41,2026-08-02 23:38
2026-08-02,TGGs Weird Toilets,640,12,2026-08-02 23:38
2026-08-02,TGGs Monster Hunter Bone Great Sword,802,28,2026-08-02 23:38
2026-08-02,TGGs More MapMarkers,559,16,2026-08-02 23:38
2026-08-02,CASSILIAs SOUL(CHINESE),375,30,2026-08-02 23:38
2026-08-02,THE TERMINUS (CHINESE),441,20,2026-08-02 23:38
2026-08-02,realistic helmet 1st person vision,103,1,2026-08-02 23:38
2026-08-02,Starborn Portal,72,1,2026-08-02 23:38
2026-08-02,TGGs weapon Nova Cleaver,38,0,2026-08-02 23:38
2026-08-02,TGGs Madbean,11,1,2026-08-02 23:38
2026-08-02,CASSILIA 's POWER FIST,3293,236,2026-08-02 23:38
2026-08-02,CPF VANGUARD POWER FIST MK2,1141,53,2026-08-02 23:38
2026-08-02,CPF STARBORN POWER FIST UNITY,1546,105,2026-08-02 23:38
2026-08-02,CPF STARBORN POWER FIST OMEGA,1251,90,2026-08-02 23:38
2026-08-02,CPF CRIMSON FLEET POWER FIST HELLHOUND,954,61,2026-08-02 23:38
2026-08-02,Cassilia s trainning dummy,218,17,2026-08-02 23:38
2026-08-02,CPF RYUJIN DEATH CLAW,691,66,2026-08-02 23:38
2026-08-02,CASSILIA 's MANTIS UNDERSUIT,1069,213,2026-08-02 23:38
2026-08-02,CPF MANTIS BLADE,404,98,2026-08-02 23:38
2026-08-02,Cassilia 's Casual Outfit amp Glasses,460,179,2026-08-02 23:38
2026-08-03,TownGGs Clothes-Pirate Outfit,5170,46,2026-08-03 23:07
2026-08-03,Watchtower-Chinese-Translation汉化补丁,4318,7,2026-08-03 23:07
2026-08-03,realistic helmet 1st person vision-DLC2 patch,2128,22,2026-08-03 23:07
2026-08-03,TownGGs Clothes-White Dress,2210,13,2026-08-03 23:07
2026-08-03,TGG Cloth-DVA bodysuit,4151,71,2026-08-03 23:07
2026-08-03,McClarence Outfitter Chinese Translation汉化补丁,1585,3,2026-08-03 23:07
2026-08-03,TGGs weapon-Voids Gaze,1505,7,2026-08-03 23:07
2026-08-03,Realistic Helmet 1st Vision2.0,1576,21,2026-08-03 23:07
2026-08-03,CASSILIA’S SOUL,2407,33,2026-08-03 23:07
2026-08-03,Realistic Helmet 1st Vision2.0b,1068,16,2026-08-03 23:07
2026-08-03,TGGs weapon-Nova Cleaver,39,1,2026-08-03 23:07
2026-08-03,CASSILIAs POWER FIST,3373,80,2026-08-03 23:07
2026-08-03,CPF-VANGUARD POWER FIST MK2,1166,25,2026-08-03 23:07
2026-08-03,CPF-STARBORN POWER FIST UNITY,1581,37,2026-08-03 23:07
2026-08-03,CPF-STARBORN POWER FIST OMEGA,1279,29,2026-08-03 23:07
2026-08-03,CPF-CRIMSON FLEET POWER FIST HELLHOUND,980,26,2026-08-03 23:07
2026-08-03,Cassilia’s trainning dummy,226,8,2026-08-03 23:07
2026-08-03,CPF RYUJIN DEATH CLAW,714,23,2026-08-03 23:07
2026-08-03,CASSILIA 's MANTIS UNDERSUIT,1136,67,2026-08-03 23:07
2026-08-03,CPF MANTIS BLADE,437,33,2026-08-03 23:07
2026-08-03,Cassilia 's Casual Outfit amp Glasses,507,47,2026-08-03 23:07
2026-08-03,TGGs Black Lingeria,6981,71,2026-08-03 23:38
2026-08-03,TownGGs Clothes Pirate Outfit,5170,44,2026-08-03 23:38
2026-08-03,Cassilias Old Constellation Uniform,15057,219,2026-08-03 23:38
2026-08-03,TGGs LaceBra,3845,38,2026-08-03 23:38
2026-08-03,Crimson Fleet Combat Robot Greande,4110,16,2026-08-03 23:38
2026-08-03,Watchtower Chinese Translation,4318,7,2026-08-03 23:38
2026-08-03,A Special Crew,3417,27,2026-08-03 23:38
2026-08-03,TGGs Swimsuit 02,2649,30,2026-08-03 23:38
2026-08-03,You can sit on toilets,3184,22,2026-08-03 23:38
2026-08-03,Nebula Protocol Suit,2898,39,2026-08-03 23:38
2026-08-03,realistic helmet 1st person vision DLC2 patch,2129,23,2026-08-03 23:38
2026-08-03,TownGGs Clothes Fashion Skirt,1924,12,2026-08-03 23:38
2026-08-03,THE TERMINUS,3812,38,2026-08-03 23:38
2026-08-03,TownGGs Clothes White Dress,2211,14,2026-08-03 23:38
2026-08-03,TGG Cloth DVA bodysuit,4151,69,2026-08-03 23:38
2026-08-03,TGGs More Toilets,2373,10,2026-08-03 23:38
2026-08-03,TGGs Swimsuit 01,1696,22,2026-08-03 23:38
2026-08-03,McClarence Outfitter Chinese Translation,1585,3,2026-08-03 23:38
2026-08-03,TGGs weapon Voids Gaze,1505,6,2026-08-03 23:38
2026-08-03,TownGGs Outpost Storage Expansion,1189,15,2026-08-03 23:38
2026-08-03,YOU NEED POOP,1513,12,2026-08-03 23:38
2026-08-03,Starborn Power Greande,1539,9,2026-08-03 23:38
2026-08-03,Realistic Helmet 1st Vision2 0,1577,22,2026-08-03 23:38
2026-08-03,CASSILIA S SOUL,2407,33,2026-08-03 23:38
2026-08-03,Realistic Helmet 1st Vision2 0b,1068,16,2026-08-03 23:38
2026-08-03,TGGs Weird Toilets,644,4,2026-08-03 23:38
2026-08-03,TGGs Monster Hunter Bone Great Sword,811,9,2026-08-03 23:38
2026-08-03,TGGs More MapMarkers,565,6,2026-08-03 23:38
2026-08-03,CASSILIAs SOUL(CHINESE),381,6,2026-08-03 23:38
2026-08-03,THE TERMINUS (CHINESE),448,7,2026-08-03 23:38
2026-08-03,realistic helmet 1st person vision,103,0,2026-08-03 23:38
2026-08-03,Starborn Portal,72,0,2026-08-03 23:38
2026-08-03,TGGs weapon Nova Cleaver,39,1,2026-08-03 23:38
2026-08-03,TGGs Madbean,11,0,2026-08-03 23:38
2026-08-03,CASSILIA 's POWER FIST,3373,80,2026-08-03 23:38
2026-08-03,CPF VANGUARD POWER FIST MK2,1166,25,2026-08-03 23:38
2026-08-03,CPF STARBORN POWER FIST UNITY,1581,35,2026-08-03 23:38
2026-08-03,CPF STARBORN POWER FIST OMEGA,1279,28,2026-08-03 23:38
2026-08-03,CPF CRIMSON FLEET POWER FIST HELLHOUND,981,27,2026-08-03 23:38
2026-08-03,Cassilia s trainning dummy,226,8,2026-08-03 23:38
2026-08-03,CPF-RYUJIN DEATH CLAW,715,25,2026-08-03 23:38
2026-08-03,CASSILIA's MANTIS UNDERSUIT,1136,68,2026-08-03 23:38
2026-08-03,CPF-MANTIS BLADE,437,34,2026-08-03 23:38
2026-08-03,Cassilia's Casual Outfit & Glasses,508,50,2026-08-03 23:38
2026-08-04,TownGGs Clothes-Pirate Outfit,5193,23,2026-08-04 23:21
2026-08-04,Watchtower-Chinese-Translation汉化补丁,4318,0,2026-08-04 23:21
2026-08-04,realistic helmet 1st person vision-DLC2 patch,2139,11,2026-08-04 23:21
2026-08-04,TownGGs Clothes-White Dress,2218,8,2026-08-04 23:21
2026-08-04,TGG Cloth-DVA bodysuit,4175,24,2026-08-04 23:21
2026-08-04,McClarence Outfitter Chinese Translation汉化补丁,1586,1,2026-08-04 23:21
2026-08-04,TGGs weapon-Voids Gaze,1508,3,2026-08-04 23:21
2026-08-04,Realistic Helmet 1st Vision2.0,1585,9,2026-08-04 23:21
2026-08-04,CASSILIA’S SOUL,2419,12,2026-08-04 23:21
2026-08-04,Realistic Helmet 1st Vision2.0b,1075,7,2026-08-04 23:21
2026-08-04,TGGs weapon-Nova Cleaver,39,0,2026-08-04 23:21
2026-08-04,CASSILIAs POWER FIST,3399,26,2026-08-04 23:21
2026-08-04,CPF-VANGUARD POWER FIST MK2,1176,10,2026-08-04 23:21
2026-08-04,CPF-STARBORN POWER FIST UNITY,1591,10,2026-08-04 23:21
2026-08-04,CPF-STARBORN POWER FIST OMEGA,1289,10,2026-08-04 23:21
2026-08-04,CPF-CRIMSON FLEET POWER FIST HELLHOUND,993,13,2026-08-04 23:21
2026-08-04,Cassilia’s trainning dummy,229,3,2026-08-04 23:21
2026-08-04,CPF RYUJIN DEATH CLAW,726,12,2026-08-04 23:21
2026-08-04,CASSILIA 's MANTIS UNDERSUIT,1161,25,2026-08-04 23:21
2026-08-04,CPF MANTIS BLADE,456,19,2026-08-04 23:21
2026-08-04,Cassilia 's Casual Outfit amp Glasses,531,24,2026-08-04 23:21
2026-08-04,TGGs Black Lingeria,6999,18,2026-08-04 23:51
2026-08-04,TownGGs Clothes Pirate Outfit,5193,23,2026-08-04 23:51
2026-08-04,Cassilias Old Constellation Uniform,15155,98,2026-08-04 23:51
2026-08-04,TGGs LaceBra,3853,8,2026-08-04 23:51
2026-08-04,Crimson Fleet Combat Robot Greande,4114,4,2026-08-04 23:51
2026-08-04,Watchtower Chinese Translation,4318,0,2026-08-04 23:51
2026-08-04,A Special Crew,3433,16,2026-08-04 23:51
2026-08-04,TGGs Swimsuit 02,2659,10,2026-08-04 23:51
2026-08-04,You can sit on toilets,3188,4,2026-08-04 23:51
2026-08-04,Nebula Protocol Suit,2910,12,2026-08-04 23:51
2026-08-04,realistic helmet 1st person vision DLC2 patch,2139,10,2026-08-04 23:51
2026-08-04,TownGGs Clothes Fashion Skirt,1930,6,2026-08-04 23:51
2026-08-04,THE TERMINUS,3830,18,2026-08-04 23:51
2026-08-04,TownGGs Clothes White Dress,2218,7,2026-08-04 23:51
2026-08-04,TGG Cloth DVA bodysuit,4175,24,2026-08-04 23:51
2026-08-04,TGGs More Toilets,2377,4,2026-08-04 23:51
2026-08-04,TGGs Swimsuit 01,1706,10,2026-08-04 23:51
2026-08-04,McClarence Outfitter Chinese Translation,1586,1,2026-08-04 23:51
2026-08-04,TGGs weapon Voids Gaze,1508,3,2026-08-04 23:51
2026-08-04,TownGGs Outpost Storage Expansion,1190,1,2026-08-04 23:51
2026-08-04,YOU NEED POOP,1515,2,2026-08-04 23:51
2026-08-04,Starborn Power Greande,1542,3,2026-08-04 23:51
2026-08-04,Realistic Helmet 1st Vision2 0,1585,8,2026-08-04 23:51
2026-08-04,CASSILIA S SOUL,2419,12,2026-08-04 23:51
2026-08-04,Realistic Helmet 1st Vision2 0b,1075,7,2026-08-04 23:51
2026-08-04,TGGs Weird Toilets,644,0,2026-08-04 23:51
2026-08-04,TGGs Monster Hunter Bone Great Sword,815,4,2026-08-04 23:51
2026-08-04,TGGs More MapMarkers,567,2,2026-08-04 23:51
2026-08-04,CASSILIAs SOUL(CHINESE),383,2,2026-08-04 23:51
2026-08-04,THE TERMINUS (CHINESE),448,0,2026-08-04 23:51
2026-08-04,realistic helmet 1st person vision,103,0,2026-08-04 23:51
2026-08-04,Starborn Portal,72,0,2026-08-04 23:51
2026-08-04,TGGs weapon Nova Cleaver,39,0,2026-08-04 23:51
2026-08-04,TGGs Madbean,11,0,2026-08-04 23:51
2026-08-04,CASSILIA 's POWER FIST,3399,26,2026-08-04 23:51
2026-08-04,CPF VANGUARD POWER FIST MK2,1176,10,2026-08-04 23:51
2026-08-04,CPF STARBORN POWER FIST UNITY,1591,10,2026-08-04 23:51
2026-08-04,CPF STARBORN POWER FIST OMEGA,1289,10,2026-08-04 23:51
2026-08-04,CPF CRIMSON FLEET POWER FIST HELLHOUND,993,12,2026-08-04 23:51
2026-08-04,Cassilia s trainning dummy,229,3,2026-08-04 23:51
2026-08-04,CPF-RYUJIN DEATH CLAW,726,11,2026-08-04 23:51
2026-08-04,CASSILIA's MANTIS UNDERSUIT,1161,25,2026-08-04 23:51
2026-08-04,CPF-MANTIS BLADE,456,19,2026-08-04 23:51
2026-08-04,Cassilia's Casual Outfit & Glasses,531,23,2026-08-04 23:51
2026-08-05,TownGGs Clothes-Pirate Outfit,5241,48,2026-08-05 23:08
2026-08-05,Watchtower-Chinese-Translation汉化补丁,4331,13,2026-08-05 23:08
2026-08-05,realistic helmet 1st person vision-DLC2 patch,2166,27,2026-08-05 23:08
2026-08-05,TownGGs Clothes-White Dress,2237,19,2026-08-05 23:08
2026-08-05,TGG Cloth-DVA bodysuit,4247,72,2026-08-05 23:08
2026-08-05,McClarence Outfitter Chinese Translation汉化补丁,1594,8,2026-08-05 23:08
2026-08-05,TGGs weapon-Voids Gaze,1522,14,2026-08-05 23:08
2026-08-05,Realistic Helmet 1st Vision2.0,1627,42,2026-08-05 23:08
2026-08-05,CASSILIA’S SOUL,2459,40,2026-08-05 23:08
2026-08-05,Realistic Helmet 1st Vision2.0b,1093,18,2026-08-05 23:08
2026-08-05,TGGs weapon-Nova Cleaver,39,0,2026-08-05 23:08
2026-08-05,CASSILIAs POWER FIST,3480,81,2026-08-05 23:08
2026-08-05,CPF-VANGUARD POWER FIST MK2,1194,18,2026-08-05 23:08
2026-08-05,CPF-STARBORN POWER FIST UNITY,1621,30,2026-08-05 23:08
2026-08-05,CPF-STARBORN POWER FIST OMEGA,1317,28,2026-08-05 23:08
2026-08-05,CPF-CRIMSON FLEET POWER FIST HELLHOUND,1011,18,2026-08-05 23:08
2026-08-05,Cassilia’s trainning dummy,242,13,2026-08-05 23:08
2026-08-05,CPF RYUJIN DEATH CLAW,746,20,2026-08-05 23:08
2026-08-05,CASSILIA 's MANTIS UNDERSUIT,1234,73,2026-08-05 23:08
2026-08-05,CPF MANTIS BLADE,494,38,2026-08-05 23:08
2026-08-05,Cassilia 's Casual Outfit amp Glasses,589,58,2026-08-05 23:08
2026-08-05,TGGs Black Lingeria,7062,63,2026-08-05 23:37
2026-08-05,TownGGs Clothes Pirate Outfit,5242,49,2026-08-05 23:37
2026-08-05,Cassilias Old Constellation Uniform,15400,245,2026-08-05 23:37
2026-08-05,TGGs LaceBra,3889,36,2026-08-05 23:37
2026-08-05,Crimson Fleet Combat Robot Greande,4124,10,2026-08-05 23:37
2026-08-05,Watchtower Chinese Translation,4331,13,2026-08-05 23:37
2026-08-05,A Special Crew,3464,31,2026-08-05 23:37
2026-08-05,TGGs Swimsuit 02,2693,34,2026-08-05 23:37
2026-08-05,You can sit on toilets,3208,20,2026-08-05 23:37
2026-08-05,Nebula Protocol Suit,2941,31,2026-08-05 23:37
2026-08-05,realistic helmet 1st person vision DLC2 patch,2166,27,2026-08-05 23:37
2026-08-05,TownGGs Clothes Fashion Skirt,1943,13,2026-08-05 23:37
2026-08-05,THE TERMINUS,3886,56,2026-08-05 23:37
2026-08-05,TownGGs Clothes White Dress,2237,19,2026-08-05 23:37
2026-08-05,TGG Cloth DVA bodysuit,4248,73,2026-08-05 23:37
2026-08-05,TGGs More Toilets,2382,5,2026-08-05 23:37
2026-08-05,TGGs Swimsuit 01,1724,18,2026-08-05 23:37
2026-08-05,McClarence Outfitter Chinese Translation,1594,8,2026-08-05 23:37
2026-08-05,TGGs weapon Voids Gaze,1522,14,2026-08-05 23:37
2026-08-05,TownGGs Outpost Storage Expansion,1197,7,2026-08-05 23:37
2026-08-05,YOU NEED POOP,1522,7,2026-08-05 23:37
2026-08-05,Starborn Power Greande,1552,10,2026-08-05 23:37
2026-08-05,Realistic Helmet 1st Vision2 0,1627,42,2026-08-05 23:37
2026-08-05,CASSILIA S SOUL,2460,41,2026-08-05 23:37
2026-08-05,Realistic Helmet 1st Vision2 0b,1093,18,2026-08-05 23:37
2026-08-05,TGGs Weird Toilets,645,1,2026-08-05 23:37
2026-08-05,TGGs Monster Hunter Bone Great Sword,827,12,2026-08-05 23:37
2026-08-05,TGGs More MapMarkers,577,10,2026-08-05 23:37
2026-08-05,CASSILIAs SOUL(CHINESE),395,12,2026-08-05 23:37
2026-08-05,THE TERMINUS (CHINESE),456,8,2026-08-05 23:37
2026-08-05,realistic helmet 1st person vision,103,0,2026-08-05 23:37
2026-08-05,Starborn Portal,72,0,2026-08-05 23:37
2026-08-05,TGGs weapon Nova Cleaver,39,0,2026-08-05 23:37
2026-08-05,TGGs Madbean,11,0,2026-08-05 23:37
2026-08-05,CASSILIA 's POWER FIST,3480,81,2026-08-05 23:37
2026-08-05,CPF VANGUARD POWER FIST MK2,1194,18,2026-08-05 23:37
2026-08-05,CPF STARBORN POWER FIST UNITY,1621,30,2026-08-05 23:37
2026-08-05,CPF STARBORN POWER FIST OMEGA,1317,28,2026-08-05 23:37
2026-08-05,CPF CRIMSON FLEET POWER FIST HELLHOUND,1011,18,2026-08-05 23:37
2026-08-05,Cassilia s trainning dummy,242,13,2026-08-05 23:37
2026-08-05,CPF-RYUJIN DEATH CLAW,746,20,2026-08-05 23:37
2026-08-05,CASSILIA's MANTIS UNDERSUIT,1234,73,2026-08-05 23:37
2026-08-05,CPF-MANTIS BLADE,494,38,2026-08-05 23:37
2026-08-05,Cassilia's Casual Outfit & Glasses,591,60,2026-08-05 23:37
2026-08-06,CPF UC Vanguard Power Fist MK2,6,0,2026-08-06 14:28
2026-08-06,CASSILIAs Trainning Dummy,4,0,2026-08-06 14:28
2026-08-06,TownGGs Clothes Pirate Outfit,5287,45,2026-08-06 23:07
2026-08-06,Watchtower Chinese Translation,4335,4,2026-08-06 23:07
2026-08-06,realistic helmet 1st person vision DLC2 patch,2181,15,2026-08-06 23:07
2026-08-06,TownGGs Clothes White Dress,2252,15,2026-08-06 23:07
2026-08-06,TGG Cloth DVA bodysuit,4302,54,2026-08-06 23:07
2026-08-06,McClarence Outfitter Chinese Translation,1597,3,2026-08-06 23:07
2026-08-06,TGGs weapon Voids Gaze,1530,8,2026-08-06 23:07
2026-08-06,Realistic Helmet 1st Vision2 0,1657,30,2026-08-06 23:07
2026-08-06,CASSILIA S SOUL,2484,24,2026-08-06 23:07
2026-08-06,Realistic Helmet 1st Vision2 0b,1099,6,2026-08-06 23:07
2026-08-06,TGGs weapon Nova Cleaver,39,0,2026-08-06 23:07
2026-08-06,CASSILIA 's POWER FIST,3534,54,2026-08-06 23:07
2026-08-06,CPF VANGUARD POWER FIST MK2,1205,11,2026-08-06 23:07
2026-08-06,CPF STARBORN POWER FIST UNITY,1645,24,2026-08-06 23:07
2026-08-06,CPF STARBORN POWER FIST OMEGA,1339,22,2026-08-06 23:07
2026-08-06,CPF CRIMSON FLEET POWER FIST HELLHOUND,1024,13,2026-08-06 23:07
2026-08-06,Cassilia s trainning dummy,249,12,2026-08-06 23:07
2026-08-06,CPF RYUJIN DEATH CLAW,761,15,2026-08-06 23:07
2026-08-06,CASSILIA 's MANTIS UNDERSUIT,1282,48,2026-08-06 23:07
2026-08-06,CPF MANTIS BLADE,510,16,2026-08-06 23:07
2026-08-06,Cassilia 's Casual Outfit amp Glasses,627,38,2026-08-06 23:07
2026-08-06,TGGs Black Lingeria,7128,66,2026-08-06 23:39
2026-08-06,TownGGs Clothes-Pirate Outfit,5287,46,2026-08-06 23:39
2026-08-06,Cassilias Old Constellation Uniform,15588,188,2026-08-06 23:39
2026-08-06,TGGs LaceBra,3916,27,2026-08-06 23:39
2026-08-06,Crimson Fleet Combat Robot Greande,4132,8,2026-08-06 23:39
2026-08-06,Watchtower-Chinese-Translation汉化补丁,4335,4,2026-08-06 23:39
2026-08-06,A Special Crew,3493,29,2026-08-06 23:39
2026-08-06,TGGs Swimsuit 02,2729,36,2026-08-06 23:39
2026-08-06,You can sit on toilets,3224,16,2026-08-06 23:39
2026-08-06,Nebula Protocol Suit,2961,20,2026-08-06 23:39
2026-08-06,realistic helmet 1st person vision-DLC2 patch,2182,16,2026-08-06 23:39
2026-08-06,TownGGs Clothes Fashion Skirt,1972,29,2026-08-06 23:39
2026-08-06,THE TERMINUS,3920,34,2026-08-06 23:39
2026-08-06,TownGGs Clothes-White Dress,2252,15,2026-08-06 23:39
2026-08-06,TGG Cloth-DVA bodysuit,4303,56,2026-08-06 23:39
2026-08-06,TGGs More Toilets,2393,11,2026-08-06 23:39
2026-08-06,TGGs Swimsuit 01,1749,25,2026-08-06 23:39
2026-08-06,McClarence Outfitter Chinese Translation汉化补丁,1597,3,2026-08-06 23:39
2026-08-06,TGGs weapon-Voids Gaze,1530,8,2026-08-06 23:39
2026-08-06,TownGGs Outpost Storage Expansion,1204,7,2026-08-06 23:39
2026-08-06,YOU NEED POOP,1528,6,2026-08-06 23:39
2026-08-06,Starborn Power Greande,1563,11,2026-08-06 23:39
2026-08-06,Realistic Helmet 1st Vision2.0,1657,30,2026-08-06 23:39
2026-08-06,CASSILIA’S SOUL,2485,26,2026-08-06 23:39
2026-08-06,Realistic Helmet 1st Vision2.0b,1099,6,2026-08-06 23:39
2026-08-06,TGGs Weird Toilets,649,4,2026-08-06 23:39
2026-08-06,TGGs Monster Hunter Bone Great Sword,837,10,2026-08-06 23:39
2026-08-06,TGGs More MapMarkers,586,9,2026-08-06 23:39
2026-08-06,CASSILIAs SOUL(CHINESE),401,6,2026-08-06 23:39
2026-08-06,THE TERMINUS (CHINESE),464,8,2026-08-06 23:39
2026-08-06,realistic helmet 1st person vision,103,0,2026-08-06 23:39
2026-08-06,Starborn Portal,72,0,2026-08-06 23:39
2026-08-06,TGGs weapon-Nova Cleaver,39,0,2026-08-06 23:39
2026-08-06,TGGs Madbean,11,0,2026-08-06 23:39
2026-08-06,CASSILIAs POWER FIST,3534,54,2026-08-06 23:39
2026-08-06,CPF-VANGUARD POWER FIST MK2,1205,11,2026-08-06 23:39
2026-08-06,CPF-STARBORN POWER FIST UNITY,1645,24,2026-08-06 23:39
2026-08-06,CPF-STARBORN POWER FIST OMEGA,1339,22,2026-08-06 23:39
2026-08-06,CPF-CRIMSON FLEET POWER FIST HELLHOUND,1024,13,2026-08-06 23:39
2026-08-06,Cassilia’s trainning dummy,249,11,2026-08-06 23:39
2026-08-06,CPF-RYUJIN DEATH CLAW,762,16,2026-08-06 23:39
2026-08-06,CASSILIA's MANTIS UNDERSUIT,1282,48,2026-08-06 23:39
2026-08-06,CPF-MANTIS BLADE,510,16,2026-08-06 23:39
2026-08-06,Cassilia's Casual Outfit & Glasses,627,36,2026-08-06 23:39
2026-08-07,TownGGs Clothes Pirate Outfit,5337,50,2026-08-07 23:08
2026-08-07,Watchtower Chinese Translation,4337,2,2026-08-07 23:08
2026-08-07,realistic helmet 1st person vision DLC2 patch,2197,16,2026-08-07 23:08
2026-08-07,TownGGs Clothes White Dress,2267,15,2026-08-07 23:08
2026-08-07,TGG Cloth DVA bodysuit,4365,63,2026-08-07 23:08
2026-08-07,McClarence Outfitter Chinese Translation,1600,3,2026-08-07 23:08
2026-08-07,TGGs weapon Voids Gaze,1537,7,2026-08-07 23:08
2026-08-07,Realistic Helmet 1st Vision2 0,1676,19,2026-08-07 23:08
2026-08-07,CASSILIA S SOUL,2518,34,2026-08-07 23:08
2026-08-07,Realistic Helmet 1st Vision2 0b,1114,15,2026-08-07 23:08
2026-08-07,TGGs weapon Nova Cleaver,39,0,2026-08-07 23:08
2026-08-07,CASSILIA 's POWER FIST,3599,65,2026-08-07 23:08
2026-08-07,CPF VANGUARD POWER FIST MK2,1218,13,2026-08-07 23:08
2026-08-07,CPF STARBORN POWER FIST UNITY,1665,20,2026-08-07 23:08
2026-08-07,CPF STARBORN POWER FIST OMEGA,1370,31,2026-08-07 23:08
2026-08-07,CPF CRIMSON FLEET POWER FIST HELLHOUND,1046,22,2026-08-07 23:08
2026-08-07,Cassilia s trainning dummy,255,10,2026-08-07 23:08
2026-08-07,CPF RYUJIN DEATH CLAW,783,22,2026-08-07 23:08
2026-08-07,CASSILIA 's MANTIS UNDERSUIT,1336,54,2026-08-07 23:08
2026-08-07,CPF MANTIS BLADE,542,32,2026-08-07 23:08
2026-08-07,Cassilia 's Casual Outfit amp Glasses,668,41,2026-08-07 23:08
2026-08-07,TGGs Black Lingeria,7187,59,2026-08-07 23:37
2026-08-07,TownGGs Clothes-Pirate Outfit,5337,50,2026-08-07 23:37
2026-08-07,Cassilias Old Constellation Uniform,15793,205,2026-08-07 23:37
2026-08-07,TGGs LaceBra,3947,31,2026-08-07 23:37
2026-08-07,Crimson Fleet Combat Robot Greande,4137,5,2026-08-07 23:37
2026-08-07,Watchtower-Chinese-Translation汉化补丁,4337,2,2026-08-07 23:37
2026-08-07,A Special Crew,3517,24,2026-08-07 23:37
2026-08-07,TGGs Swimsuit 02,2755,26,2026-08-07 23:37
2026-08-07,You can sit on toilets,3239,15,2026-08-07 23:37
2026-08-07,Nebula Protocol Suit,2993,32,2026-08-07 23:37
2026-08-07,realistic helmet 1st person vision-DLC2 patch,2197,15,2026-08-07 23:37
2026-08-07,TownGGs Clothes Fashion Skirt,1984,12,2026-08-07 23:37
2026-08-07,THE TERMINUS,3967,47,2026-08-07 23:37
2026-08-07,TownGGs Clothes-White Dress,2268,16,2026-08-07 23:37
2026-08-07,TGG Cloth-DVA bodysuit,4365,62,2026-08-07 23:37
2026-08-07,TGGs More Toilets,2398,5,2026-08-07 23:37
2026-08-07,TGGs Swimsuit 01,1765,16,2026-08-07 23:37
2026-08-07,McClarence Outfitter Chinese Translation汉化补丁,1601,4,2026-08-07 23:37
2026-08-07,TGGs weapon-Voids Gaze,1537,7,2026-08-07 23:37
2026-08-07,TownGGs Outpost Storage Expansion,1210,6,2026-08-07 23:37
2026-08-07,YOU NEED POOP,1534,6,2026-08-07 23:37
2026-08-07,Starborn Power Greande,1572,9,2026-08-07 23:37
2026-08-07,Realistic Helmet 1st Vision2.0,1676,19,2026-08-07 23:37
2026-08-07,CASSILIA’S SOUL,2518,33,2026-08-07 23:37
2026-08-07,Realistic Helmet 1st Vision2.0b,1114,15,2026-08-07 23:37
2026-08-07,TGGs Weird Toilets,651,2,2026-08-07 23:37
2026-08-07,TGGs Monster Hunter Bone Great Sword,848,11,2026-08-07 23:37
2026-08-07,TGGs More MapMarkers,590,4,2026-08-07 23:37
2026-08-07,CASSILIAs SOUL(CHINESE),410,9,2026-08-07 23:37
2026-08-07,THE TERMINUS (CHINESE),470,6,2026-08-07 23:37
2026-08-07,realistic helmet 1st person vision,103,0,2026-08-07 23:37
2026-08-07,Starborn Portal,72,0,2026-08-07 23:37
2026-08-07,TGGs weapon-Nova Cleaver,39,0,2026-08-07 23:37
2026-08-07,TGGs Madbean,11,0,2026-08-07 23:37
2026-08-07,CASSILIAs POWER FIST,3599,65,2026-08-07 23:37
2026-08-07,CPF-VANGUARD POWER FIST MK2,1218,13,2026-08-07 23:37
2026-08-07,CPF-STARBORN POWER FIST UNITY,1665,20,2026-08-07 23:37
2026-08-07,CPF-STARBORN POWER FIST OMEGA,1370,31,2026-08-07 23:37
2026-08-07,CPF-CRIMSON FLEET POWER FIST HELLHOUND,1046,22,2026-08-07 23:37
2026-08-07,Cassilia’s trainning dummy,256,11,2026-08-07 23:37
2026-08-07,CPF-RYUJIN DEATH CLAW,783,21,2026-08-07 23:37
2026-08-07,CASSILIA's MANTIS UNDERSUIT,1336,54,2026-08-07 23:37
2026-08-07,CPF-MANTIS BLADE,543,33,2026-08-07 23:37
2026-08-07,Cassilia's Casual Outfit & Glasses,668,41,2026-08-07 23:37
2026-08-08,TownGGs Clothes Pirate Outfit,5390,53,2026-08-08 23:07
2026-08-08,Watchtower Chinese Translation,4337,0,2026-08-08 23:07
2026-08-08,realistic helmet 1st person vision DLC2 patch,2209,12,2026-08-08 23:07
2026-08-08,TownGGs Clothes White Dress,2283,16,2026-08-08 23:07
2026-08-08,TGG Cloth DVA bodysuit,4427,62,2026-08-08 23:07
2026-08-08,McClarence Outfitter Chinese Translation,1603,3,2026-08-08 23:07
2026-08-08,TGGs weapon Voids Gaze,1545,8,2026-08-08 23:07
2026-08-08,Realistic Helmet 1st Vision2 0,1695,19,2026-08-08 23:07
2026-08-08,CASSILIA S SOUL,2553,35,2026-08-08 23:07
2026-08-08,Realistic Helmet 1st Vision2 0b,1130,16,2026-08-08 23:07
2026-08-08,TGGs weapon Nova Cleaver,39,0,2026-08-08 23:07
2026-08-08,CASSILIA 's POWER FIST,3666,67,2026-08-08 23:07
2026-08-08,CPF VANGUARD POWER FIST MK2,1235,17,2026-08-08 23:07
2026-08-08,CPF STARBORN POWER FIST UNITY,1697,32,2026-08-08 23:07
2026-08-08,CPF STARBORN POWER FIST OMEGA,1403,33,2026-08-08 23:07
2026-08-08,CPF CRIMSON FLEET POWER FIST HELLHOUND,1065,19,2026-08-08 23:07
2026-08-08,Cassilia s trainning dummy,264,11,2026-08-08 23:07
2026-08-08,CPF RYUJIN DEATH CLAW,802,19,2026-08-08 23:07
2026-08-08,CASSILIA 's MANTIS UNDERSUIT,1383,47,2026-08-08 23:07
2026-08-08,CPF MANTIS BLADE,572,30,2026-08-08 23:07
2026-08-08,Cassilia 's Casual Outfit amp Glasses,719,51,2026-08-08 23:07
2026-08-08,TGG Galaxy Fashion Lingerie BLACK STOCKING,31,0,2026-08-08 23:07
2026-08-08,TGGs Black Lingeria,7258,71,2026-08-08 23:37
2026-08-08,TownGGs Clothes-Pirate Outfit,5390,53,2026-08-08 23:37
2026-08-08,Cassilias Old Constellation Uniform,16011,218,2026-08-08 23:37
2026-08-08,TGGs LaceBra,3984,37,2026-08-08 23:37
2026-08-08,Crimson Fleet Combat Robot Greande,4148,11,2026-08-08 23:37
2026-08-08,Watchtower-Chinese-Translation汉化补丁,4337,0,2026-08-08 23:37
2026-08-08,A Special Crew,3544,27,2026-08-08 23:37
2026-08-08,TGGs Swimsuit 02,2796,41,2026-08-08 23:37
2026-08-08,You can sit on toilets,3255,16,2026-08-08 23:37
2026-08-08,Nebula Protocol Suit,3024,31,2026-08-08 23:37
2026-08-08,realistic helmet 1st person vision-DLC2 patch,2209,12,2026-08-08 23:37
2026-08-08,TownGGs Clothes Fashion Skirt,1997,13,2026-08-08 23:37
2026-08-08,THE TERMINUS,4011,44,2026-08-08 23:37
2026-08-08,TownGGs Clothes-White Dress,2284,16,2026-08-08 23:37
2026-08-08,TGG Cloth-DVA bodysuit,4427,62,2026-08-08 23:37
2026-08-08,TGGs More Toilets,2409,11,2026-08-08 23:37
2026-08-08,TGGs Swimsuit 01,1797,32,2026-08-08 23:37
2026-08-08,McClarence Outfitter Chinese Translation汉化补丁,1603,2,2026-08-08 23:37
2026-08-08,TGGs weapon-Voids Gaze,1545,8,2026-08-08 23:37
2026-08-08,TownGGs Outpost Storage Expansion,1221,11,2026-08-08 23:37
2026-08-08,YOU NEED POOP,1543,9,2026-08-08 23:37
2026-08-08,Starborn Power Greande,1579,7,2026-08-08 23:37
2026-08-08,Realistic Helmet 1st Vision2.0,1696,20,2026-08-08 23:37
2026-08-08,CASSILIA’S SOUL,2553,35,2026-08-08 23:37
2026-08-08,Realistic Helmet 1st Vision2.0b,1130,16,2026-08-08 23:37
2026-08-08,TGGs Weird Toilets,654,3,2026-08-08 23:37
2026-08-08,TGGs Monster Hunter Bone Great Sword,855,7,2026-08-08 23:37
2026-08-08,TGGs More MapMarkers,595,5,2026-08-08 23:37
2026-08-08,CASSILIAs SOUL(CHINESE),414,4,2026-08-08 23:37
2026-08-08,THE TERMINUS (CHINESE),474,4,2026-08-08 23:37
2026-08-08,realistic helmet 1st person vision,103,0,2026-08-08 23:37
2026-08-08,Starborn Portal,72,0,2026-08-08 23:37
2026-08-08,TGGs weapon-Nova Cleaver,39,0,2026-08-08 23:37
2026-08-08,TGGs Madbean,11,0,2026-08-08 23:37
2026-08-08,CASSILIAs POWER FIST,3666,67,2026-08-08 23:37
2026-08-08,CPF-VANGUARD POWER FIST MK2,1235,17,2026-08-08 23:37
2026-08-08,CPF-STARBORN POWER FIST UNITY,1697,32,2026-08-08 23:37
2026-08-08,CPF-STARBORN POWER FIST OMEGA,1403,33,2026-08-08 23:37
2026-08-08,CPF-CRIMSON FLEET POWER FIST HELLHOUND,1066,20,2026-08-08 23:37
2026-08-08,Cassilia’s trainning dummy,264,10,2026-08-08 23:37
2026-08-08,CPF-RYUJIN DEATH CLAW,802,19,2026-08-08 23:37
2026-08-08,CASSILIA's MANTIS UNDERSUIT,1383,47,2026-08-08 23:37
2026-08-08,CPF-MANTIS BLADE,572,29,2026-08-08 23:37
2026-08-08,Cassilia's Casual Outfit & Glasses,719,51,2026-08-08 23:37
2026-08-08,TGG Galaxy Fashion Lingerie-BLACK STOCKING,57,46,2026-08-08 23:37
2026-08-09,TownGGs Clothes Pirate Outfit,5427,37,2026-08-09 23:07
2026-08-09,Watchtower Chinese Translation,4339,2,2026-08-09 23:07
2026-08-09,realistic helmet 1st person vision DLC2 patch,2226,17,2026-08-09 23:07
2026-08-09,TownGGs Clothes White Dress,2298,15,2026-08-09 23:07
2026-08-09,TGG Cloth DVA bodysuit,4497,70,2026-08-09 23:07
2026-08-09,McClarence Outfitter Chinese Translation,1606,3,2026-08-09 23:07
2026-08-09,TGGs weapon Voids Gaze,1549,4,2026-08-09 23:07
2026-08-09,Realistic Helmet 1st Vision2 0,1715,20,2026-08-09 23:07
2026-08-09,CASSILIA S SOUL,2600,47,2026-08-09 23:07
2026-08-09,Realistic Helmet 1st Vision2 0b,1144,14,2026-08-09 23:07
2026-08-09,TGGs weapon Nova Cleaver,39,0,2026-08-09 23:07
2026-08-09,CASSILIA 's POWER FIST,3742,76,2026-08-09 23:07
2026-08-09,CPF VANGUARD POWER FIST MK2,1246,11,2026-08-09 23:07
2026-08-09,CPF STARBORN POWER FIST UNITY,1724,27,2026-08-09 23:07
2026-08-09,CPF STARBORN POWER FIST OMEGA,1426,23,2026-08-09 23:07
2026-08-09,CPF CRIMSON FLEET POWER FIST HELLHOUND,1082,17,2026-08-09 23:07
2026-08-09,Cassilia s trainning dummy,269,6,2026-08-09 23:07
2026-08-09,CPF RYUJIN DEATH CLAW,823,21,2026-08-09 23:07
2026-08-09,CASSILIA 's MANTIS UNDERSUIT,1446,63,2026-08-09 23:07
2026-08-09,CPF MANTIS BLADE,595,23,2026-08-09 23:07
2026-08-09,Cassilia 's Casual Outfit amp Glasses,780,61,2026-08-09 23:07
2026-08-09,TGG Galaxy Fashion Lingerie BLACK STOCKING,257,226,2026-08-09 23:07
2026-08-09,TGGs Black Lingeria,7345,87,2026-08-09 23:47
2026-08-09,TownGGs Clothes-Pirate Outfit,5427,37,2026-08-09 23:47
2026-08-09,Cassilias Old Constellation Uniform,16259,248,2026-08-09 23:47
2026-08-09,TGGs LaceBra,4017,33,2026-08-09 23:47
2026-08-09,Crimson Fleet Combat Robot Greande,4160,12,2026-08-09 23:47
2026-08-09,Watchtower-Chinese-Translation汉化补丁,4339,2,2026-08-09 23:47
2026-08-09,A Special Crew,3575,31,2026-08-09 23:47
2026-08-09,TGGs Swimsuit 02,2822,26,2026-08-09 23:47
2026-08-09,You can sit on toilets,3282,27,2026-08-09 23:47
2026-08-09,Nebula Protocol Suit,3051,27,2026-08-09 23:47
2026-08-09,realistic helmet 1st person vision-DLC2 patch,2226,17,2026-08-09 23:47
2026-08-09,TownGGs Clothes Fashion Skirt,2015,18,2026-08-09 23:47
2026-08-09,THE TERMINUS,4058,47,2026-08-09 23:47
2026-08-09,TownGGs Clothes-White Dress,2300,16,2026-08-09 23:47
2026-08-09,TGG Cloth-DVA bodysuit,4498,71,2026-08-09 23:47
2026-08-09,TGGs More Toilets,2426,17,2026-08-09 23:47
2026-08-09,TGGs Swimsuit 01,1813,16,2026-08-09 23:47
2026-08-09,McClarence Outfitter Chinese Translation汉化补丁,1606,3,2026-08-09 23:47
2026-08-09,TGGs weapon-Voids Gaze,1549,4,2026-08-09 23:47
2026-08-09,TownGGs Outpost Storage Expansion,1231,10,2026-08-09 23:47
2026-08-09,YOU NEED POOP,1547,4,2026-08-09 23:47
2026-08-09,Starborn Power Greande,1583,4,2026-08-09 23:47
2026-08-09,Realistic Helmet 1st Vision2.0,1715,19,2026-08-09 23:47
2026-08-09,CASSILIA’S SOUL,2600,47,2026-08-09 23:47
2026-08-09,Realistic Helmet 1st Vision2.0b,1144,14,2026-08-09 23:47
2026-08-09,TGGs Weird Toilets,654,0,2026-08-09 23:47
2026-08-09,TGGs Monster Hunter Bone Great Sword,864,9,2026-08-09 23:47
2026-08-09,TGGs More MapMarkers,602,7,2026-08-09 23:47
2026-08-09,CASSILIAs SOUL(CHINESE),425,11,2026-08-09 23:47
2026-08-09,THE TERMINUS (CHINESE),480,6,2026-08-09 23:47
2026-08-09,realistic helmet 1st person vision,103,0,2026-08-09 23:47
2026-08-09,Starborn Portal,72,0,2026-08-09 23:47
2026-08-09,TGGs weapon-Nova Cleaver,39,0,2026-08-09 23:47
2026-08-09,TGGs Madbean,11,0,2026-08-09 23:47
2026-08-09,CASSILIAs POWER FIST,3742,76,2026-08-09 23:47
2026-08-09,CPF-VANGUARD POWER FIST MK2,1246,11,2026-08-09 23:47
2026-08-09,CPF-STARBORN POWER FIST UNITY,1724,27,2026-08-09 23:47
2026-08-09,CPF-STARBORN POWER FIST OMEGA,1426,23,2026-08-09 23:47
2026-08-09,CPF-CRIMSON FLEET POWER FIST HELLHOUND,1082,16,2026-08-09 23:47
2026-08-09,Cassilia’s trainning dummy,269,7,2026-08-09 23:47
2026-08-09,CPF-RYUJIN DEATH CLAW,823,21,2026-08-09 23:47
2026-08-09,CASSILIA's MANTIS UNDERSUIT,1446,63,2026-08-09 23:47
2026-08-09,CPF-MANTIS BLADE,595,23,2026-08-09 23:47
2026-08-09,Cassilia's Casual Outfit & Glasses,780,61,2026-08-09 23:47
2026-08-09,TGG Galaxy Fashion Lingerie-BLACK STOCKING,257,200,2026-08-09 23:47
2026-08-10,CPF UC Vanguard Power Fist MK2,6,0,2026-08-10 04:59
2026-08-10,CASSILIAs Trainning Dummy,4,0,2026-08-10 04:59
2026-08-10,TownGGs Clothes Pirate Outfit,5478,51,2026-08-10 23:12
2026-08-10,Watchtower Chinese Translation,4342,3,2026-08-10 23:12
2026-08-10,realistic helmet 1st person vision DLC2 patch,2242,16,2026-08-10 23:12
2026-08-10,TownGGs Clothes White Dress,2317,19,2026-08-10 23:12
2026-08-10,TGG Cloth DVA bodysuit,4564,67,2026-08-10 23:12
2026-08-10,McClarence Outfitter Chinese Translation,1609,3,2026-08-10 23:12
2026-08-10,TGGs weapon Voids Gaze,1556,7,2026-08-10 23:12
2026-08-10,Realistic Helmet 1st Vision2 0,1736,21,2026-08-10 23:12
2026-08-10,CASSILIA S SOUL,2647,47,2026-08-10 23:12
2026-08-10,Realistic Helmet 1st Vision2 0b,1156,12,2026-08-10 23:12
2026-08-10,TGGs weapon Nova Cleaver,41,2,2026-08-10 23:12
2026-08-10,CASSILIA 's POWER FIST,3817,75,2026-08-10 23:12
2026-08-10,CPF VANGUARD POWER FIST MK2,1257,11,2026-08-10 23:12
2026-08-10,CPF STARBORN POWER FIST UNITY,1745,21,2026-08-10 23:12
2026-08-10,CPF STARBORN POWER FIST OMEGA,1446,20,2026-08-10 23:12
2026-08-10,CPF CRIMSON FLEET POWER FIST HELLHOUND,1099,17,2026-08-10 23:12
2026-08-10,Cassilia s trainning dummy,272,3,2026-08-10 23:12
2026-08-10,CPF RYUJIN DEATH CLAW,844,21,2026-08-10 23:12
2026-08-10,CASSILIA 's MANTIS UNDERSUIT,1512,66,2026-08-10 23:12
2026-08-10,CPF MANTIS BLADE,626,31,2026-08-10 23:12
2026-08-10,Cassilia 's Casual Outfit amp Glasses,830,50,2026-08-10 23:12
2026-08-10,TGG Galaxy Fashion Lingerie BLACK STOCKING,369,112,2026-08-10 23:12
2026-08-10,TGGs Black Lingeria,7416,71,2026-08-10 23:38
2026-08-10,TownGGs Clothes-Pirate Outfit,5478,51,2026-08-10 23:38
2026-08-10,Cassilias Old Constellation Uniform,16466,207,2026-08-10 23:38
2026-08-10,TGGs LaceBra,4053,36,2026-08-10 23:38
2026-08-10,Crimson Fleet Combat Robot Greande,4171,11,2026-08-10 23:38
2026-08-10,Watchtower-Chinese-Translation汉化补丁,4342,3,2026-08-10 23:38
2026-08-10,A Special Crew,3602,27,2026-08-10 23:38
2026-08-10,TGGs Swimsuit 02,2848,26,2026-08-10 23:38
2026-08-10,You can sit on toilets,3302,20,2026-08-10 23:38
2026-08-10,Nebula Protocol Suit,3077,26,2026-08-10 23:38
2026-08-10,realistic helmet 1st person vision-DLC2 patch,2242,16,2026-08-10 23:38
2026-08-10,TownGGs Clothes Fashion Skirt,2036,21,2026-08-10 23:38
2026-08-10,THE TERMINUS,4118,60,2026-08-10 23:38
2026-08-10,TownGGs Clothes-White Dress,2317,17,2026-08-10 23:38
2026-08-10,TGG Cloth-DVA bodysuit,4566,68,2026-08-10 23:38
2026-08-10,TGGs More Toilets,2437,11,2026-08-10 23:38
2026-08-10,TGGs Swimsuit 01,1830,17,2026-08-10 23:38
2026-08-10,McClarence Outfitter Chinese Translation汉化补丁,1610,4,2026-08-10 23:38
2026-08-10,TGGs weapon-Voids Gaze,1557,8,2026-08-10 23:38
2026-08-10,TownGGs Outpost Storage Expansion,1241,10,2026-08-10 23:38
2026-08-10,YOU NEED POOP,1553,6,2026-08-10 23:38
2026-08-10,Starborn Power Greande,1597,14,2026-08-10 23:38
2026-08-10,Realistic Helmet 1st Vision2.0,1736,21,2026-08-10 23:38
2026-08-10,CASSILIA’S SOUL,2652,52,2026-08-10 23:38
2026-08-10,Realistic Helmet 1st Vision2.0b,1157,13,2026-08-10 23:38
2026-08-10,TGGs Weird Toilets,655,1,2026-08-10 23:38
2026-08-10,TGGs Monster Hunter Bone Great Sword,871,7,2026-08-10 23:38
2026-08-10,TGGs More MapMarkers,610,8,2026-08-10 23:38
2026-08-10,CASSILIAs SOUL(CHINESE),436,11,2026-08-10 23:38
2026-08-10,THE TERMINUS (CHINESE),487,7,2026-08-10 23:38
2026-08-10,realistic helmet 1st person vision,103,0,2026-08-10 23:38
2026-08-10,Starborn Portal,72,0,2026-08-10 23:38
2026-08-10,TGGs weapon-Nova Cleaver,41,2,2026-08-10 23:38
2026-08-10,TGGs Madbean,11,0,2026-08-10 23:38
2026-08-10,CASSILIAs POWER FIST,3821,79,2026-08-10 23:38
2026-08-10,CPF-VANGUARD POWER FIST MK2,1257,11,2026-08-10 23:38
2026-08-10,CPF-STARBORN POWER FIST UNITY,1745,21,2026-08-10 23:38
2026-08-10,CPF-STARBORN POWER FIST OMEGA,1446,20,2026-08-10 23:38
2026-08-10,CPF-CRIMSON FLEET POWER FIST HELLHOUND,1099,17,2026-08-10 23:38
2026-08-10,Cassilia’s trainning dummy,272,3,2026-08-10 23:38
2026-08-10,CPF-RYUJIN DEATH CLAW,844,21,2026-08-10 23:38
2026-08-10,CASSILIA's MANTIS UNDERSUIT,1513,67,2026-08-10 23:38
2026-08-10,CPF-MANTIS BLADE,626,31,2026-08-10 23:38
2026-08-10,Cassilia's Casual Outfit & Glasses,832,52,2026-08-10 23:38
2026-08-10,TGG Galaxy Fashion Lingerie-BLACK STOCKING,370,113,2026-08-10 23:38
2026-08-11,TownGGs Clothes-Pirate Outfit,5513,35,2026-08-11 23:07
2026-08-11,Watchtower-Chinese-Translation汉化补丁,4350,8,2026-08-11 23:07
2026-08-11,realistic helmet 1st person vision-DLC2 patch,2256,14,2026-08-11 23:07
2026-08-11,TownGGs Clothes-White Dress,2333,16,2026-08-11 23:07
2026-08-11,TGG Cloth-DVA bodysuit,4632,66,2026-08-11 23:07
2026-08-11,McClarence Outfitter Chinese Translation汉化补丁,1611,1,2026-08-11 23:07
2026-08-11,TGGs weapon-Voids Gaze,1571,14,2026-08-11 23:07
2026-08-11,Realistic Helmet 1st Vision2.0,1763,27,2026-08-11 23:07
2026-08-11,CASSILIA’S SOUL,2689,37,2026-08-11 23:07
2026-08-11,Realistic Helmet 1st Vision2.0b,1178,21,2026-08-11 23:07
2026-08-11,TGGs weapon-Nova Cleaver,41,0,2026-08-11 23:07
2026-08-11,CASSILIAs POWER FIST,3888,67,2026-08-11 23:07
2026-08-11,CPF-VANGUARD POWER FIST MK2,1275,18,2026-08-11 23:07
2026-08-11,CPF-STARBORN POWER FIST UNITY,1777,32,2026-08-11 23:07
2026-08-11,CPF-STARBORN POWER FIST OMEGA,1478,32,2026-08-11 23:07
2026-08-11,CPF-CRIMSON FLEET POWER FIST HELLHOUND,1118,19,2026-08-11 23:07
2026-08-11,Cassilia’s trainning dummy,280,10,2026-08-11 23:07
2026-08-11,CPF-RYUJIN DEATH CLAW,863,19,2026-08-11 23:07
2026-08-11,CASSILIA's MANTIS UNDERSUIT,1578,65,2026-08-11 23:07
2026-08-11,CPF-MANTIS BLADE,641,15,2026-08-11 23:07
2026-08-11,Cassilia's Casual Outfit & Glasses,882,50,2026-08-11 23:07
2026-08-11,TGG Galaxy Fashion Lingerie-BLACK STOCKING,463,93,2026-08-11 23:07
2026-08-11,TGGs Black Lingeria,7472,56,2026-08-11 23:37
2026-08-11,TownGGs Clothes Pirate Outfit,5513,35,2026-08-11 23:37
2026-08-11,Cassilias Old Constellation Uniform,16659,193,2026-08-11 23:37
2026-08-11,TGGs LaceBra,4084,31,2026-08-11 23:37
2026-08-11,Crimson Fleet Combat Robot Greande,4180,9,2026-08-11 23:37
2026-08-11,Watchtower Chinese Translation,4351,9,2026-08-11 23:37
2026-08-11,A Special Crew,3628,26,2026-08-11 23:37
2026-08-11,TGGs Swimsuit 02,2881,33,2026-08-11 23:37
2026-08-11,You can sit on toilets,3323,21,2026-08-11 23:37
2026-08-11,Nebula Protocol Suit,3115,38,2026-08-11 23:37
2026-08-11,realistic helmet 1st person vision DLC2 patch,2256,14,2026-08-11 23:37
2026-08-11,TownGGs Clothes Fashion Skirt,2063,27,2026-08-11 23:37
2026-08-11,THE TERMINUS,4173,55,2026-08-11 23:37
2026-08-11,TownGGs Clothes White Dress,2333,16,2026-08-11 23:37
2026-08-11,TGG Cloth DVA bodysuit,4632,68,2026-08-11 23:37
2026-08-11,TGGs More Toilets,2453,16,2026-08-11 23:37
2026-08-11,TGGs Swimsuit 01,1854,24,2026-08-11 23:37
2026-08-11,McClarence Outfitter Chinese Translation,1611,2,2026-08-11 23:37
2026-08-11,TGGs weapon Voids Gaze,1571,15,2026-08-11 23:37
2026-08-11,TownGGs Outpost Storage Expansion,1248,7,2026-08-11 23:37
2026-08-11,YOU NEED POOP,1559,6,2026-08-11 23:37
2026-08-11,Starborn Power Greande,1613,16,2026-08-11 23:37
2026-08-11,Realistic Helmet 1st Vision2 0,1763,27,2026-08-11 23:37
2026-08-11,CASSILIA S SOUL,2689,42,2026-08-11 23:37
2026-08-11,Realistic Helmet 1st Vision2 0b,1178,22,2026-08-11 23:37
2026-08-11,TGGs Weird Toilets,657,2,2026-08-11 23:37
2026-08-11,TGGs Monster Hunter Bone Great Sword,883,12,2026-08-11 23:37
2026-08-11,TGGs More MapMarkers,612,2,2026-08-11 23:37
2026-08-11,CASSILIAs SOUL(CHINESE),453,17,2026-08-11 23:37
2026-08-11,THE TERMINUS (CHINESE),500,13,2026-08-11 23:37
2026-08-11,realistic helmet 1st person vision,103,0,2026-08-11 23:37
2026-08-11,Starborn Portal,72,0,2026-08-11 23:37
2026-08-11,TGGs weapon Nova Cleaver,41,0,2026-08-11 23:37
2026-08-11,TGGs Madbean,11,0,2026-08-11 23:37
2026-08-11,CASSILIA 's POWER FIST,3888,71,2026-08-11 23:37
2026-08-11,CPF VANGUARD POWER FIST MK2,1276,19,2026-08-11 23:37
2026-08-11,CPF STARBORN POWER FIST UNITY,1778,33,2026-08-11 23:37
2026-08-11,CPF STARBORN POWER FIST OMEGA,1479,33,2026-08-11 23:37
2026-08-11,CPF CRIMSON FLEET POWER FIST HELLHOUND,1119,20,2026-08-11 23:37
2026-08-11,Cassilia s trainning dummy,281,9,2026-08-11 23:37
2026-08-11,CPF RYUJIN DEATH CLAW,864,20,2026-08-11 23:37
2026-08-11,CASSILIA 's MANTIS UNDERSUIT,1582,70,2026-08-11 23:37
2026-08-11,CPF MANTIS BLADE,641,15,2026-08-11 23:37
2026-08-11,Cassilia 's Casual Outfit amp Glasses,884,54,2026-08-11 23:37
2026-08-11,TGG Galaxy Fashion Lingerie BLACK STOCKING,467,98,2026-08-11 23:37
2026-08-12,TownGGs Clothes-Pirate Outfit,5567,54,2026-08-12 23:07
2026-08-12,Watchtower-Chinese-Translation汉化补丁,4358,8,2026-08-12 23:07
2026-08-12,realistic helmet 1st person vision-DLC2 patch,2277,21,2026-08-12 23:07
2026-08-12,TownGGs Clothes-White Dress,2355,22,2026-08-12 23:07
2026-08-12,TGG Cloth-DVA bodysuit,4690,58,2026-08-12 23:07
2026-08-12,McClarence Outfitter Chinese Translation汉化补丁,1616,5,2026-08-12 23:07
2026-08-12,TGGs weapon-Voids Gaze,1583,12,2026-08-12 23:07
2026-08-12,Realistic Helmet 1st Vision2.0,1794,31,2026-08-12 23:07
2026-08-12,CASSILIA’S SOUL,2722,33,2026-08-12 23:07
2026-08-12,Realistic Helmet 1st Vision2.0b,1198,20,2026-08-12 23:07
2026-08-12,TGGs weapon-Nova Cleaver,41,0,2026-08-12 23:07
2026-08-12,CASSILIAs POWER FIST,3950,62,2026-08-12 23:07
2026-08-12,CPF-VANGUARD POWER FIST MK2,1288,13,2026-08-12 23:07
2026-08-12,CPF-STARBORN POWER FIST UNITY,1803,26,2026-08-12 23:07
2026-08-12,CPF-STARBORN POWER FIST OMEGA,1499,21,2026-08-12 23:07
2026-08-12,CPF-CRIMSON FLEET POWER FIST HELLHOUND,1143,25,2026-08-12 23:07
2026-08-12,Cassilia’s trainning dummy,291,12,2026-08-12 23:07
2026-08-12,CPF-RYUJIN DEATH CLAW,880,17,2026-08-12 23:07
2026-08-12,CASSILIA's MANTIS UNDERSUIT,1634,56,2026-08-12 23:07
2026-08-12,CPF-MANTIS BLADE,661,20,2026-08-12 23:07
2026-08-12,Cassilia's Casual Outfit & Glasses,928,46,2026-08-12 23:07
2026-08-12,TGG Galaxy Fashion Lingerie-BLACK STOCKING,545,82,2026-08-12 23:07
2026-08-12,TGGs Black Lingeria,7534,62,2026-08-12 23:37
2026-08-12,TownGGs Clothes Pirate Outfit,5567,54,2026-08-12 23:37
2026-08-12,Cassilias Old Constellation Uniform,16822,163,2026-08-12 23:37
2026-08-12,TGGs LaceBra,4111,27,2026-08-12 23:37
2026-08-12,Crimson Fleet Combat Robot Greande,4187,7,2026-08-12 23:37
2026-08-12,Watchtower Chinese Translation,4358,7,2026-08-12 23:37
2026-08-12,A Special Crew,3659,31,2026-08-12 23:37
2026-08-12,TGGs Swimsuit 02,2904,23,2026-08-12 23:37
2026-08-12,You can sit on toilets,3340,17,2026-08-12 23:37
2026-08-12,Nebula Protocol Suit,3141,26,2026-08-12 23:37
2026-08-12,realistic helmet 1st person vision DLC2 patch,2277,21,2026-08-12 23:37
2026-08-12,TownGGs Clothes Fashion Skirt,2091,28,2026-08-12 23:37
2026-08-12,THE TERMINUS,4219,46,2026-08-12 23:37
2026-08-12,TownGGs Clothes White Dress,2356,23,2026-08-12 23:37
2026-08-12,TGG Cloth DVA bodysuit,4691,59,2026-08-12 23:37
2026-08-12,TGGs More Toilets,2460,7,2026-08-12 23:37
2026-08-12,TGGs Swimsuit 01,1869,15,2026-08-12 23:37
2026-08-12,McClarence Outfitter Chinese Translation,1616,5,2026-08-12 23:37
2026-08-12,TGGs weapon Voids Gaze,1583,12,2026-08-12 23:37
2026-08-12,TownGGs Outpost Storage Expansion,1264,16,2026-08-12 23:37
2026-08-12,YOU NEED POOP,1563,4,2026-08-12 23:37
2026-08-12,Starborn Power Greande,1621,8,2026-08-12 23:37
2026-08-12,Realistic Helmet 1st Vision2 0,1794,31,2026-08-12 23:37
2026-08-12,CASSILIA S SOUL,2722,33,2026-08-12 23:37
2026-08-12,Realistic Helmet 1st Vision2 0b,1199,21,2026-08-12 23:37
2026-08-12,TGGs Weird Toilets,661,4,2026-08-12 23:37
2026-08-12,TGGs Monster Hunter Bone Great Sword,895,12,2026-08-12 23:37
2026-08-12,TGGs More MapMarkers,620,8,2026-08-12 23:37
2026-08-12,CASSILIAs SOUL(CHINESE),460,7,2026-08-12 23:37
2026-08-12,THE TERMINUS (CHINESE),505,5,2026-08-12 23:37
2026-08-12,realistic helmet 1st person vision,103,0,2026-08-12 23:37
2026-08-12,Starborn Portal,72,0,2026-08-12 23:37
2026-08-12,TGGs weapon Nova Cleaver,41,0,2026-08-12 23:37
2026-08-12,TGGs Madbean,11,0,2026-08-12 23:37
2026-08-12,CASSILIA 's POWER FIST,3952,64,2026-08-12 23:37
2026-08-12,CPF VANGUARD POWER FIST MK2,1289,13,2026-08-12 23:37
2026-08-12,CPF STARBORN POWER FIST UNITY,1804,26,2026-08-12 23:37
2026-08-12,CPF STARBORN POWER FIST OMEGA,1500,21,2026-08-12 23:37
2026-08-12,CPF CRIMSON FLEET POWER FIST HELLHOUND,1143,24,2026-08-12 23:37
2026-08-12,Cassilia s trainning dummy,291,15,2026-08-12 23:37
2026-08-12,CPF RYUJIN DEATH CLAW,880,16,2026-08-12 23:37
2026-08-12,CASSILIA 's MANTIS UNDERSUIT,1634,52,2026-08-12 23:37
2026-08-12,CPF MANTIS BLADE,662,21,2026-08-12 23:37
2026-08-12,Cassilia 's Casual Outfit amp Glasses,928,44,2026-08-12 23:37
2026-08-12,TGG Galaxy Fashion Lingerie BLACK STOCKING,545,78,2026-08-12 23:37
2026-08-13,TownGGs Clothes Pirate Outfit,5597,30,2026-08-13 23:08
2026-08-13,Watchtower Chinese Translation,4371,13,2026-08-13 23:08
2026-08-13,realistic helmet 1st person vision DLC2 patch,2284,7,2026-08-13 23:08
2026-08-13,TownGGs Clothes White Dress,2365,9,2026-08-13 23:08
2026-08-13,TGG Cloth DVA bodysuit,4745,54,2026-08-13 23:08
2026-08-13,McClarence Outfitter Chinese Translation,1622,6,2026-08-13 23:08
2026-08-13,TGGs weapon Voids Gaze,1591,8,2026-08-13 23:08
2026-08-13,Realistic Helmet 1st Vision2 0,1817,23,2026-08-13 23:08
2026-08-13,CASSILIA S SOUL,2759,37,2026-08-13 23:08
2026-08-13,Realistic Helmet 1st Vision2 0b,1204,5,2026-08-13 23:08
2026-08-13,TGGs weapon Nova Cleaver,41,0,2026-08-13 23:08
2026-08-13,CASSILIA 's POWER FIST,4018,66,2026-08-13 23:08
2026-08-13,CPF VANGUARD POWER FIST MK2,1297,8,2026-08-13 23:08
2026-08-13,CPF STARBORN POWER FIST UNITY,1819,15,2026-08-13 23:08
2026-08-13,CPF STARBORN POWER FIST OMEGA,1523,23,2026-08-13 23:08
2026-08-13,CPF CRIMSON FLEET POWER FIST HELLHOUND,1157,14,2026-08-13 23:08
2026-08-13,Cassilia s trainning dummy,294,5,2026-08-13 23:08
2026-08-13,CPF RYUJIN DEATH CLAW,893,13,2026-08-13 23:08
2026-08-13,CASSILIA 's MANTIS UNDERSUIT,1687,53,2026-08-13 23:08
2026-08-13,CPF MANTIS BLADE,680,18,2026-08-13 23:08
2026-08-13,Cassilia 's Casual Outfit amp Glasses,965,37,2026-08-13 23:08
2026-08-13,TGG Galaxy Fashion Lingerie BLACK STOCKING,625,80,2026-08-13 23:08
2026-08-13,TGGs Black Lingeria,7584,50,2026-08-13 23:37
2026-08-13,TownGGs Clothes-Pirate Outfit,5597,30,2026-08-13 23:37
2026-08-13,Cassilias Old Constellation Uniform,17010,188,2026-08-13 23:37
2026-08-13,TGGs LaceBra,4140,29,2026-08-13 23:37
2026-08-13,Crimson Fleet Combat Robot Greande,4196,9,2026-08-13 23:37
2026-08-13,Watchtower-Chinese-Translation汉化补丁,4372,14,2026-08-13 23:37
2026-08-13,A Special Crew,3678,19,2026-08-13 23:37
2026-08-13,TGGs Swimsuit 02,2923,19,2026-08-13 23:37
2026-08-13,You can sit on toilets,3360,20,2026-08-13 23:37
2026-08-13,Nebula Protocol Suit,3165,24,2026-08-13 23:37
2026-08-13,realistic helmet 1st person vision-DLC2 patch,2284,7,2026-08-13 23:37
2026-08-13,TownGGs Clothes Fashion Skirt,2114,23,2026-08-13 23:37
2026-08-13,THE TERMINUS,4263,44,2026-08-13 23:37
2026-08-13,TownGGs Clothes-White Dress,2365,10,2026-08-13 23:37
2026-08-13,TGG Cloth-DVA bodysuit,4745,55,2026-08-13 23:37
2026-08-13,TGGs More Toilets,2475,15,2026-08-13 23:37
2026-08-13,TGGs Swimsuit 01,1875,6,2026-08-13 23:37
2026-08-13,McClarence Outfitter Chinese Translation汉化补丁,1622,6,2026-08-13 23:37
2026-08-13,TGGs weapon-Voids Gaze,1591,8,2026-08-13 23:37
2026-08-13,TownGGs Outpost Storage Expansion,1268,4,2026-08-13 23:37
2026-08-13,YOU NEED POOP,1569,6,2026-08-13 23:37
2026-08-13,Starborn Power Greande,1624,3,2026-08-13 23:37
2026-08-13,Realistic Helmet 1st Vision2.0,1817,23,2026-08-13 23:37
2026-08-13,CASSILIA’S SOUL,2759,37,2026-08-13 23:37
2026-08-13,Realistic Helmet 1st Vision2.0b,1204,6,2026-08-13 23:37
2026-08-13,TGGs Weird Toilets,663,2,2026-08-13 23:37
2026-08-13,TGGs Monster Hunter Bone Great Sword,902,7,2026-08-13 23:37
2026-08-13,TGGs More MapMarkers,636,16,2026-08-13 23:37
2026-08-13,CASSILIAs SOUL(CHINESE),475,15,2026-08-13 23:37
2026-08-13,THE TERMINUS (CHINESE),513,8,2026-08-13 23:37
2026-08-13,realistic helmet 1st person vision,103,0,2026-08-13 23:37
2026-08-13,Starborn Portal,72,0,2026-08-13 23:37
2026-08-13,TGGs weapon-Nova Cleaver,41,0,2026-08-13 23:37
2026-08-13,TGGs Madbean,11,0,2026-08-13 23:37
2026-08-13,CASSILIAs POWER FIST,4018,68,2026-08-13 23:37
2026-08-13,CPF-VANGUARD POWER FIST MK2,1297,9,2026-08-13 23:37
2026-08-13,CPF-STARBORN POWER FIST UNITY,1819,16,2026-08-13 23:37
2026-08-13,CPF-STARBORN POWER FIST OMEGA,1523,24,2026-08-13 23:37
2026-08-13,CPF-CRIMSON FLEET POWER FIST HELLHOUND,1157,14,2026-08-13 23:37
2026-08-13,Cassilia’s trainning dummy,295,4,2026-08-13 23:37
2026-08-13,CPF-RYUJIN DEATH CLAW,893,13,2026-08-13 23:37
2026-08-13,CASSILIA's MANTIS UNDERSUIT,1687,53,2026-08-13 23:37
2026-08-13,CPF-MANTIS BLADE,680,19,2026-08-13 23:37
2026-08-13,Cassilia's Casual Outfit & Glasses,965,37,2026-08-13 23:37
2026-08-13,TGG Galaxy Fashion Lingerie-BLACK STOCKING,625,80,2026-08-13 23:37
2026-08-14,CPF UC Vanguard Power Fist MK2,6,0,2026-08-14 03:59
2026-08-14,CASSILIAs Trainning Dummy,4,0,2026-08-14 03:59
2026-08-14,TownGGs Clothes-Pirate Outfit,5635,38,2026-08-14 23:07
2026-08-14,Watchtower-Chinese-Translation汉化补丁,4396,24,2026-08-14 23:07
2026-08-14,realistic helmet 1st person vision-DLC2 patch,2299,15,2026-08-14 23:07
2026-08-14,TownGGs Clothes-White Dress,2382,17,2026-08-14 23:07
2026-08-14,TGG Cloth-DVA bodysuit,4804,59,2026-08-14 23:07
2026-08-14,McClarence Outfitter Chinese Translation汉化补丁,1624,2,2026-08-14 23:07
2026-08-14,TGGs weapon-Voids Gaze,1604,13,2026-08-14 23:07
2026-08-14,Realistic Helmet 1st Vision2.0,1838,21,2026-08-14 23:07
2026-08-14,CASSILIA’S SOUL,2786,27,2026-08-14 23:07
2026-08-14,Realistic Helmet 1st Vision2.0b,1217,13,2026-08-14 23:07
2026-08-14,TGGs weapon-Nova Cleaver,41,0,2026-08-14 23:07
2026-08-14,CASSILIAs POWER FIST,4084,66,2026-08-14 23:07
2026-08-14,CPF-VANGUARD POWER FIST MK2,1315,18,2026-08-14 23:07
2026-08-14,CPF-STARBORN POWER FIST UNITY,1842,23,2026-08-14 23:07
2026-08-14,CPF-STARBORN POWER FIST OMEGA,1553,30,2026-08-14 23:07
2026-08-14,CPF-CRIMSON FLEET POWER FIST HELLHOUND,1173,16,2026-08-14 23:07
2026-08-14,Cassilia’s trainning dummy,303,8,2026-08-14 23:07
2026-08-14,CPF-RYUJIN DEATH CLAW,906,13,2026-08-14 23:07
2026-08-14,CASSILIA's MANTIS UNDERSUIT,1732,45,2026-08-14 23:07
2026-08-14,CPF-MANTIS BLADE,697,17,2026-08-14 23:07
2026-08-14,Cassilia's Casual Outfit & Glasses,1008,43,2026-08-14 23:07
2026-08-14,TGG Galaxy Fashion Lingerie-BLACK STOCKING,691,66,2026-08-14 23:07
2026-08-14,TGGs Black Lingeria,7628,44,2026-08-14 23:37
2026-08-14,TownGGs Clothes Pirate Outfit,5635,38,2026-08-14 23:37
2026-08-14,Cassilias Old Constellation Uniform,17187,177,2026-08-14 23:37
2026-08-14,TGGs LaceBra,4157,17,2026-08-14 23:37
2026-08-14,Crimson Fleet Combat Robot Greande,4204,8,2026-08-14 23:37
2026-08-14,Watchtower Chinese Translation,4396,25,2026-08-14 23:37
2026-08-14,A Special Crew,3700,22,2026-08-14 23:37
2026-08-14,TGGs Swimsuit 02,2944,21,2026-08-14 23:37
2026-08-14,You can sit on toilets,3371,11,2026-08-14 23:37
2026-08-14,Nebula Protocol Suit,3189,24,2026-08-14 23:37
2026-08-14,realistic helmet 1st person vision DLC2 patch,2299,15,2026-08-14 23:37
2026-08-14,TownGGs Clothes Fashion Skirt,2130,16,2026-08-14 23:37
2026-08-14,THE TERMINUS,4304,41,2026-08-14 23:37
2026-08-14,TownGGs Clothes White Dress,2382,17,2026-08-14 23:37
2026-08-14,TGG Cloth DVA bodysuit,4807,62,2026-08-14 23:37
2026-08-14,TGGs More Toilets,2485,10,2026-08-14 23:37
2026-08-14,TGGs Swimsuit 01,1886,11,2026-08-14 23:37
2026-08-14,McClarence Outfitter Chinese Translation,1624,2,2026-08-14 23:37
2026-08-14,TGGs weapon Voids Gaze,1604,13,2026-08-14 23:37
2026-08-14,TownGGs Outpost Storage Expansion,1274,6,2026-08-14 23:37
2026-08-14,YOU NEED POOP,1575,6,2026-08-14 23:37
2026-08-14,Starborn Power Greande,1625,1,2026-08-14 23:37
2026-08-14,Realistic Helmet 1st Vision2 0,1839,22,2026-08-14 23:37
2026-08-14,CASSILIA S SOUL,2786,27,2026-08-14 23:37
2026-08-14,Realistic Helmet 1st Vision2 0b,1218,14,2026-08-14 23:37
2026-08-14,TGGs Weird Toilets,666,3,2026-08-14 23:37
2026-08-14,TGGs Monster Hunter Bone Great Sword,915,13,2026-08-14 23:37
2026-08-14,TGGs More MapMarkers,650,14,2026-08-14 23:37
2026-08-14,CASSILIAs SOUL(CHINESE),483,8,2026-08-14 23:37
2026-08-14,THE TERMINUS (CHINESE),517,4,2026-08-14 23:37
2026-08-14,realistic helmet 1st person vision,103,0,2026-08-14 23:37
2026-08-14,Starborn Portal,72,0,2026-08-14 23:37
2026-08-14,TGGs weapon Nova Cleaver,41,0,2026-08-14 23:37
2026-08-14,TGGs Madbean,11,0,2026-08-14 23:37
2026-08-14,CASSILIA 's POWER FIST,4085,67,2026-08-14 23:37
2026-08-14,CPF VANGUARD POWER FIST MK2,1315,18,2026-08-14 23:37
2026-08-14,CPF STARBORN POWER FIST UNITY,1842,23,2026-08-14 23:37
2026-08-14,CPF STARBORN POWER FIST OMEGA,1553,30,2026-08-14 23:37
2026-08-14,CPF CRIMSON FLEET POWER FIST HELLHOUND,1173,16,2026-08-14 23:37
2026-08-14,Cassilia s trainning dummy,303,10,2026-08-14 23:37
2026-08-14,CPF RYUJIN DEATH CLAW,906,13,2026-08-14 23:37
2026-08-14,CASSILIA 's MANTIS UNDERSUIT,1732,45,2026-08-14 23:37
2026-08-14,CPF MANTIS BLADE,697,17,2026-08-14 23:37
2026-08-14,Cassilia 's Casual Outfit amp Glasses,1008,43,2026-08-14 23:37
2026-08-14,TGG Galaxy Fashion Lingerie BLACK STOCKING,693,68,2026-08-14 23:37
2026-08-15,TownGGs Clothes Pirate Outfit,5656,21,2026-08-15 23:21
2026-08-15,Watchtower Chinese Translation,4399,3,2026-08-15 23:21
2026-08-15,realistic helmet 1st person vision DLC2 patch,2304,5,2026-08-15 23:21
2026-08-15,TownGGs Clothes White Dress,2391,9,2026-08-15 23:21
2026-08-15,TGG Cloth DVA bodysuit,4826,19,2026-08-15 23:21
2026-08-15,McClarence Outfitter Chinese Translation,1624,0,2026-08-15 23:21
2026-08-15,TGGs weapon Voids Gaze,1609,5,2026-08-15 23:21
2026-08-15,Realistic Helmet 1st Vision2 0,1848,9,2026-08-15 23:21
2026-08-15,CASSILIA S SOUL,2807,21,2026-08-15 23:21
2026-08-15,Realistic Helmet 1st Vision2 0b,1223,5,2026-08-15 23:21
2026-08-15,TGGs weapon Nova Cleaver,41,0,2026-08-15 23:21
2026-08-15,CASSILIA 's POWER FIST,4119,34,2026-08-15 23:21
2026-08-15,CPF VANGUARD POWER FIST MK2,1318,3,2026-08-15 23:21
2026-08-15,CPF-STARBORN POWER FIST UNITY,1855,13,2026-08-15 23:21
2026-08-15,CPF-STARBORN POWER FIST OMEGA,1559,6,2026-08-15 23:21
2026-08-15,CPF-CRIMSON FLEET POWER FIST HELLHOUND,1181,8,2026-08-15 23:21
2026-08-15,Cassilia’s trainning dummy,306,4,2026-08-15 23:21
2026-08-15,CPF-RYUJIN DEATH CLAW,915,9,2026-08-15 23:21
2026-08-15,CASSILIA's MANTIS UNDERSUIT,1757,25,2026-08-15 23:21
2026-08-15,CPF-MANTIS BLADE,709,12,2026-08-15 23:21
2026-08-15,Cassilia's Casual Outfit & Glasses,1024,16,2026-08-15 23:21
2026-08-15,TGG Galaxy Fashion Lingerie-BLACK STOCKING,738,47,2026-08-15 23:21
2026-08-15,TGGs Black Lingeria,7646,18,2026-08-15 23:51
2026-08-15,TownGGs Clothes-Pirate Outfit,5656,21,2026-08-15 23:51
2026-08-15,Cassilias Old Constellation Uniform,17264,77,2026-08-15 23:51
2026-08-15,TGGs LaceBra,4165,8,2026-08-15 23:51
2026-08-15,Crimson Fleet Combat Robot Greande,4210,6,2026-08-15 23:51
2026-08-15,Watchtower-Chinese-Translation汉化补丁,4399,3,2026-08-15 23:51
2026-08-15,A Special Crew,3711,11,2026-08-15 23:51
2026-08-15,TGGs Swimsuit 02,2956,12,2026-08-15 23:51
2026-08-15,You can sit on toilets,3376,5,2026-08-15 23:51
2026-08-15,Nebula Protocol Suit,3204,15,2026-08-15 23:51
2026-08-15,realistic helmet 1st person vision-DLC2 patch,2304,5,2026-08-15 23:51
2026-08-15,TownGGs Clothes Fashion Skirt,2136,6,2026-08-15 23:51
2026-08-15,THE TERMINUS,4328,24,2026-08-15 23:51
2026-08-15,TownGGs Clothes-White Dress,2391,9,2026-08-15 23:51
2026-08-15,TGG Cloth-DVA bodysuit,4826,22,2026-08-15 23:51
2026-08-15,TGGs More Toilets,2487,2,2026-08-15 23:51
2026-08-15,TGGs Swimsuit 01,1894,8,2026-08-15 23:51
2026-08-15,McClarence Outfitter Chinese Translation汉化补丁,1624,0,2026-08-15 23:51
2026-08-15,TGGs weapon-Voids Gaze,1609,5,2026-08-15 23:51
2026-08-15,TownGGs Outpost Storage Expansion,1277,3,2026-08-15 23:51
2026-08-15,YOU NEED POOP,1576,1,2026-08-15 23:51
2026-08-15,Starborn Power Greande,1632,7,2026-08-15 23:51
2026-08-15,Realistic Helmet 1st Vision2.0,1848,10,2026-08-15 23:51
2026-08-15,CASSILIA’S SOUL,2807,21,2026-08-15 23:51
2026-08-15,Realistic Helmet 1st Vision2.0b,1223,6,2026-08-15 23:51
2026-08-15,TGGs Weird Toilets,667,1,2026-08-15 23:51
2026-08-15,TGGs Monster Hunter Bone Great Sword,921,6,2026-08-15 23:51
2026-08-15,TGGs More MapMarkers,655,5,2026-08-15 23:51
2026-08-15,CASSILIAs SOUL(CHINESE),490,7,2026-08-15 23:51
2026-08-15,THE TERMINUS (CHINESE),519,2,2026-08-15 23:51
2026-08-15,realistic helmet 1st person vision,103,0,2026-08-15 23:51
2026-08-15,Starborn Portal,72,0,2026-08-15 23:51
2026-08-15,TGGs weapon-Nova Cleaver,41,0,2026-08-15 23:51
2026-08-15,TGGs Madbean,11,0,2026-08-15 23:51
2026-08-15,CASSILIAs POWER FIST,4119,35,2026-08-15 23:51
2026-08-15,CPF-VANGUARD POWER FIST MK2,1318,3,2026-08-15 23:51
2026-08-15,CPF STARBORN POWER FIST UNITY,1855,13,2026-08-15 23:51
2026-08-15,CPF STARBORN POWER FIST OMEGA,1559,6,2026-08-15 23:51
2026-08-15,CPF CRIMSON FLEET POWER FIST HELLHOUND,1181,8,2026-08-15 23:51
2026-08-15,Cassilia s trainning dummy,306,3,2026-08-15 23:51
2026-08-15,CPF RYUJIN DEATH CLAW,915,9,2026-08-15 23:51
2026-08-15,CASSILIA 's MANTIS UNDERSUIT,1757,25,2026-08-15 23:51
2026-08-15,CPF MANTIS BLADE,709,12,2026-08-15 23:51
2026-08-15,Cassilia 's Casual Outfit amp Glasses,1024,16,2026-08-15 23:51
2026-08-15,TGG Galaxy Fashion Lingerie BLACK STOCKING,738,45,2026-08-15 23:51
2026-08-16,TownGGs Clothes-Pirate Outfit,5720,64,2026-08-16 13:37
2026-08-16,Watchtower-Chinese-Translation汉化补丁,4418,19,2026-08-16 13:37
2026-08-16,realistic helmet 1st person vision-DLC2 patch,2323,19,2026-08-16 13:37
2026-08-16,TownGGs Clothes-White Dress,2415,24,2026-08-16 13:37
2026-08-16,TGG Cloth-DVA bodysuit,4916,90,2026-08-16 13:37
2026-08-16,McClarence Outfitter Chinese Translation汉化补丁,1630,6,2026-08-16 13:37
2026-08-16,TGGs weapon-Voids Gaze,1624,15,2026-08-16 13:37
2026-08-16,Realistic Helmet 1st Vision2.0,1894,46,2026-08-16 13:37
2026-08-16,CASSILIA’S SOUL,2873,66,2026-08-16 13:37
2026-08-16,Realistic Helmet 1st Vision2.0b,1240,17,2026-08-16 13:37
2026-08-16,TGGs weapon-Nova Cleaver,41,0,2026-08-16 13:37
2026-08-16,CASSILIAs POWER FIST,4219,100,2026-08-16 13:37
2026-08-16,CPF-VANGUARD POWER FIST MK2,1339,21,2026-08-16 13:37
2026-08-16,CPF STARBORN POWER FIST UNITY,1893,38,2026-08-16 13:37
2026-08-16,CPF STARBORN POWER FIST OMEGA,1604,45,2026-08-16 13:37
2026-08-16,CPF CRIMSON FLEET POWER FIST HELLHOUND,1204,23,2026-08-16 13:37
2026-08-16,Cassilia s trainning dummy,318,12,2026-08-16 13:37
2026-08-16,CPF RYUJIN DEATH CLAW,938,23,2026-08-16 13:37
2026-08-16,CASSILIA 's MANTIS UNDERSUIT,1855,98,2026-08-16 13:37
2026-08-16,CPF MANTIS BLADE,751,42,2026-08-16 13:37
2026-08-16,Cassilia 's Casual Outfit amp Glasses,1094,70,2026-08-16 13:37
2026-08-16,TGG Galaxy Fashion Lingerie BLACK STOCKING,840,102,2026-08-16 13:37
2026-08-16,TGGs Black Lingeria,7712,66,2026-08-16 14:06
2026-08-16,TownGGs Clothes Pirate Outfit,5721,65,2026-08-16 14:06
2026-08-16,Cassilias Old Constellation Uniform,17531,267,2026-08-16 14:06
2026-08-16,TGGs LaceBra,4193,28,2026-08-16 14:06
2026-08-16,Crimson Fleet Combat Robot Greande,4225,15,2026-08-16 14:06
2026-08-16,Watchtower Chinese Translation,4418,19,2026-08-16 14:06
2026-08-16,A Special Crew,3758,47,2026-08-16 14:06
2026-08-16,TGGs Swimsuit 02,2977,21,2026-08-16 14:06
2026-08-16,You can sit on toilets,3395,19,2026-08-16 14:06
2026-08-16,Nebula Protocol Suit,3260,56,2026-08-16 14:06
2026-08-16,realistic helmet 1st person vision DLC2 patch,2323,19,2026-08-16 14:06
2026-08-16,TownGGs Clothes Fashion Skirt,2170,34,2026-08-16 14:06
2026-08-16,THE TERMINUS,4398,70,2026-08-16 14:06
2026-08-16,TownGGs Clothes White Dress,2415,24,2026-08-16 14:06
2026-08-16,TGG Cloth DVA bodysuit,4916,90,2026-08-16 14:06
2026-08-16,TGGs More Toilets,2500,13,2026-08-16 14:06
2026-08-16,TGGs Swimsuit 01,1907,13,2026-08-16 14:06
2026-08-16,McClarence Outfitter Chinese Translation,1630,6,2026-08-16 14:06
2026-08-16,TGGs weapon Voids Gaze,1624,15,2026-08-16 14:06
2026-08-16,TownGGs Outpost Storage Expansion,1289,12,2026-08-16 14:06
2026-08-16,YOU NEED POOP,1583,7,2026-08-16 14:06
2026-08-16,Starborn Power Greande,1639,7,2026-08-16 14:06
2026-08-16,Realistic Helmet 1st Vision2 0,1894,46,2026-08-16 14:06
2026-08-16,CASSILIA S SOUL,2875,68,2026-08-16 14:06
2026-08-16,Realistic Helmet 1st Vision2 0b,1240,17,2026-08-16 14:06
2026-08-16,TGGs Weird Toilets,671,4,2026-08-16 14:06
2026-08-16,TGGs Monster Hunter Bone Great Sword,939,18,2026-08-16 14:06
2026-08-16,TGGs More MapMarkers,677,22,2026-08-16 14:06
2026-08-16,CASSILIAs SOUL(CHINESE),510,20,2026-08-16 14:06
2026-08-16,THE TERMINUS (CHINESE),525,6,2026-08-16 14:06
2026-08-16,realistic helmet 1st person vision,104,1,2026-08-16 14:06
2026-08-16,Starborn Portal,72,0,2026-08-16 14:06
2026-08-16,TGGs weapon Nova Cleaver,41,0,2026-08-16 14:06
2026-08-16,TGGs Madbean,11,0,2026-08-16 14:06
2026-08-16,CASSILIA 's POWER FIST,4222,103,2026-08-16 14:06
2026-08-16,CPF VANGUARD POWER FIST MK2,1340,22,2026-08-16 14:06
2026-08-16,CPF-STARBORN POWER FIST UNITY,1896,41,2026-08-16 14:06
2026-08-16,CPF-STARBORN POWER FIST OMEGA,1605,46,2026-08-16 14:06
2026-08-16,CPF-CRIMSON FLEET POWER FIST HELLHOUND,1204,23,2026-08-16 14:06
2026-08-16,Cassilia’s trainning dummy,316,12,2026-08-16 14:06
2026-08-16,CPF-RYUJIN DEATH CLAW,939,24,2026-08-16 14:06
2026-08-16,CASSILIA's MANTIS UNDERSUIT,1857,100,2026-08-16 14:06
2026-08-16,CPF-MANTIS BLADE,753,44,2026-08-16 14:06
2026-08-16,Cassilia's Casual Outfit & Glasses,1095,71,2026-08-16 14:06
2026-08-16,TGG Galaxy Fashion Lingerie-BLACK STOCKING,840,102,2026-08-16 14:06
2026-08-17,TownGGs Clothes Pirate Outfit,5785,64,2026-08-17 23:37
2026-08-17,Watchtower Chinese Translation,4448,30,2026-08-17 23:37
2026-08-17,realistic helmet 1st person vision DLC2 patch,2347,24,2026-08-17 23:37
2026-08-17,TownGGs Clothes White Dress,2433,18,2026-08-17 23:37
2026-08-17,TGG Cloth DVA bodysuit,5004,88,2026-08-17 23:37
2026-08-17,McClarence Outfitter Chinese Translation,1636,6,2026-08-17 23:37
2026-08-17,TGGs weapon Voids Gaze,1638,14,2026-08-17 23:37
2026-08-17,Realistic Helmet 1st Vision2 0,1930,36,2026-08-17 23:37
2026-08-17,CASSILIA S SOUL,2918,43,2026-08-17 23:37
2026-08-17,Realistic Helmet 1st Vision2 0b,1258,18,2026-08-17 23:37
2026-08-17,TGGs weapon Nova Cleaver,41,0,2026-08-17 23:37
2026-08-17,CASSILIA 's POWER FIST,4291,69,2026-08-17 23:37
2026-08-17,CPF VANGUARD POWER FIST MK2,1361,21,2026-08-17 23:37
2026-08-17,CPF-STARBORN POWER FIST UNITY,1934,38,2026-08-17 23:37
2026-08-17,CPF-STARBORN POWER FIST OMEGA,1641,36,2026-08-17 23:37
2026-08-17,CPF-CRIMSON FLEET POWER FIST HELLHOUND,1230,26,2026-08-17 23:37
2026-08-17,Cassilia’s trainning dummy,330,15,2026-08-17 23:37
2026-08-17,CPF-RYUJIN DEATH CLAW,971,32,2026-08-17 23:37
2026-08-17,CASSILIA's MANTIS UNDERSUIT,1941,84,2026-08-17 23:37
2026-08-17,CPF-MANTIS BLADE,788,35,2026-08-17 23:37
2026-08-17,Cassilia's Casual Outfit & Glasses,1161,66,2026-08-17 23:37
2026-08-17,TGG Galaxy Fashion Lingerie-BLACK STOCKING,955,115,2026-08-17 23:37
2026-08-17,TGGs Black Lingeria,7801,89,2026-08-17 23:53
2026-08-17,TownGGs Clothes-Pirate Outfit,5786,66,2026-08-17 23:53
2026-08-17,Cassilias Old Constellation Uniform,17848,317,2026-08-17 23:53
2026-08-17,TGGs LaceBra,4240,47,2026-08-17 23:53
2026-08-17,Crimson Fleet Combat Robot Greande,4238,13,2026-08-17 23:53
2026-08-17,Watchtower-Chinese-Translation汉化补丁,4448,30,2026-08-17 23:53
2026-08-17,A Special Crew,3800,42,2026-08-17 23:53
2026-08-17,TGGs Swimsuit 02,3021,44,2026-08-17 23:53
2026-08-17,You can sit on toilets,3409,14,2026-08-17 23:53
2026-08-17,Nebula Protocol Suit,3303,43,2026-08-17 23:53
2026-08-17,realistic helmet 1st person vision-DLC2 patch,2347,24,2026-08-17 23:53
2026-08-17,TownGGs Clothes Fashion Skirt,2188,18,2026-08-17 23:53
2026-08-17,THE TERMINUS,4451,53,2026-08-17 23:53
2026-08-17,TownGGs Clothes-White Dress,2433,18,2026-08-17 23:53
2026-08-17,TGG Cloth-DVA bodysuit,5009,93,2026-08-17 23:53
2026-08-17,TGGs More Toilets,2509,9,2026-08-17 23:53
2026-08-17,TGGs Swimsuit 01,1927,20,2026-08-17 23:53
2026-08-17,McClarence Outfitter Chinese Translation汉化补丁,1636,6,2026-08-17 23:53
2026-08-17,TGGs weapon-Voids Gaze,1640,16,2026-08-17 23:53
2026-08-17,TownGGs Outpost Storage Expansion,1300,11,2026-08-17 23:53
2026-08-17,YOU NEED POOP,1590,7,2026-08-17 23:53
2026-08-17,Starborn Power Greande,1647,8,2026-08-17 23:53
2026-08-17,Realistic Helmet 1st Vision2.0,1930,36,2026-08-17 23:53
2026-08-17,CASSILIA’S SOUL,2918,45,2026-08-17 23:53
2026-08-17,Realistic Helmet 1st Vision2.0b,1258,18,2026-08-17 23:53
2026-08-17,TGGs Weird Toilets,678,7,2026-08-17 23:53
2026-08-17,TGGs Monster Hunter Bone Great Sword,952,13,2026-08-17 23:53
2026-08-17,TGGs More MapMarkers,696,19,2026-08-17 23:53
2026-08-17,CASSILIAs SOUL(CHINESE),520,10,2026-08-17 23:53
2026-08-17,THE TERMINUS (CHINESE),527,2,2026-08-17 23:53
2026-08-17,realistic helmet 1st person vision,104,0,2026-08-17 23:53
2026-08-17,Starborn Portal,72,0,2026-08-17 23:53
2026-08-17,TGGs weapon-Nova Cleaver,41,0,2026-08-17 23:53
2026-08-17,TGGs Madbean,11,0,2026-08-17 23:53
2026-08-17,CASSILIAs POWER FIST,4291,72,2026-08-17 23:53
2026-08-17,CPF-VANGUARD POWER FIST MK2,1361,22,2026-08-17 23:53
2026-08-17,CPF STARBORN POWER FIST UNITY,1934,41,2026-08-17 23:53
2026-08-17,CPF STARBORN POWER FIST OMEGA,1641,37,2026-08-17 23:53
2026-08-17,CPF CRIMSON FLEET POWER FIST HELLHOUND,1230,26,2026-08-17 23:53
2026-08-17,Cassilia s trainning dummy,330,13,2026-08-17 23:53
2026-08-17,CPF RYUJIN DEATH CLAW,971,33,2026-08-17 23:53
2026-08-17,CASSILIA 's MANTIS UNDERSUIT,1941,86,2026-08-17 23:53
2026-08-17,CPF MANTIS BLADE,788,37,2026-08-17 23:53
2026-08-17,Cassilia 's Casual Outfit amp Glasses,1162,68,2026-08-17 23:53
2026-08-17,TGG Galaxy Fashion Lingerie BLACK STOCKING,955,115,2026-08-17 23:53
2026-08-18,TownGGs Clothes Pirate Outfit,5807,22,2026-08-18 23:06
2026-08-18,Watchtower Chinese Translation,4459,11,2026-08-18 23:06
2026-08-18,realistic helmet 1st person vision DLC2 patch,2357,10,2026-08-18 23:06
2026-08-18,TownGGs Clothes White Dress,2443,10,2026-08-18 23:06
2026-08-18,TGG Cloth DVA bodysuit,5037,33,2026-08-18 23:06
2026-08-18,McClarence Outfitter Chinese Translation,1638,2,2026-08-18 23:06
2026-08-18,TGGs weapon Voids Gaze,1643,5,2026-08-18 23:06
2026-08-18,Realistic Helmet 1st Vision2 0,1948,18,2026-08-18 23:06
2026-08-18,CASSILIA S SOUL,2944,26,2026-08-18 23:06
2026-08-18,Realistic Helmet 1st Vision2 0b,1266,8,2026-08-18 23:06
2026-08-18,TGGs weapon Nova Cleaver,41,0,2026-08-18 23:06
2026-08-18,CASSILIA 's POWER FIST,4335,44,2026-08-18 23:06
2026-08-18,CPF VANGUARD POWER FIST MK2,1368,7,2026-08-18 23:06
2026-08-18,CPF-STARBORN POWER FIST UNITY,1949,15,2026-08-18 23:06
2026-08-18,CPF-STARBORN POWER FIST OMEGA,1659,18,2026-08-18 23:06
2026-08-18,CPF-CRIMSON FLEET POWER FIST HELLHOUND,1239,9,2026-08-18 23:06
2026-08-18,Cassilia’s trainning dummy,336,9,2026-08-18 23:06
2026-08-18,CPF-RYUJIN DEATH CLAW,981,10,2026-08-18 23:06
2026-08-18,CASSILIA's MANTIS UNDERSUIT,1981,40,2026-08-18 23:06
2026-08-18,CPF-MANTIS BLADE,803,15,2026-08-18 23:06
2026-08-18,Cassilia's Casual Outfit & Glasses,1183,22,2026-08-18 23:06
2026-08-18,TGG Galaxy Fashion Lingerie-BLACK STOCKING,1007,52,2026-08-18 23:06
2026-08-18,TGG Galaxy Fashion-Fruit Pajama Collection,6,3,2026-08-18 23:06
2026-08-18,TGGs Black Lingeria,7834,33,2026-08-18 23:52
2026-08-18,TownGGs Clothes-Pirate Outfit,5807,21,2026-08-18 23:52
2026-08-18,Cassilias Old Constellation Uniform,17966,118,2026-08-18 23:52
2026-08-18,TGGs LaceBra,4258,18,2026-08-18 23:52
2026-08-18,Crimson Fleet Combat Robot Greande,4244,6,2026-08-18 23:52
2026-08-18,Watchtower-Chinese-Translation汉化补丁,4459,11,2026-08-18 23:52
2026-08-18,A Special Crew,3819,19,2026-08-18 23:52
2026-08-18,TGGs Swimsuit 02,3033,12,2026-08-18 23:52
2026-08-18,You can sit on toilets,3416,7,2026-08-18 23:52
2026-08-18,Nebula Protocol Suit,3318,15,2026-08-18 23:52
2026-08-18,realistic helmet 1st person vision-DLC2 patch,2357,10,2026-08-18 23:52
2026-08-18,TownGGs Clothes Fashion Skirt,2195,7,2026-08-18 23:52
2026-08-18,THE TERMINUS,4489,38,2026-08-18 23:52
2026-08-18,TownGGs Clothes-White Dress,2443,10,2026-08-18 23:52
2026-08-18,TGG Cloth-DVA bodysuit,5037,28,2026-08-18 23:52
2026-08-18,TGGs More Toilets,2519,10,2026-08-18 23:52
2026-08-18,TGGs Swimsuit 01,1935,8,2026-08-18 23:52
2026-08-18,McClarence Outfitter Chinese Translation汉化补丁,1638,2,2026-08-18 23:52
2026-08-18,TGGs weapon-Voids Gaze,1643,3,2026-08-18 23:52
2026-08-18,TownGGs Outpost Storage Expansion,1309,9,2026-08-18 23:52
2026-08-18,YOU NEED POOP,1594,4,2026-08-18 23:52
2026-08-18,Starborn Power Greande,1652,5,2026-08-18 23:52
2026-08-18,Realistic Helmet 1st Vision2.0,1948,18,2026-08-18 23:52
2026-08-18,CASSILIA’S SOUL,2944,26,2026-08-18 23:52
2026-08-18,Realistic Helmet 1st Vision2.0b,1266,8,2026-08-18 23:52
2026-08-18,TGGs Weird Toilets,678,0,2026-08-18 23:52
2026-08-18,TGGs Monster Hunter Bone Great Sword,958,6,2026-08-18 23:52
2026-08-18,TGGs More MapMarkers,710,14,2026-08-18 23:52
2026-08-18,CASSILIAs SOUL(CHINESE),526,6,2026-08-18 23:52
2026-08-18,THE TERMINUS (CHINESE),527,0,2026-08-18 23:52
2026-08-18,realistic helmet 1st person vision,104,0,2026-08-18 23:52
2026-08-18,Starborn Portal,73,1,2026-08-18 23:52
2026-08-18,TGGs weapon-Nova Cleaver,41,0,2026-08-18 23:52
2026-08-18,TGGs Madbean,11,0,2026-08-18 23:52
2026-08-18,CASSILIAs POWER FIST,4335,44,2026-08-18 23:52
2026-08-18,CPF-VANGUARD POWER FIST MK2,1368,7,2026-08-18 23:52
2026-08-18,CPF STARBORN POWER FIST UNITY,1949,15,2026-08-18 23:52
2026-08-18,CPF STARBORN POWER FIST OMEGA,1659,18,2026-08-18 23:52
2026-08-18,CPF CRIMSON FLEET POWER FIST HELLHOUND,1239,9,2026-08-18 23:52
2026-08-18,Cassilia s trainning dummy,336,8,2026-08-18 23:52
2026-08-18,CPF RYUJIN DEATH CLAW,981,10,2026-08-18 23:52
2026-08-18,CASSILIA 's MANTIS UNDERSUIT,1981,40,2026-08-18 23:52
2026-08-18,CPF MANTIS BLADE,803,15,2026-08-18 23:52
2026-08-18,Cassilia 's Casual Outfit amp Glasses,1183,21,2026-08-18 23:52
2026-08-18,TGG Galaxy Fashion Lingerie BLACK STOCKING,1007,52,2026-08-18 23:52
2026-08-18,TGG Galaxy Fashion Fruit Pajama Collection,6,2,2026-08-18 23:52
2026-08-19,CPF UC Vanguard Power Fist MK2,6,0,2026-08-19 07:25
2026-08-19,CASSILIAs Trainning Dummy,4,0,2026-08-19 07:25
2026-08-19,TownGGs Clothes Pirate Outfit,5843,36,2026-08-19 23:20
2026-08-19,Watchtower Chinese Translation,4474,15,2026-08-19 23:20
2026-08-19,realistic helmet 1st person vision DLC2 patch,2372,15,2026-08-19 23:20
2026-08-19,TownGGs Clothes White Dress,2464,21,2026-08-19 23:20
2026-08-19,TGG Cloth DVA bodysuit,5100,63,2026-08-19 23:20
2026-08-19,McClarence Outfitter Chinese Translation,1642,4,2026-08-19 23:20
2026-08-19,TGGs weapon Voids Gaze,1656,13,2026-08-19 23:20
2026-08-19,Realistic Helmet 1st Vision2 0,1974,26,2026-08-19 23:20
2026-08-19,CASSILIA S SOUL,2966,22,2026-08-19 23:20
2026-08-19,Realistic Helmet 1st Vision2 0b,1280,14,2026-08-19 23:20
2026-08-19,TGGs weapon Nova Cleaver,41,0,2026-08-19 23:20
2026-08-19,CASSILIA 's POWER FIST,4393,58,2026-08-19 23:20
2026-08-19,CPF VANGUARD POWER FIST MK2,1378,10,2026-08-19 23:20
2026-08-19,CPF STARBORN POWER FIST UNITY,1970,21,2026-08-19 23:20
2026-08-19,CPF STARBORN POWER FIST OMEGA,1679,20,2026-08-19 23:20
2026-08-19,CPF CRIMSON FLEET POWER FIST HELLHOUND,1250,11,2026-08-19 23:20
2026-08-19,Cassilia s trainning dummy,345,9,2026-08-19 23:20
2026-08-19,CPF RYUJIN DEATH CLAW,996,15,2026-08-19 23:20
2026-08-19,CASSILIA 's MANTIS UNDERSUIT,2040,59,2026-08-19 23:20
2026-08-19,CPF MANTIS BLADE,832,29,2026-08-19 23:20
2026-08-19,Cassilia 's Casual Outfit amp Glasses,1220,37,2026-08-19 23:20
2026-08-19,TGG Galaxy Fashion Lingerie BLACK STOCKING,1094,87,2026-08-19 23:20
2026-08-19,TGG Galaxy Fashion Fruit Pajama Collection,21,15,2026-08-19 23:20
2026-08-19,TGGs Black Lingeria,7893,59,2026-08-19 23:46
2026-08-19,TownGGs Clothes-Pirate Outfit,5843,36,2026-08-19 23:46
2026-08-19,Cassilias Old Constellation Uniform,18173,207,2026-08-19 23:46
2026-08-19,TGGs LaceBra,4283,25,2026-08-19 23:46
2026-08-19,Crimson Fleet Combat Robot Greande,4255,11,2026-08-19 23:46
2026-08-19,Watchtower-Chinese-Translation汉化补丁,4474,15,2026-08-19 23:46
2026-08-19,A Special Crew,3846,27,2026-08-19 23:46
2026-08-19,TGGs Swimsuit 02,3050,17,2026-08-19 23:46
2026-08-19,You can sit on toilets,3433,17,2026-08-19 23:46
2026-08-19,Nebula Protocol Suit,3341,23,2026-08-19 23:46
2026-08-19,realistic helmet 1st person vision-DLC2 patch,2372,15,2026-08-19 23:46
2026-08-19,TownGGs Clothes Fashion Skirt,2211,16,2026-08-19 23:46
2026-08-19,THE TERMINUS,4532,43,2026-08-19 23:46
2026-08-19,TownGGs Clothes-White Dress,2464,21,2026-08-19 23:46
2026-08-19,TGG Cloth-DVA bodysuit,5100,63,2026-08-19 23:46
2026-08-19,TGGs More Toilets,2525,6,2026-08-19 23:46
2026-08-19,TGGs Swimsuit 01,1947,12,2026-08-19 23:46
2026-08-19,McClarence Outfitter Chinese Translation汉化补丁,1642,4,2026-08-19 23:46
2026-08-19,TGGs weapon-Voids Gaze,1656,13,2026-08-19 23:46
2026-08-19,TownGGs Outpost Storage Expansion,1319,10,2026-08-19 23:46
2026-08-19,YOU NEED POOP,1597,3,2026-08-19 23:46
2026-08-19,Starborn Power Greande,1663,11,2026-08-19 23:46
2026-08-19,Realistic Helmet 1st Vision2.0,1974,26,2026-08-19 23:46
2026-08-19,CASSILIA’S SOUL,2966,22,2026-08-19 23:46
2026-08-19,Realistic Helmet 1st Vision2.0b,1280,14,2026-08-19 23:46
2026-08-19,TGGs Weird Toilets,678,0,2026-08-19 23:46
2026-08-19,TGGs Monster Hunter Bone Great Sword,969,11,2026-08-19 23:46
2026-08-19,TGGs More MapMarkers,716,6,2026-08-19 23:46
2026-08-19,CASSILIAs SOUL(CHINESE),539,13,2026-08-19 23:46
2026-08-19,THE TERMINUS (CHINESE),530,3,2026-08-19 23:46
2026-08-19,realistic helmet 1st person vision,104,0,2026-08-19 23:46
2026-08-19,Starborn Portal,73,0,2026-08-19 23:46
2026-08-19,TGGs weapon-Nova Cleaver,41,0,2026-08-19 23:46
2026-08-19,TGGs Madbean,11,0,2026-08-19 23:46
2026-08-19,CASSILIAs POWER FIST,4393,58,2026-08-19 23:46
2026-08-19,CPF-VANGUARD POWER FIST MK2,1378,10,2026-08-19 23:46
2026-08-19,CPF-STARBORN POWER FIST UNITY,1970,21,2026-08-19 23:46
2026-08-19,CPF-STARBORN POWER FIST OMEGA,1679,20,2026-08-19 23:46
2026-08-19,CPF-CRIMSON FLEET POWER FIST HELLHOUND,1250,11,2026-08-19 23:46
2026-08-19,Cassilia’s trainning dummy,345,9,2026-08-19 23:46
2026-08-19,CPF-RYUJIN DEATH CLAW,996,15,2026-08-19 23:46
2026-08-19,CASSILIA's MANTIS UNDERSUIT,2040,59,2026-08-19 23:46
2026-08-19,CPF-MANTIS BLADE,832,29,2026-08-19 23:46
2026-08-19,Cassilia's Casual Outfit & Glasses,1220,37,2026-08-19 23:46
2026-08-19,TGG Galaxy Fashion Lingerie-BLACK STOCKING,1094,87,2026-08-19 23:46
2026-08-19,TGG Galaxy Fashion-Fruit Pajama Collection,21,15,2026-08-19 23:46
2026-08-20,TownGGs Clothes Pirate Outfit,5881,38,2026-08-20 23:39
2026-08-20,Watchtower Chinese Translation,4484,10,2026-08-20 23:39
2026-08-20,realistic helmet 1st person vision DLC2 patch,2382,10,2026-08-20 23:39
2026-08-20,TownGGs Clothes White Dress,2477,13,2026-08-20 23:39
2026-08-20,TGG Cloth DVA bodysuit,5144,44,2026-08-20 23:39
2026-08-20,McClarence Outfitter Chinese Translation,1643,1,2026-08-20 23:39
2026-08-20,TGGs weapon Voids Gaze,1665,9,2026-08-20 23:39
2026-08-20,Realistic Helmet 1st Vision2 0,1999,25,2026-08-20 23:39
2026-08-20,CASSILIA S SOUL,3008,42,2026-08-20 23:39
2026-08-20,Realistic Helmet 1st Vision2 0b,1289,9,2026-08-20 23:39
2026-08-20,TGGs weapon Nova Cleaver,41,0,2026-08-20 23:39
2026-08-20,CASSILIA 's POWER FIST,4439,46,2026-08-20 23:39
2026-08-20,CPF VANGUARD POWER FIST MK2,1381,3,2026-08-20 23:39
2026-08-20,CPF STARBORN POWER FIST UNITY,1983,13,2026-08-20 23:39
2026-08-20,CPF STARBORN POWER FIST OMEGA,1691,12,2026-08-20 23:39
2026-08-20,CPF CRIMSON FLEET POWER FIST HELLHOUND,1255,5,2026-08-20 23:39
2026-08-20,Cassilia s trainning dummy,346,2,2026-08-20 23:39
2026-08-20,CPF RYUJIN DEATH CLAW,1003,7,2026-08-20 23:39
2026-08-20,CASSILIA 's MANTIS UNDERSUIT,2092,52,2026-08-20 23:39
2026-08-20,CPF MANTIS BLADE,854,22,2026-08-20 23:39
2026-08-20,Cassilia 's Casual Outfit amp Glasses,1248,28,2026-08-20 23:39
2026-08-20,TGG Galaxy Fashion Lingerie BLACK STOCKING,1171,77,2026-08-20 23:39
2026-08-20,TGG Galaxy Fashion Fruit Pajama Collection,28,7,2026-08-20 23:39
2026-08-20,TGGs Black Lingeria,7945,52,2026-08-20 23:49
2026-08-20,TownGGs Clothes-Pirate Outfit,5882,39,2026-08-20 23:49
2026-08-20,Cassilias Old Constellation Uniform,18342,169,2026-08-20 23:49
2026-08-20,TGGs LaceBra,4310,27,2026-08-20 23:49
2026-08-20,Crimson Fleet Combat Robot Greande,4263,8,2026-08-20 23:49
2026-08-20,Watchtower-Chinese-Translation汉化补丁,4484,10,2026-08-20 23:49
2026-08-20,A Special Crew,3874,28,2026-08-20 23:49
2026-08-20,TGGs Swimsuit 02,3077,27,2026-08-20 23:49
2026-08-20,You can sit on toilets,3445,12,2026-08-20 23:49
2026-08-20,Nebula Protocol Suit,3361,20,2026-08-20 23:49
2026-08-20,realistic helmet 1st person vision-DLC2 patch,2382,10,2026-08-20 23:49
2026-08-20,TownGGs Clothes Fashion Skirt,2216,5,2026-08-20 23:49
2026-08-20,THE TERMINUS,4584,52,2026-08-20 23:49
2026-08-20,TownGGs Clothes-White Dress,2477,13,2026-08-20 23:49
2026-08-20,TGG Cloth-DVA bodysuit,5145,45,2026-08-20 23:49
2026-08-20,TGGs More Toilets,2534,9,2026-08-20 23:49
2026-08-20,TGGs Swimsuit 01,1957,10,2026-08-20 23:49
2026-08-20,McClarence Outfitter Chinese Translation汉化补丁,1643,1,2026-08-20 23:49
2026-08-20,TGGs weapon-Voids Gaze,1665,9,2026-08-20 23:49
2026-08-20,TownGGs Outpost Storage Expansion,1338,19,2026-08-20 23:49
2026-08-20,YOU NEED POOP,1599,2,2026-08-20 23:49
2026-08-20,Starborn Power Greande,1668,5,2026-08-20 23:49
2026-08-20,Realistic Helmet 1st Vision2.0,2000,26,2026-08-20 23:49
2026-08-20,CASSILIA’S SOUL,3008,42,2026-08-20 23:49
2026-08-20,Realistic Helmet 1st Vision2.0b,1289,9,2026-08-20 23:49
2026-08-20,TGGs Weird Toilets,679,1,2026-08-20 23:49
2026-08-20,TGGs Monster Hunter Bone Great Sword,980,11,2026-08-20 23:49
2026-08-20,TGGs More MapMarkers,725,9,2026-08-20 23:49
2026-08-20,CASSILIAs SOUL(CHINESE),554,15,2026-08-20 23:49
2026-08-20,THE TERMINUS (CHINESE),532,2,2026-08-20 23:49
2026-08-20,realistic helmet 1st person vision,104,0,2026-08-20 23:49
2026-08-20,Starborn Portal,73,0,2026-08-20 23:49
2026-08-20,TGGs weapon-Nova Cleaver,41,0,2026-08-20 23:49
2026-08-20,TGGs Madbean,11,0,2026-08-20 23:49
2026-08-20,CASSILIAs POWER FIST,4439,46,2026-08-20 23:49
2026-08-20,CPF-VANGUARD POWER FIST MK2,1381,3,2026-08-20 23:49
2026-08-20,CPF-STARBORN POWER FIST UNITY,1983,13,2026-08-20 23:49
2026-08-20,CPF-STARBORN POWER FIST OMEGA,1691,12,2026-08-20 23:49
2026-08-20,CPF-CRIMSON FLEET POWER FIST HELLHOUND,1255,5,2026-08-20 23:49
2026-08-20,Cassilia’s trainning dummy,346,2,2026-08-20 23:49
2026-08-20,CPF-RYUJIN DEATH CLAW,1003,7,2026-08-20 23:49
2026-08-20,CASSILIA's MANTIS UNDERSUIT,2092,52,2026-08-20 23:49
2026-08-20,CPF-MANTIS BLADE,854,22,2026-08-20 23:49
2026-08-20,Cassilia's Casual Outfit & Glasses,1249,29,2026-08-20 23:49
2026-08-20,TGG Galaxy Fashion Lingerie-BLACK STOCKING,1171,77,2026-08-20 23:49
2026-08-20,TGG Galaxy Fashion-Fruit Pajama Collection,28,7,2026-08-20 23:49
2026-08-21,TownGGs Clothes-Pirate Outfit,5902,20,2026-08-21 23:32
2026-08-21,Watchtower-Chinese-Translation汉化补丁,4486,2,2026-08-21 23:32
2026-08-21,realistic helmet 1st person vision-DLC2 patch,2390,8,2026-08-21 23:32
2026-08-21,TownGGs Clothes-White Dress,2492,15,2026-08-21 23:32
2026-08-21,TGG Cloth-DVA bodysuit,5170,25,2026-08-21 23:32
2026-08-21,McClarence Outfitter Chinese Translation汉化补丁,1645,2,2026-08-21 23:32
2026-08-21,TGGs weapon-Voids Gaze,1667,2,2026-08-21 23:32
2026-08-21,Realistic Helmet 1st Vision2.0,2014,14,2026-08-21 23:32
2026-08-21,CASSILIA’S SOUL,3022,14,2026-08-21 23:32
2026-08-21,Realistic Helmet 1st Vision2.0b,1296,7,2026-08-21 23:32
2026-08-21,TGGs weapon-Nova Cleaver,41,0,2026-08-21 23:32
2026-08-21,CASSILIAs POWER FIST,4467,28,2026-08-21 23:32
2026-08-21,CPF-VANGUARD POWER FIST MK2,1384,3,2026-08-21 23:32
2026-08-21,CPF-STARBORN POWER FIST UNITY,1997,14,2026-08-21 23:32
2026-08-21,CPF-STARBORN POWER FIST OMEGA,1697,6,2026-08-21 23:32
2026-08-21,CPF-CRIMSON FLEET POWER FIST HELLHOUND,1259,4,2026-08-21 23:32
2026-08-21,Cassilia’s trainning dummy,346,0,2026-08-21 23:32
2026-08-21,CPF-RYUJIN DEATH CLAW,1007,4,2026-08-21 23:32
2026-08-21,CASSILIA's MANTIS UNDERSUIT,2111,19,2026-08-21 23:32
2026-08-21,CPF-MANTIS BLADE,867,13,2026-08-21 23:32
2026-08-21,Cassilia's Casual Outfit & Glasses,1270,21,2026-08-21 23:32
2026-08-21,TGG Galaxy Fashion Lingerie-BLACK STOCKING,1214,43,2026-08-21 23:32
2026-08-21,TGG Galaxy Fashion-Fruit Pajama Collection,33,5,2026-08-21 23:32
2026-08-21,TGGs Black Lingeria,7983,38,2026-08-21 23:57
2026-08-21,TownGGs Clothes Pirate Outfit,5902,21,2026-08-21 23:57
2026-08-21,Cassilias Old Constellation Uniform,18443,101,2026-08-21 23:57
2026-08-21,TGGs LaceBra,4327,17,2026-08-21 23:57
2026-08-21,Crimson Fleet Combat Robot Greande,4267,4,2026-08-21 23:57
2026-08-21,Watchtower Chinese Translation,4486,2,2026-08-21 23:57
2026-08-21,A Special Crew,3885,11,2026-08-21 23:57
2026-08-21,TGGs Swimsuit 02,3089,12,2026-08-21 23:57
2026-08-21,You can sit on toilets,3448,3,2026-08-21 23:57
2026-08-21,Nebula Protocol Suit,3373,12,2026-08-21 23:57
2026-08-21,realistic helmet 1st person vision DLC2 patch,2390,8,2026-08-21 23:57
2026-08-21,TownGGs Clothes Fashion Skirt,2225,9,2026-08-21 23:57
2026-08-21,THE TERMINUS,4605,21,2026-08-21 23:57
2026-08-21,TownGGs Clothes White Dress,2492,15,2026-08-21 23:57
2026-08-21,TGG Cloth DVA bodysuit,5170,26,2026-08-21 23:57
2026-08-21,TGGs More Toilets,2539,5,2026-08-21 23:57
2026-08-21,TGGs Swimsuit 01,1968,11,2026-08-21 23:57
2026-08-21,McClarence Outfitter Chinese Translation,1645,2,2026-08-21 23:57
2026-08-21,TGGs weapon Voids Gaze,1667,2,2026-08-21 23:57
2026-08-21,TownGGs Outpost Storage Expansion,1346,8,2026-08-21 23:57
2026-08-21,YOU NEED POOP,1601,2,2026-08-21 23:57
2026-08-21,Starborn Power Greande,1672,4,2026-08-21 23:57
2026-08-21,Realistic Helmet 1st Vision2 0,2014,15,2026-08-21 23:57
2026-08-21,CASSILIA S SOUL,3022,14,2026-08-21 23:57
2026-08-21,Realistic Helmet 1st Vision2 0b,1296,7,2026-08-21 23:57
2026-08-21,TGGs Weird Toilets,679,0,2026-08-21 23:57
2026-08-21,TGGs Monster Hunter Bone Great Sword,982,2,2026-08-21 23:57
2026-08-21,TGGs More MapMarkers,732,7,2026-08-21 23:57
2026-08-21,CASSILIAs SOUL(CHINESE),559,5,2026-08-21 23:57
2026-08-21,THE TERMINUS (CHINESE),532,0,2026-08-21 23:57
2026-08-21,realistic helmet 1st person vision,104,0,2026-08-21 23:57
2026-08-21,Starborn Portal,73,0,2026-08-21 23:57
2026-08-21,TGGs weapon Nova Cleaver,41,0,2026-08-21 23:57
2026-08-21,TGGs Madbean,11,0,2026-08-21 23:57
2026-08-21,CASSILIA 's POWER FIST,4467,28,2026-08-21 23:57
2026-08-21,CPF VANGUARD POWER FIST MK2,1384,3,2026-08-21 23:57
2026-08-21,CPF STARBORN POWER FIST UNITY,1997,14,2026-08-21 23:57
2026-08-21,CPF STARBORN POWER FIST OMEGA,1697,6,2026-08-21 23:57
2026-08-21,CPF CRIMSON FLEET POWER FIST HELLHOUND,1259,4,2026-08-21 23:57
2026-08-21,Cassilia s trainning dummy,346,0,2026-08-21 23:57
2026-08-21,CPF RYUJIN DEATH CLAW,1007,4,2026-08-21 23:57
2026-08-21,CASSILIA 's MANTIS UNDERSUIT,2111,19,2026-08-21 23:57
2026-08-21,CPF MANTIS BLADE,867,13,2026-08-21 23:57
2026-08-21,Cassilia 's Casual Outfit amp Glasses,1270,22,2026-08-21 23:57
2026-08-21,TGG Galaxy Fashion Lingerie BLACK STOCKING,1214,43,2026-08-21 23:57
2026-08-21,TGG Galaxy Fashion Fruit Pajama Collection,33,5,2026-08-21 23:57
2026-08-22,TownGGs Clothes-Pirate Outfit,5951,49,2026-08-22 23:40
2026-08-22,Watchtower-Chinese-Translation汉化补丁,4509,23,2026-08-22 23:40
2026-08-22,realistic helmet 1st person vision-DLC2 patch,2407,17,2026-08-22 23:40
2026-08-22,TownGGs Clothes-White Dress,2510,18,2026-08-22 23:40
2026-08-22,TGG Cloth-DVA bodysuit,5237,67,2026-08-22 23:40
2026-08-22,McClarence Outfitter Chinese Translation汉化补丁,1647,2,2026-08-22 23:40
2026-08-22,TGGs weapon-Voids Gaze,1675,8,2026-08-22 23:40
2026-08-22,Realistic Helmet 1st Vision2.0,2043,29,2026-08-22 23:40
2026-08-22,CASSILIA’S SOUL,3058,36,2026-08-22 23:40
2026-08-22,Realistic Helmet 1st Vision2.0b,1308,12,2026-08-22 23:40
2026-08-22,TGGs weapon-Nova Cleaver,41,0,2026-08-22 23:40
2026-08-22,CASSILIAs POWER FIST,4526,59,2026-08-22 23:40
2026-08-22,CPF-VANGUARD POWER FIST MK2,1397,13,2026-08-22 23:40
2026-08-22,CPF-STARBORN POWER FIST UNITY,2021,24,2026-08-22 23:40
2026-08-22,CPF-STARBORN POWER FIST OMEGA,1714,17,2026-08-22 23:40
2026-08-22,CPF-CRIMSON FLEET POWER FIST HELLHOUND,1271,12,2026-08-22 23:40
2026-08-22,Cassilia’s trainning dummy,356,15,2026-08-22 23:40
2026-08-22,CPF-RYUJIN DEATH CLAW,1022,15,2026-08-22 23:40
2026-08-22,CASSILIA's MANTIS UNDERSUIT,2162,51,2026-08-22 23:40
2026-08-22,CPF-MANTIS BLADE,889,22,2026-08-22 23:40
2026-08-22,Cassilia's Casual Outfit & Glasses,1321,51,2026-08-22 23:40
2026-08-22,TGG Galaxy Fashion Lingerie-BLACK STOCKING,1292,78,2026-08-22 23:40
2026-08-22,TGG Galaxy Fashion-Fruit Pajama Collection,46,13,2026-08-22 23:40
2026-08-22,TGGs Black Lingeria,8049,66,2026-08-22 23:51
2026-08-22,TownGGs Clothes Pirate Outfit,5951,49,2026-08-22 23:51
2026-08-22,Cassilias Old Constellation Uniform,18666,223,2026-08-22 23:51
2026-08-22,TGGs LaceBra,4357,30,2026-08-22 23:51
2026-08-22,Crimson Fleet Combat Robot Greande,4279,12,2026-08-22 23:51
2026-08-22,Watchtower Chinese Translation,4509,23,2026-08-22 23:51
2026-08-22,A Special Crew,3917,32,2026-08-22 23:51
2026-08-22,TGGs Swimsuit 02,3109,20,2026-08-22 23:51
2026-08-22,You can sit on toilets,3462,14,2026-08-22 23:51
2026-08-22,Nebula Protocol Suit,3398,25,2026-08-22 23:51
2026-08-22,realistic helmet 1st person vision DLC2 patch,2407,17,2026-08-22 23:51
2026-08-22,TownGGs Clothes Fashion Skirt,2237,12,2026-08-22 23:51
2026-08-22,THE TERMINUS,4656,51,2026-08-22 23:51
2026-08-22,TownGGs Clothes White Dress,2511,19,2026-08-22 23:51
2026-08-22,TGG Cloth DVA bodysuit,5239,69,2026-08-22 23:51
2026-08-22,TGGs More Toilets,2545,6,2026-08-22 23:51
2026-08-22,TGGs Swimsuit 01,1985,17,2026-08-22 23:51
2026-08-22,McClarence Outfitter Chinese Translation,1647,2,2026-08-22 23:51
2026-08-22,TGGs weapon Voids Gaze,1675,8,2026-08-22 23:51
2026-08-22,TownGGs Outpost Storage Expansion,1361,15,2026-08-22 23:51
2026-08-22,YOU NEED POOP,1604,3,2026-08-22 23:51
2026-08-22,Starborn Power Greande,1679,7,2026-08-22 23:51
2026-08-22,Realistic Helmet 1st Vision2 0,2043,29,2026-08-22 23:51
2026-08-22,CASSILIA S SOUL,3058,36,2026-08-22 23:51
2026-08-22,Realistic Helmet 1st Vision2 0b,1310,14,2026-08-22 23:51
2026-08-22,TGGs Weird Toilets,681,2,2026-08-22 23:51
2026-08-22,TGGs Monster Hunter Bone Great Sword,988,6,2026-08-22 23:51
2026-08-22,TGGs More MapMarkers,746,14,2026-08-22 23:51
2026-08-22,CASSILIAs SOUL(CHINESE),573,14,2026-08-22 23:51
2026-08-22,THE TERMINUS (CHINESE),533,1,2026-08-22 23:51
2026-08-22,realistic helmet 1st person vision,105,1,2026-08-22 23:51
2026-08-22,Starborn Portal,75,2,2026-08-22 23:51
2026-08-22,TGGs weapon Nova Cleaver,41,0,2026-08-22 23:51
2026-08-22,TGGs Madbean,11,0,2026-08-22 23:51
2026-08-22,CASSILIA 's POWER FIST,4526,59,2026-08-22 23:51
2026-08-22,CPF VANGUARD POWER FIST MK2,1397,13,2026-08-22 23:51
2026-08-22,CPF STARBORN POWER FIST UNITY,2021,24,2026-08-22 23:51
2026-08-22,CPF STARBORN POWER FIST OMEGA,1714,17,2026-08-22 23:51
2026-08-22,CPF CRIMSON FLEET POWER FIST HELLHOUND,1271,12,2026-08-22 23:51
2026-08-22,Cassilia s trainning dummy,356,14,2026-08-22 23:51
2026-08-22,CPF RYUJIN DEATH CLAW,1023,16,2026-08-22 23:51
2026-08-22,CASSILIA 's MANTIS UNDERSUIT,2162,51,2026-08-22 23:51
2026-08-22,CPF MANTIS BLADE,889,22,2026-08-22 23:51
2026-08-22,Cassilia 's Casual Outfit amp Glasses,1321,51,2026-08-22 23:51
2026-08-22,TGG Galaxy Fashion Lingerie BLACK STOCKING,1292,78,2026-08-22 23:51
2026-08-22,TGG Galaxy Fashion Fruit Pajama Collection,46,13,2026-08-22 23:51
2026-08-23,TownGGs Clothes-Pirate Outfit,5988,37,2026-08-23 23:18
2026-08-23,Watchtower-Chinese-Translation汉化补丁,4529,20,2026-08-23 23:18
2026-08-23,realistic helmet 1st person vision-DLC2 patch,2427,20,2026-08-23 23:18
2026-08-23,TownGGs Clothes-White Dress,2522,12,2026-08-23 23:18
2026-08-23,TGG Cloth-DVA bodysuit,5298,61,2026-08-23 23:18
2026-08-23,McClarence Outfitter Chinese Translation汉化补丁,1652,5,2026-08-23 23:18
2026-08-23,TGGs weapon-Voids Gaze,1687,12,2026-08-23 23:18
2026-08-23,Realistic Helmet 1st Vision2.0,2068,25,2026-08-23 23:18
2026-08-23,CASSILIA’S SOUL,3090,32,2026-08-23 23:18
2026-08-23,Realistic Helmet 1st Vision2.0b,1322,14,2026-08-23 23:18
2026-08-23,TGGs weapon-Nova Cleaver,41,0,2026-08-23 23:18
2026-08-23,CASSILIAs POWER FIST,4577,51,2026-08-23 23:18
2026-08-23,CPF-VANGUARD POWER FIST MK2,1407,10,2026-08-23 23:18
2026-08-23,CPF-STARBORN POWER FIST UNITY,2039,18,2026-08-23 23:18
2026-08-23,CPF-STARBORN POWER FIST OMEGA,1732,18,2026-08-23 23:18
2026-08-23,CPF-CRIMSON FLEET POWER FIST HELLHOUND,1286,15,2026-08-23 23:18
2026-08-23,Cassilia’s trainning dummy,365,13,2026-08-23 23:18
2026-08-23,CPF-RYUJIN DEATH CLAW,1040,18,2026-08-23 23:18
2026-08-23,CASSILIA's MANTIS UNDERSUIT,2220,58,2026-08-23 23:18
2026-08-23,CPF-MANTIS BLADE,908,19,2026-08-23 23:18
2026-08-23,Cassilia's Casual Outfit & Glasses,1368,47,2026-08-23 23:18
2026-08-23,TGG Galaxy Fashion Lingerie-BLACK STOCKING,1358,66,2026-08-23 23:18
2026-08-23,TGG Galaxy Fashion-Fruit Pajama Collection,51,5,2026-08-23 23:18
2026-08-23,TGGs Black Lingeria,8109,60,2026-08-23 23:47
2026-08-23,TownGGs Clothes Pirate Outfit,5988,37,2026-08-23 23:47
2026-08-23,Cassilias Old Constellation Uniform,18836,170,2026-08-23 23:47
2026-08-23,TGGs LaceBra,4388,31,2026-08-23 23:47
2026-08-23,Crimson Fleet Combat Robot Greande,4291,12,2026-08-23 23:47
2026-08-23,Watchtower Chinese Translation,4529,20,2026-08-23 23:47
2026-08-23,A Special Crew,3951,34,2026-08-23 23:47
2026-08-23,TGGs Swimsuit 02,3140,31,2026-08-23 23:47
2026-08-23,You can sit on toilets,3478,16,2026-08-23 23:47
2026-08-23,Nebula Protocol Suit,3420,22,2026-08-23 23:47
2026-08-23,realistic helmet 1st person vision DLC2 patch,2427,20,2026-08-23 23:47
2026-08-23,TownGGs Clothes Fashion Skirt,2254,17,2026-08-23 23:47
2026-08-23,THE TERMINUS,4703,47,2026-08-23 23:47
2026-08-23,TownGGs Clothes White Dress,2522,11,2026-08-23 23:47
2026-08-23,TGG Cloth DVA bodysuit,5298,59,2026-08-23 23:47
2026-08-23,TGGs More Toilets,2549,4,2026-08-23 23:47
2026-08-23,TGGs Swimsuit 01,2010,25,2026-08-23 23:47
2026-08-23,McClarence Outfitter Chinese Translation,1652,5,2026-08-23 23:47
2026-08-23,TGGs weapon Voids Gaze,1687,12,2026-08-23 23:47
2026-08-23,TownGGs Outpost Storage Expansion,1374,13,2026-08-23 23:47
2026-08-23,YOU NEED POOP,1607,3,2026-08-23 23:47
2026-08-23,Starborn Power Greande,1693,14,2026-08-23 23:47
2026-08-23,Realistic Helmet 1st Vision2 0,2068,25,2026-08-23 23:47
2026-08-23,CASSILIA S SOUL,3090,32,2026-08-23 23:47
2026-08-23,Realistic Helmet 1st Vision2 0b,1322,12,2026-08-23 23:47
2026-08-23,TGGs Weird Toilets,681,0,2026-08-23 23:47
2026-08-23,TGGs Monster Hunter Bone Great Sword,991,3,2026-08-23 23:47
2026-08-23,TGGs More MapMarkers,754,8,2026-08-23 23:47
2026-08-23,CASSILIAs SOUL(CHINESE),582,9,2026-08-23 23:47
2026-08-23,THE TERMINUS (CHINESE),539,6,2026-08-23 23:47
2026-08-23,realistic helmet 1st person vision,107,2,2026-08-23 23:47
2026-08-23,Starborn Portal,76,1,2026-08-23 23:47
2026-08-23,TGGs weapon Nova Cleaver,41,0,2026-08-23 23:47
2026-08-23,TGGs Madbean,11,0,2026-08-23 23:47
2026-08-23,CASSILIA 's POWER FIST,4577,51,2026-08-23 23:47
2026-08-23,CPF VANGUARD POWER FIST MK2,1407,10,2026-08-23 23:47
2026-08-23,CPF STARBORN POWER FIST UNITY,2039,18,2026-08-23 23:47
2026-08-23,CPF STARBORN POWER FIST OMEGA,1732,18,2026-08-23 23:47
2026-08-23,CPF CRIMSON FLEET POWER FIST HELLHOUND,1286,15,2026-08-23 23:47
2026-08-23,Cassilia s trainning dummy,365,10,2026-08-23 23:47
2026-08-23,CPF RYUJIN DEATH CLAW,1040,17,2026-08-23 23:47
2026-08-23,CASSILIA 's MANTIS UNDERSUIT,2220,58,2026-08-23 23:47
2026-08-23,CPF MANTIS BLADE,908,19,2026-08-23 23:47
2026-08-23,Cassilia 's Casual Outfit amp Glasses,1368,47,2026-08-23 23:47
2026-08-23,TGG Galaxy Fashion Lingerie BLACK STOCKING,1358,66,2026-08-23 23:47
2026-08-23,TGG Galaxy Fashion Fruit Pajama Collection,51,5,2026-08-23 23:47
2026-08-23,POWER RANGER UNDERSUIT,9,6,2026-08-23 23:47
2026-08-24,CPF UC Vanguard Power Fist MK2,6,0,2026-08-24 10:39
2026-08-24,CASSILIAs Trainning Dummy,4,0,2026-08-24 10:39
2026-08-24,TownGGs Clothes Pirate Outfit,6010,22,2026-08-24 22:54
2026-08-24,Watchtower Chinese Translation,4541,12,2026-08-24 22:54
2026-08-24,realistic helmet 1st person vision DLC2 patch,2432,5,2026-08-24 22:54
2026-08-24,TownGGs Clothes White Dress,2529,7,2026-08-24 22:54
2026-08-24,TGG Cloth DVA bodysuit,5322,24,2026-08-24 22:54
2026-08-24,McClarence Outfitter Chinese Translation,1655,3,2026-08-24 22:54
2026-08-24,TGGs weapon Voids Gaze,1692,5,2026-08-24 22:54
2026-08-24,Realistic Helmet 1st Vision2 0,2080,12,2026-08-24 22:54
2026-08-24,CASSILIA S SOUL,3102,12,2026-08-24 22:54
2026-08-24,Realistic Helmet 1st Vision2 0b,1326,4,2026-08-24 22:54
2026-08-24,TGGs weapon Nova Cleaver,41,0,2026-08-24 22:54
2026-08-24,CASSILIA 's POWER FIST,4595,18,2026-08-24 22:54
2026-08-24,CPF VANGUARD POWER FIST MK2,1412,5,2026-08-24 22:54
2026-08-24,CPF STARBORN POWER FIST UNITY,2046,7,2026-08-24 22:54
2026-08-24,CPF STARBORN POWER FIST OMEGA,1742,10,2026-08-24 22:54
2026-08-24,CPF CRIMSON FLEET POWER FIST HELLHOUND,1293,7,2026-08-24 22:54
2026-08-24,Cassilia s trainning dummy,367,2,2026-08-24 22:54
2026-08-24,CPF RYUJIN DEATH CLAW,1048,8,2026-08-24 22:54
2026-08-24,CASSILIA 's MANTIS UNDERSUIT,2238,18,2026-08-24 22:54
2026-08-24,CPF MANTIS BLADE,919,11,2026-08-24 22:54
2026-08-24,Cassilia 's Casual Outfit amp Glasses,1380,12,2026-08-24 22:54
2026-08-24,TGG Galaxy Fashion Lingerie BLACK STOCKING,1386,28,2026-08-24 22:54
2026-08-24,TGG Galaxy Fashion Fruit Pajama Collection,58,7,2026-08-24 22:54
2026-08-24,TGGs Black Lingeria,8128,19,2026-08-24 23:42
2026-08-24,TownGGs Clothes-Pirate Outfit,6010,22,2026-08-24 23:42
2026-08-24,Cassilias Old Constellation Uniform,18923,87,2026-08-24 23:42
2026-08-24,TGGs LaceBra,4395,7,2026-08-24 23:42
2026-08-24,Crimson Fleet Combat Robot Greande,4302,11,2026-08-24 23:42
2026-08-24,Watchtower-Chinese-Translation汉化补丁,4541,12,2026-08-24 23:42
2026-08-24,A Special Crew,3963,12,2026-08-24 23:42
2026-08-24,TGGs Swimsuit 02,3150,10,2026-08-24 23:42
2026-08-24,You can sit on toilets,3483,5,2026-08-24 23:42
2026-08-24,Nebula Protocol Suit,3428,8,2026-08-24 23:42
2026-08-24,realistic helmet 1st person vision-DLC2 patch,2432,5,2026-08-24 23:42
2026-08-24,TownGGs Clothes Fashion Skirt,2256,2,2026-08-24 23:42
2026-08-24,THE TERMINUS,4716,13,2026-08-24 23:42
2026-08-24,TownGGs Clothes-White Dress,2529,7,2026-08-24 23:42
2026-08-24,TGG Cloth-DVA bodysuit,5322,24,2026-08-24 23:42
2026-08-24,TGGs More Toilets,2551,2,2026-08-24 23:42
2026-08-24,TGGs Swimsuit 01,2019,9,2026-08-24 23:42
2026-08-24,McClarence Outfitter Chinese Translation汉化补丁,1655,3,2026-08-24 23:42
2026-08-24,TGGs weapon-Voids Gaze,1692,5,2026-08-24 23:42
2026-08-24,TownGGs Outpost Storage Expansion,1377,3,2026-08-24 23:42
2026-08-24,YOU NEED POOP,1609,2,2026-08-24 23:42
2026-08-24,Starborn Power Greande,1695,2,2026-08-24 23:42
2026-08-24,Realistic Helmet 1st Vision2.0,2080,12,2026-08-24 23:42
2026-08-24,CASSILIA’S SOUL,3102,12,2026-08-24 23:42
2026-08-24,Realistic Helmet 1st Vision2.0b,1326,4,2026-08-24 23:42
2026-08-24,TGGs Weird Toilets,681,0,2026-08-24 23:42
2026-08-24,TGGs Monster Hunter Bone Great Sword,996,5,2026-08-24 23:42
2026-08-24,TGGs More MapMarkers,760,6,2026-08-24 23:42
2026-08-24,CASSILIAs SOUL(CHINESE),592,10,2026-08-24 23:42
2026-08-24,THE TERMINUS (CHINESE),539,0,2026-08-24 23:42
2026-08-24,realistic helmet 1st person vision,108,1,2026-08-24 23:42
2026-08-24,Starborn Portal,76,0,2026-08-24 23:42
2026-08-24,TGGs weapon-Nova Cleaver,41,0,2026-08-24 23:42
2026-08-24,TGGs Madbean,11,0,2026-08-24 23:42
2026-08-24,CASSILIAs POWER FIST,4595,18,2026-08-24 23:42
2026-08-24,CPF-VANGUARD POWER FIST MK2,1412,5,2026-08-24 23:42
2026-08-24,CPF-STARBORN POWER FIST UNITY,2046,7,2026-08-24 23:42
2026-08-24,CPF-STARBORN POWER FIST OMEGA,1742,10,2026-08-24 23:42
2026-08-24,CPF-CRIMSON FLEET POWER FIST HELLHOUND,1293,7,2026-08-24 23:42
2026-08-24,Cassilia’s trainning dummy,367,2,2026-08-24 23:42
2026-08-24,CPF-RYUJIN DEATH CLAW,1048,8,2026-08-24 23:42
2026-08-24,CASSILIA's MANTIS UNDERSUIT,2238,18,2026-08-24 23:42
2026-08-24,CPF-MANTIS BLADE,919,11,2026-08-24 23:42
2026-08-24,Cassilia's Casual Outfit & Glasses,1380,12,2026-08-24 23:42
2026-08-24,TGG Galaxy Fashion Lingerie-BLACK STOCKING,1386,28,2026-08-24 23:42
2026-08-24,TGG Galaxy Fashion-Fruit Pajama Collection,58,7,2026-08-24 23:42
2026-08-24,POWER RANGER UNDERSUIT,17,8,2026-08-24 23:42
2026-08-25,TownGGs Clothes-Pirate Outfit,6060,50,2026-08-25 23:24
2026-08-25,Watchtower-Chinese-Translation汉化补丁,4558,17,2026-08-25 23:24
2026-08-25,realistic helmet 1st person vision-DLC2 patch,2453,21,2026-08-25 23:24
2026-08-25,TownGGs Clothes-White Dress,2547,18,2026-08-25 23:24
2026-08-25,TGG Cloth-DVA bodysuit,5370,48,2026-08-25 23:24
2026-08-25,McClarence Outfitter Chinese Translation汉化补丁,1661,6,2026-08-25 23:24
2026-08-25,TGGs weapon-Voids Gaze,1697,5,2026-08-25 23:24
2026-08-25,Realistic Helmet 1st Vision2.0,2116,36,2026-08-25 23:24
2026-08-25,CASSILIA’S SOUL,3136,34,2026-08-25 23:24
2026-08-25,Realistic Helmet 1st Vision2.0b,1348,22,2026-08-25 23:24
2026-08-25,TGGs weapon-Nova Cleaver,41,0,2026-08-25 23:24
2026-08-25,CASSILIAs POWER FIST,4673,78,2026-08-25 23:24
2026-08-25,CPF-VANGUARD POWER FIST MK2,1426,14,2026-08-25 23:24
2026-08-25,CPF-STARBORN POWER FIST UNITY,2067,21,2026-08-25 23:24
2026-08-25,CPF-STARBORN POWER FIST OMEGA,1764,22,2026-08-25 23:24
2026-08-25,CPF-CRIMSON FLEET POWER FIST HELLHOUND,1314,21,2026-08-25 23:24
2026-08-25,Cassilia’s trainning dummy,371,4,2026-08-25 23:24
2026-08-25,CPF RYUJIN DEATH CLAW,1064,16,2026-08-25 23:24
2026-08-25,CASSILIA 's MANTIS UNDERSUIT,2284,46,2026-08-25 23:24
2026-08-25,CPF MANTIS BLADE,939,20,2026-08-25 23:24
2026-08-25,Cassilia 's Casual Outfit amp Glasses,1421,41,2026-08-25 23:24
2026-08-25,TGG Galaxy Fashion Lingerie BLACK STOCKING,1450,64,2026-08-25 23:24
2026-08-25,TGG Galaxy Fashion Fruit Pajama Collection,64,6,2026-08-25 23:24
2026-08-25,TGGs Black Lingeria,8186,58,2026-08-25 23:49
2026-08-25,TownGGs Clothes Pirate Outfit,6060,50,2026-08-25 23:49
2026-08-25,Cassilias Old Constellation Uniform,19104,181,2026-08-25 23:49
2026-08-25,TGGs LaceBra,4420,25,2026-08-25 23:49
2026-08-25,Crimson Fleet Combat Robot Greande,4320,18,2026-08-25 23:49
2026-08-25,Watchtower Chinese Translation,4558,17,2026-08-25 23:49
2026-08-25,A Special Crew,3990,27,2026-08-25 23:49
2026-08-25,TGGs Swimsuit 02,3179,29,2026-08-25 23:49
2026-08-25,You can sit on toilets,3489,6,2026-08-25 23:49
2026-08-25,Nebula Protocol Suit,3449,21,2026-08-25 23:49
2026-08-25,realistic helmet 1st person vision DLC2 patch,2453,21,2026-08-25 23:49
2026-08-25,TownGGs Clothes Fashion Skirt,2268,12,2026-08-25 23:49
2026-08-25,THE TERMINUS,4754,38,2026-08-25 23:49
2026-08-25,TownGGs Clothes White Dress,2547,18,2026-08-25 23:49
2026-08-25,TGG Cloth DVA bodysuit,5370,48,2026-08-25 23:49
2026-08-25,TGGs More Toilets,2559,8,2026-08-25 23:49
2026-08-25,TGGs Swimsuit 01,2035,16,2026-08-25 23:49
2026-08-25,McClarence Outfitter Chinese Translation,1661,6,2026-08-25 23:49
2026-08-25,TGGs weapon Voids Gaze,1697,5,2026-08-25 23:49
2026-08-25,TownGGs Outpost Storage Expansion,1388,11,2026-08-25 23:49
2026-08-25,YOU NEED POOP,1610,1,2026-08-25 23:49
2026-08-25,Starborn Power Greande,1699,4,2026-08-25 23:49
2026-08-25,Realistic Helmet 1st Vision2 0,2116,36,2026-08-25 23:49
2026-08-25,CASSILIA S SOUL,3136,34,2026-08-25 23:49
2026-08-25,Realistic Helmet 1st Vision2 0b,1348,22,2026-08-25 23:49
2026-08-25,TGGs Weird Toilets,683,2,2026-08-25 23:49
2026-08-25,TGGs Monster Hunter Bone Great Sword,1005,9,2026-08-25 23:49
2026-08-25,TGGs More MapMarkers,780,20,2026-08-25 23:49
2026-08-25,CASSILIAs SOUL(CHINESE),602,10,2026-08-25 23:49
2026-08-25,THE TERMINUS (CHINESE),539,0,2026-08-25 23:49
2026-08-25,realistic helmet 1st person vision,108,0,2026-08-25 23:49
2026-08-25,Starborn Portal,77,1,2026-08-25 23:49
2026-08-25,TGGs weapon Nova Cleaver,41,0,2026-08-25 23:49
2026-08-25,TGGs Madbean,11,0,2026-08-25 23:49
2026-08-25,CASSILIA 's POWER FIST,4673,78,2026-08-25 23:49
2026-08-25,CPF VANGUARD POWER FIST MK2,1426,14,2026-08-25 23:49
2026-08-25,CPF STARBORN POWER FIST UNITY,2067,21,2026-08-25 23:49
2026-08-25,CPF STARBORN POWER FIST OMEGA,1764,22,2026-08-25 23:49
2026-08-25,CPF CRIMSON FLEET POWER FIST HELLHOUND,1314,21,2026-08-25 23:49
2026-08-25,Cassilia s trainning dummy,371,4,2026-08-25 23:49
2026-08-25,CPF-RYUJIN DEATH CLAW,1064,16,2026-08-25 23:49
2026-08-25,CASSILIA's MANTIS UNDERSUIT,2284,46,2026-08-25 23:49
2026-08-25,CPF-MANTIS BLADE,939,20,2026-08-25 23:49
2026-08-25,Cassilia's Casual Outfit & Glasses,1421,41,2026-08-25 23:49
2026-08-25,TGG Galaxy Fashion Lingerie-BLACK STOCKING,1450,64,2026-08-25 23:49
2026-08-25,TGG Galaxy Fashion-Fruit Pajama Collection,64,6,2026-08-25 23:49
2026-08-25,POWER RANGER UNDERSUIT,35,18,2026-08-25 23:49
2026-08-26,CPF RYUJIN DEATH CLAW,1075,11,2026-08-26 08:02
2026-08-26,CASSILIA 's MANTIS UNDERSUIT,2319,35,2026-08-26 08:02
2026-08-26,CPF MANTIS BLADE,947,8,2026-08-26 08:02
2026-08-26,Cassilia 's Casual Outfit amp Glasses,1446,25,2026-08-26 08:02
2026-08-26,TGG Galaxy Fashion Lingerie BLACK STOCKING,1491,41,2026-08-26 08:02
2026-08-26,TGG Galaxy Fashion Fruit Pajama Collection,71,7,2026-08-26 08:02
2026-08-26,TownGGs Clothes Pirate Outfit,6093,33,2026-08-26 08:41
2026-08-26,Watchtower Chinese Translation,4574,16,2026-08-26 08:41
2026-08-26,realistic helmet 1st person vision DLC2 patch,2465,12,2026-08-26 08:41
2026-08-26,TownGGs Clothes White Dress,2555,8,2026-08-26 08:41
2026-08-26,TGG Cloth DVA bodysuit,5401,31,2026-08-26 08:41
2026-08-26,McClarence Outfitter Chinese Translation,1664,3,2026-08-26 08:41
2026-08-26,TGGs weapon Voids Gaze,1702,5,2026-08-26 08:41
2026-08-26,Realistic Helmet 1st Vision2 0,2132,16,2026-08-26 08:41
2026-08-26,CASSILIA S SOUL,3156,20,2026-08-26 08:41
2026-08-26,Realistic Helmet 1st Vision2 0b,1355,7,2026-08-26 08:41
2026-08-26,TGGs weapon Nova Cleaver,42,1,2026-08-26 08:41
2026-08-26,CASSILIA 's POWER FIST,4715,42,2026-08-26 08:41
2026-08-26,CPF VANGUARD POWER FIST MK2,1434,8,2026-08-26 08:41
2026-08-26,CPF STARBORN POWER FIST UNITY,2080,13,2026-08-26 08:41
2026-08-26,CPF STARBORN POWER FIST OMEGA,1774,10,2026-08-26 08:41
2026-08-26,CPF CRIMSON FLEET POWER FIST HELLHOUND,1325,11,2026-08-26 08:41
2026-08-26,Cassilia s trainning dummy,376,5,2026-08-26 08:41
2026-08-26,Cassilia 's Casual Outfit amp Glasses Const,13,13,2026-08-26 08:41
2026-08-26,TGGs Black Lingeria,8256,70,2026-08-26 23:07
2026-08-26,TownGGs Clothes-Pirate Outfit,6111,51,2026-08-26 23:07
2026-08-26,Cassilias Old Constellation Uniform,19312,208,2026-08-26 23:07
2026-08-26,TGGs LaceBra,4453,33,2026-08-26 23:07
2026-08-26,Crimson Fleet Combat Robot Greande,4334,14,2026-08-26 23:07
2026-08-26,Watchtower-Chinese-Translation汉化补丁,4577,19,2026-08-26 23:07
2026-08-26,A Special Crew,4030,40,2026-08-26 23:07
2026-08-26,TGGs Swimsuit 02,3209,30,2026-08-26 23:07
2026-08-26,You can sit on toilets,3496,7,2026-08-26 23:07
2026-08-26,Nebula Protocol Suit,3472,23,2026-08-26 23:07
2026-08-26,realistic helmet 1st person vision-DLC2 patch,2475,22,2026-08-26 23:07
2026-08-26,TownGGs Clothes Fashion Skirt,2277,9,2026-08-26 23:07
2026-08-26,THE TERMINUS,4815,61,2026-08-26 23:07
2026-08-26,TownGGs Clothes-White Dress,2563,16,2026-08-26 23:07
2026-08-26,TGG Cloth-DVA bodysuit,5431,61,2026-08-26 23:07
2026-08-26,TGGs More Toilets,2574,15,2026-08-26 23:07
2026-08-26,TGGs Swimsuit 01,2044,9,2026-08-26 23:07
2026-08-26,McClarence Outfitter Chinese Translation汉化补丁,1665,4,2026-08-26 23:07
2026-08-26,TGGs weapon-Voids Gaze,1707,10,2026-08-26 23:07
2026-08-26,TownGGs Outpost Storage Expansion,1397,9,2026-08-26 23:07
2026-08-26,YOU NEED POOP,1615,5,2026-08-26 23:07
2026-08-26,Starborn Power Greande,1708,9,2026-08-26 23:07
2026-08-26,Realistic Helmet 1st Vision2.0,2161,45,2026-08-26 23:07
2026-08-26,CASSILIA’S SOUL,3186,50,2026-08-26 23:07
2026-08-26,Realistic Helmet 1st Vision2.0b,1362,14,2026-08-26 23:07
2026-08-26,TGGs Weird Toilets,683,0,2026-08-26 23:07
2026-08-26,TGGs Monster Hunter Bone Great Sword,1011,6,2026-08-26 23:07
2026-08-26,TGGs More MapMarkers,800,20,2026-08-26 23:07
2026-08-26,CASSILIAs SOUL(CHINESE),615,13,2026-08-26 23:07
2026-08-26,THE TERMINUS (CHINESE),539,0,2026-08-26 23:07
2026-08-26,realistic helmet 1st person vision,108,0,2026-08-26 23:07
2026-08-26,Starborn Portal,77,0,2026-08-26 23:07
2026-08-26,TGGs weapon-Nova Cleaver,42,1,2026-08-26 23:07
2026-08-26,TGGs Madbean,12,1,2026-08-26 23:07
2026-08-26,CASSILIAs POWER FIST,4749,76,2026-08-26 23:07
2026-08-26,CPF-VANGUARD POWER FIST MK2,1439,13,2026-08-26 23:07
2026-08-26,CPF-STARBORN POWER FIST UNITY,2088,21,2026-08-26 23:07
2026-08-26,CPF-STARBORN POWER FIST OMEGA,1795,31,2026-08-26 23:07
2026-08-26,CPF-CRIMSON FLEET POWER FIST HELLHOUND,1333,19,2026-08-26 23:07
2026-08-26,Cassilia’s trainning dummy,381,13,2026-08-26 23:07
2026-08-26,CPF-RYUJIN DEATH CLAW,1085,21,2026-08-26 23:07
2026-08-26,CASSILIA's MANTIS UNDERSUIT,2354,70,2026-08-26 23:07
2026-08-26,CPF-MANTIS BLADE,961,22,2026-08-26 23:07
2026-08-26,Cassilia's Casual Outfit & Glasses,1474,53,2026-08-26 23:07
2026-08-26,TGG Galaxy Fashion Lingerie-BLACK STOCKING,1533,83,2026-08-26 23:07
2026-08-26,TGG Galaxy Fashion-Fruit Pajama Collection,75,11,2026-08-26 23:07
2026-08-26,POWER RANGER UNDERSUIT,52,17,2026-08-26 23:07
2026-08-26,Cassilia's Casual Outfit & Glasses - Constellation Edition,19,19,2026-08-26 23:07
2026-08-27,TGGs Black Lingeria,8297,41,2026-08-27 23:59
2026-08-27,TownGGs Clothes-Pirate Outfit,6143,32,2026-08-27 23:59
2026-08-27,Cassilias Old Constellation Uniform,19469,157,2026-08-27 23:59
2026-08-27,TGGs LaceBra,4473,20,2026-08-27 23:59
2026-08-27,Crimson Fleet Combat Robot Greande,4345,11,2026-08-27 23:59
2026-08-27,Watchtower-Chinese-Translation汉化补丁,4580,3,2026-08-27 23:59
2026-08-27,A Special Crew,4046,16,2026-08-27 23:59
2026-08-27,TGGs Swimsuit 02,3231,22,2026-08-27 23:59
2026-08-27,You can sit on toilets,3502,6,2026-08-27 23:59
2026-08-27,Nebula Protocol Suit,3496,24,2026-08-27 23:59
2026-08-27,realistic helmet 1st person vision-DLC2 patch,2484,9,2026-08-27 23:59
2026-08-27,TownGGs Clothes Fashion Skirt,2286,9,2026-08-27 23:59
2026-08-27,THE TERMINUS,4828,13,2026-08-27 23:59
2026-08-27,TownGGs Clothes-White Dress,2578,15,2026-08-27 23:59
2026-08-27,TGG Cloth-DVA bodysuit,5479,48,2026-08-27 23:59
2026-08-27,TGGs More Toilets,2581,7,2026-08-27 23:59
2026-08-27,TGGs Swimsuit 01,2053,9,2026-08-27 23:59
2026-08-27,McClarence Outfitter Chinese Translation汉化补丁,1668,3,2026-08-27 23:59
2026-08-27,TGGs weapon-Voids Gaze,1711,4,2026-08-27 23:59
2026-08-27,TownGGs Outpost Storage Expansion,1401,4,2026-08-27 23:59
2026-08-27,YOU NEED POOP,1617,2,2026-08-27 23:59
2026-08-27,Starborn Power Greande,1711,3,2026-08-27 23:59
2026-08-27,Realistic Helmet 1st Vision2.0,2177,16,2026-08-27 23:59
2026-08-27,CASSILIA’S SOUL,3199,13,2026-08-27 23:59
2026-08-27,Realistic Helmet 1st Vision2.0b,1367,5,2026-08-27 23:59
2026-08-27,TGGs Weird Toilets,686,3,2026-08-27 23:59
2026-08-27,TGGs Monster Hunter Bone Great Sword,1018,7,2026-08-27 23:59
2026-08-27,TGGs More MapMarkers,815,15,2026-08-27 23:59
2026-08-27,CASSILIAs SOUL(CHINESE),626,11,2026-08-27 23:59
2026-08-27,THE TERMINUS (CHINESE),539,0,2026-08-27 23:59
2026-08-27,realistic helmet 1st person vision,108,0,2026-08-27 23:59
2026-08-27,Starborn Portal,77,0,2026-08-27 23:59
2026-08-27,TGGs weapon-Nova Cleaver,43,1,2026-08-27 23:59
2026-08-27,TGGs Madbean,13,1,2026-08-27 23:59
2026-08-27,CASSILIAs POWER FIST,4778,29,2026-08-27 23:59
2026-08-27,CPF-VANGUARD POWER FIST MK2,1442,3,2026-08-27 23:59
2026-08-27,CPF-STARBORN POWER FIST UNITY,2097,9,2026-08-27 23:59
2026-08-27,CPF-STARBORN POWER FIST OMEGA,1806,11,2026-08-27 23:59
2026-08-27,CPF-CRIMSON FLEET POWER FIST HELLHOUND,1340,7,2026-08-27 23:59
2026-08-27,Cassilia’s trainning dummy,384,3,2026-08-27 23:59
2026-08-27,CPF-RYUJIN DEATH CLAW,1089,4,2026-08-27 23:59
2026-08-27,CASSILIA's MANTIS UNDERSUIT,2416,62,2026-08-27 23:59
2026-08-27,CPF-MANTIS BLADE,972,11,2026-08-27 23:59
2026-08-27,Cassilia's Casual Outfit & Glasses,1513,39,2026-08-27 23:59
2026-08-27,TGG Galaxy Fashion Lingerie-BLACK STOCKING,1582,49,2026-08-27 23:59
2026-08-27,TGG Galaxy Fashion-Fruit Pajama Collection,80,5,2026-08-27 23:59
2026-08-27,POWER RANGER UNDERSUIT,65,13,2026-08-27 23:59
2026-08-27,Cassilia's Casual Outfit & Glasses - Constellation Edition,29,10,2026-08-27 23:59
2026-08-28,TGGs Black Lingeria,8339,42,2026-08-28 23:40
2026-08-28,TownGGs Clothes-Pirate Outfit,6179,36,2026-08-28 23:40
2026-08-28,Cassilias Old Constellation Uniform,19602,133,2026-08-28 23:40
2026-08-28,TGGs LaceBra,4493,20,2026-08-28 23:40
2026-08-28,Crimson Fleet Combat Robot Greande,4352,7,2026-08-28 23:40
2026-08-28,Watchtower-Chinese-Translation汉化补丁,4582,2,2026-08-28 23:40
2026-08-28,A Special Crew,4067,21,2026-08-28 23:40
2026-08-28,TGGs Swimsuit 02,3244,13,2026-08-28 23:40
2026-08-28,You can sit on toilets,3503,1,2026-08-28 23:40
2026-08-28,Nebula Protocol Suit,3512,16,2026-08-28 23:40
2026-08-28,realistic helmet 1st person vision-DLC2 patch,2492,8,2026-08-28 23:40
2026-08-28,TownGGs Clothes Fashion Skirt,2295,9,2026-08-28 23:40
2026-08-28,THE TERMINUS,4864,36,2026-08-28 23:40
2026-08-28,TownGGs Clothes-White Dress,2593,15,2026-08-28 23:40
2026-08-28,TGG Cloth-DVA bodysuit,5528,49,2026-08-28 23:40
2026-08-28,TGGs More Toilets,2588,7,2026-08-28 23:40
2026-08-28,TGGs Swimsuit 01,2061,8,2026-08-28 23:40
2026-08-28,McClarence Outfitter Chinese Translation汉化补丁,1669,1,2026-08-28 23:40
2026-08-28,TGGs weapon-Voids Gaze,1723,12,2026-08-28 23:40
2026-08-28,TownGGs Outpost Storage Expansion,1409,8,2026-08-28 23:40
2026-08-28,YOU NEED POOP,1620,3,2026-08-28 23:40
2026-08-28,Starborn Power Greande,1714,3,2026-08-28 23:40
2026-08-28,Realistic Helmet 1st Vision2.0,2191,14,2026-08-28 23:40
2026-08-28,CASSILIA’S SOUL,3229,30,2026-08-28 23:40
2026-08-28,Realistic Helmet 1st Vision2.0b,1371,4,2026-08-28 23:40
2026-08-28,TGGs Weird Toilets,686,0,2026-08-28 23:40
2026-08-28,TGGs Monster Hunter Bone Great Sword,1030,12,2026-08-28 23:40
2026-08-28,TGGs More MapMarkers,824,9,2026-08-28 23:40
2026-08-28,CASSILIAs SOUL(CHINESE),637,11,2026-08-28 23:40
2026-08-28,THE TERMINUS (CHINESE),542,3,2026-08-28 23:40
2026-08-28,realistic helmet 1st person vision,108,0,2026-08-28 23:40
2026-08-28,Starborn Portal,77,0,2026-08-28 23:40
2026-08-28,TGGs weapon-Nova Cleaver,43,0,2026-08-28 23:40
2026-08-28,TGGs Madbean,13,0,2026-08-28 23:40
2026-08-28,CASSILIAs POWER FIST,4828,50,2026-08-28 23:40
2026-08-28,CPF-VANGUARD POWER FIST MK2,1450,8,2026-08-28 23:40
2026-08-28,CPF-STARBORN POWER FIST UNITY,2117,20,2026-08-28 23:40
2026-08-28,CPF-STARBORN POWER FIST OMEGA,1829,23,2026-08-28 23:40
2026-08-28,CPF-CRIMSON FLEET POWER FIST HELLHOUND,1352,12,2026-08-28 23:40
2026-08-28,Cassilia’s trainning dummy,386,2,2026-08-28 23:40
2026-08-28,CPF-RYUJIN DEATH CLAW,1097,8,2026-08-28 23:40
2026-08-28,CASSILIA's MANTIS UNDERSUIT,2458,42,2026-08-28 23:40
2026-08-28,CPF-MANTIS BLADE,989,17,2026-08-28 23:40
2026-08-28,Cassilia's Casual Outfit & Glasses,1541,28,2026-08-28 23:40
2026-08-28,TGG Galaxy Fashion Lingerie-BLACK STOCKING,1647,65,2026-08-28 23:40
2026-08-28,TGG Galaxy Fashion-Fruit Pajama Collection,89,9,2026-08-28 23:40
2026-08-28,POWER RANGER UNDERSUIT,84,19,2026-08-28 23:40
2026-08-28,Cassilia's Casual Outfit & Glasses - Constellation Edition,39,10,2026-08-28 23:40
2026-08-29,TGGs Black Lingeria,8386,47,2026-08-29 23:46
2026-08-29,TownGGs Clothes-Pirate Outfit,6210,31,2026-08-29 23:46
2026-08-29,Cassilias Old Constellation Uniform,19777,175,2026-08-29 23:46
2026-08-29,TGGs LaceBra,4515,22,2026-08-29 23:46
2026-08-29,Crimson Fleet Combat Robot Greande,4363,11,2026-08-29 23:46
2026-08-29,Watchtower-Chinese-Translation汉化补丁,4587,5,2026-08-29 23:46
2026-08-29,A Special Crew,4077,10,2026-08-29 23:46
2026-08-29,TGGs Swimsuit 02,3271,27,2026-08-29 23:46
2026-08-29,You can sit on toilets,3515,12,2026-08-29 23:46
2026-08-29,Nebula Protocol Suit,3524,12,2026-08-29 23:46
2026-08-29,realistic helmet 1st person vision-DLC2 patch,2498,6,2026-08-29 23:46
2026-08-29,TownGGs Clothes Fashion Skirt,2302,7,2026-08-29 23:46
2026-08-29,THE TERMINUS,4906,42,2026-08-29 23:46
2026-08-29,TownGGs Clothes-White Dress,2609,16,2026-08-29 23:46
2026-08-29,TGG Cloth-DVA bodysuit,5581,53,2026-08-29 23:46
2026-08-29,TGGs More Toilets,2596,8,2026-08-29 23:46
2026-08-29,TGGs Swimsuit 01,2079,18,2026-08-29 23:46
2026-08-29,McClarence Outfitter Chinese Translation汉化补丁,1671,2,2026-08-29 23:46
2026-08-29,TGGs weapon-Voids Gaze,1730,7,2026-08-29 23:46
2026-08-29,TownGGs Outpost Storage Expansion,1421,12,2026-08-29 23:46
2026-08-29,YOU NEED POOP,1623,3,2026-08-29 23:46
2026-08-29,Starborn Power Greande,1719,5,2026-08-29 23:46
2026-08-29,Realistic Helmet 1st Vision2.0,2218,27,2026-08-29 23:46
2026-08-29,CASSILIA’S SOUL,3259,30,2026-08-29 23:46
2026-08-29,Realistic Helmet 1st Vision2.0b,1383,12,2026-08-29 23:46
2026-08-29,TGGs Weird Toilets,687,1,2026-08-29 23:46
2026-08-29,TGGs Monster Hunter Bone Great Sword,1035,5,2026-08-29 23:46
2026-08-29,TGGs More MapMarkers,837,13,2026-08-29 23:46
2026-08-29,CASSILIAs SOUL(CHINESE),649,12,2026-08-29 23:46
2026-08-29,THE TERMINUS (CHINESE),542,0,2026-08-29 23:46
2026-08-29,realistic helmet 1st person vision,110,2,2026-08-29 23:46
2026-08-29,Starborn Portal,77,0,2026-08-29 23:46
2026-08-29,TGGs weapon-Nova Cleaver,43,0,2026-08-29 23:46
2026-08-29,TGGs Madbean,13,0,2026-08-29 23:46
2026-08-29,CASSILIAs POWER FIST,4871,43,2026-08-29 23:46
2026-08-29,CPF-VANGUARD POWER FIST MK2,1457,7,2026-08-29 23:46
2026-08-29,CPF-STARBORN POWER FIST UNITY,2135,18,2026-08-29 23:46
2026-08-29,CPF-STARBORN POWER FIST OMEGA,1853,24,2026-08-29 23:46
2026-08-29,CPF-CRIMSON FLEET POWER FIST HELLHOUND,1372,20,2026-08-29 23:46
2026-08-29,Cassilia’s trainning dummy,393,7,2026-08-29 23:46
2026-08-29,CPF-RYUJIN DEATH CLAW,1108,11,2026-08-29 23:46
2026-08-29,CASSILIA's MANTIS UNDERSUIT,2499,41,2026-08-29 23:46
2026-08-29,CPF-MANTIS BLADE,1008,19,2026-08-29 23:46
2026-08-29,Cassilia's Casual Outfit & Glasses,1574,33,2026-08-29 23:46
2026-08-29,TGG Galaxy Fashion Lingerie-BLACK STOCKING,1717,70,2026-08-29 23:46
2026-08-29,TGG Galaxy Fashion-Fruit Pajama Collection,99,10,2026-08-29 23:46
2026-08-29,POWER RANGER UNDERSUIT,99,15,2026-08-29 23:46
2026-08-29,Cassilia's Casual Outfit & Glasses - Constellation Edition,47,8,2026-08-29 23:46
2026-08-30,TGGs Black Lingeria,8425,39,2026-08-30 23:55
2026-08-30,TownGGs Clothes-Pirate Outfit,6232,22,2026-08-30 23:55
2026-08-30,Cassilias Old Constellation Uniform,19894,117,2026-08-30 23:55
2026-08-30,TGGs LaceBra,4541,26,2026-08-30 23:55
2026-08-30,Crimson Fleet Combat Robot Greande,4368,5,2026-08-30 23:55
2026-08-30,Watchtower-Chinese-Translation汉化补丁,4589,2,2026-08-30 23:55
2026-08-30,A Special Crew,4093,16,2026-08-30 23:55
2026-08-30,TGGs Swimsuit 02,3286,15,2026-08-30 23:55
2026-08-30,You can sit on toilets,3523,8,2026-08-30 23:55
2026-08-30,Nebula Protocol Suit,3535,11,2026-08-30 23:55
2026-08-30,realistic helmet 1st person vision-DLC2 patch,2503,5,2026-08-30 23:55
2026-08-30,TownGGs Clothes Fashion Skirt,2305,3,2026-08-30 23:55
2026-08-30,THE TERMINUS,4933,27,2026-08-30 23:55
2026-08-30,TownGGs Clothes-White Dress,2624,15,2026-08-30 23:55
2026-08-30,TGG Cloth-DVA bodysuit,5624,43,2026-08-30 23:55
2026-08-30,TGGs More Toilets,2602,6,2026-08-30 23:55
2026-08-30,TGGs Swimsuit 01,2087,8,2026-08-30 23:55
2026-08-30,McClarence Outfitter Chinese Translation汉化补丁,1674,3,2026-08-30 23:55
2026-08-30,TGGs weapon-Voids Gaze,1733,3,2026-08-30 23:55
2026-08-30,TownGGs Outpost Storage Expansion,1424,3,2026-08-30 23:55
2026-08-30,YOU NEED POOP,1626,3,2026-08-30 23:55
2026-08-30,Starborn Power Greande,1723,4,2026-08-30 23:55
2026-08-30,Realistic Helmet 1st Vision2.0,2226,8,2026-08-30 23:55
2026-08-30,CASSILIA’S SOUL,3278,19,2026-08-30 23:55
2026-08-30,Realistic Helmet 1st Vision2.0b,1392,9,2026-08-30 23:55
2026-08-30,TGGs Weird Toilets,688,1,2026-08-30 23:55
2026-08-30,TGGs Monster Hunter Bone Great Sword,1036,1,2026-08-30 23:55
2026-08-30,TGGs More MapMarkers,844,7,2026-08-30 23:55
2026-08-30,CASSILIAs SOUL(CHINESE),652,3,2026-08-30 23:55
2026-08-30,THE TERMINUS (CHINESE),544,2,2026-08-30 23:55
2026-08-30,realistic helmet 1st person vision,110,0,2026-08-30 23:55
2026-08-30,Starborn Portal,77,0,2026-08-30 23:55
2026-08-30,TGGs weapon-Nova Cleaver,43,0,2026-08-30 23:55
2026-08-30,TGGs Madbean,13,0,2026-08-30 23:55
2026-08-30,CASSILIAs POWER FIST,4907,36,2026-08-30 23:55
2026-08-30,CPF-VANGUARD POWER FIST MK2,1462,5,2026-08-30 23:55
2026-08-30,CPF-STARBORN POWER FIST UNITY,2148,13,2026-08-30 23:55
2026-08-30,CPF-STARBORN POWER FIST OMEGA,1866,13,2026-08-30 23:55
2026-08-30,CPF-CRIMSON FLEET POWER FIST HELLHOUND,1391,19,2026-08-30 23:55
2026-08-30,Cassilia’s trainning dummy,395,4,2026-08-30 23:55
2026-08-30,CPF-RYUJIN DEATH CLAW,1117,9,2026-08-30 23:55
2026-08-30,CASSILIA's MANTIS UNDERSUIT,2525,26,2026-08-30 23:55
2026-08-30,CPF-MANTIS BLADE,1023,15,2026-08-30 23:55
2026-08-30,Cassilia's Casual Outfit & Glasses,1594,20,2026-08-30 23:55
2026-08-30,TGG Galaxy Fashion Lingerie-BLACK STOCKING,1751,34,2026-08-30 23:55
2026-08-30,TGG Galaxy Fashion-Fruit Pajama Collection,104,5,2026-08-30 23:55
2026-08-30,POWER RANGER UNDERSUIT,107,8,2026-08-30 23:55
2026-08-30,Cassilia's Casual Outfit & Glasses - Constellation Edition,65,18,2026-08-30 23:55
2026-08-31,TGGs Black Lingeria,8469,44,2026-08-31 23:55
2026-08-31,TownGGs Clothes-Pirate Outfit,6268,36,2026-08-31 23:55
2026-08-31,Cassilias Old Constellation Uniform,20071,177,2026-08-31 23:55
2026-08-31,TGGs LaceBra,4566,25,2026-08-31 23:55
2026-08-31,Crimson Fleet Combat Robot Greande,4377,9,2026-08-31 23:55
2026-08-31,Watchtower-Chinese-Translation汉化补丁,4612,23,2026-08-31 23:55
2026-08-31,A Special Crew,4112,19,2026-08-31 23:55
2026-08-31,TGGs Swimsuit 02,3307,21,2026-08-31 23:55
2026-08-31,You can sit on toilets,3526,3,2026-08-31 23:55
2026-08-31,Nebula Protocol Suit,3546,11,2026-08-31 23:55
2026-08-31,realistic helmet 1st person vision-DLC2 patch,2512,9,2026-08-31 23:55
2026-08-31,TownGGs Clothes Fashion Skirt,2316,11,2026-08-31 23:55
2026-08-31,THE TERMINUS,4958,25,2026-08-31 23:55
2026-08-31,TownGGs Clothes-White Dress,2636,12,2026-08-31 23:55
2026-08-31,TGG Cloth-DVA bodysuit,5660,36,2026-08-31 23:55
2026-08-31,TGGs More Toilets,2608,6,2026-08-31 23:55
2026-08-31,TGGs Swimsuit 01,2100,13,2026-08-31 23:55
2026-08-31,McClarence Outfitter Chinese Translation汉化补丁,1677,3,2026-08-31 23:55
2026-08-31,TGGs weapon-Voids Gaze,1741,8,2026-08-31 23:55
2026-08-31,TownGGs Outpost Storage Expansion,1431,7,2026-08-31 23:55
2026-08-31,YOU NEED POOP,1633,7,2026-08-31 23:55
2026-08-31,Starborn Power Greande,1726,3,2026-08-31 23:55
2026-08-31,Realistic Helmet 1st Vision2.0,2255,29,2026-08-31 23:55
2026-08-31,CASSILIA’S SOUL,3300,22,2026-08-31 23:55
2026-08-31,Realistic Helmet 1st Vision2.0b,1398,6,2026-08-31 23:55
2026-08-31,TGGs Weird Toilets,689,1,2026-08-31 23:55
2026-08-31,TGGs Monster Hunter Bone Great Sword,1042,6,2026-08-31 23:55
2026-08-31,TGGs More MapMarkers,857,13,2026-08-31 23:55
2026-08-31,CASSILIAs SOUL(CHINESE),665,13,2026-08-31 23:55
2026-08-31,THE TERMINUS (CHINESE),544,0,2026-08-31 23:55
2026-08-31,realistic helmet 1st person vision,111,1,2026-08-31 23:55
2026-08-31,Starborn Portal,77,0,2026-08-31 23:55
2026-08-31,TGGs weapon-Nova Cleaver,43,0,2026-08-31 23:55
2026-08-31,TGGs Madbean,13,0,2026-08-31 23:55
2026-08-31,CASSILIAs POWER FIST,4964,57,2026-08-31 23:55
2026-08-31,CPF-VANGUARD POWER FIST MK2,1475,13,2026-08-31 23:55
2026-08-31,CPF-STARBORN POWER FIST UNITY,2167,19,2026-08-31 23:55
2026-08-31,CPF-STARBORN POWER FIST OMEGA,1889,23,2026-08-31 23:55
2026-08-31,CPF-CRIMSON FLEET POWER FIST HELLHOUND,1410,19,2026-08-31 23:55
2026-08-31,Cassilia’s trainning dummy,407,15,2026-08-31 23:55
2026-08-31,CPF-RYUJIN DEATH CLAW,1141,24,2026-08-31 23:55
2026-08-31,CASSILIA's MANTIS UNDERSUIT,2569,44,2026-08-31 23:55
2026-08-31,CPF-MANTIS BLADE,1048,25,2026-08-31 23:55
2026-08-31,Cassilia's Casual Outfit & Glasses,1618,24,2026-08-31 23:55
2026-08-31,TGG Galaxy Fashion Lingerie-BLACK STOCKING,1808,57,2026-08-31 23:55
2026-08-31,TGG Galaxy Fashion-Fruit Pajama Collection,112,8,2026-08-31 23:55
2026-08-31,POWER RANGER UNDERSUIT,113,6,2026-08-31 23:55
2026-08-31,Cassilia's Casual Outfit & Glasses - Constellation Edition,73,8,2026-08-31 23:55
2026-09-01,TGGs Black Lingeria,8527,58,2026-09-01 23:53
2026-09-01,TownGGs Clothes-Pirate Outfit,6300,32,2026-09-01 23:53
2026-09-01,Cassilias Old Constellation Uniform,20257,186,2026-09-01 23:53
2026-09-01,TGGs LaceBra,4591,25,2026-09-01 23:53
2026-09-01,Crimson Fleet Combat Robot Greande,4385,8,2026-09-01 23:53
2026-09-01,Watchtower-Chinese-Translation汉化补丁,4632,20,2026-09-01 23:53
2026-09-01,A Special Crew,4137,25,2026-09-01 23:53
2026-09-01,TGGs Swimsuit 02,3329,22,2026-09-01 23:53
2026-09-01,You can sit on toilets,3533,7,2026-09-01 23:53
2026-09-01,Nebula Protocol Suit,3562,16,2026-09-01 23:53
2026-09-01,realistic helmet 1st person vision-DLC2 patch,2528,16,2026-09-01 23:53
2026-09-01,TownGGs Clothes Fashion Skirt,2326,10,2026-09-01 23:53
2026-09-01,THE TERMINUS,5010,52,2026-09-01 23:53
2026-09-01,TownGGs Clothes-White Dress,2656,20,2026-09-01 23:53
2026-09-01,TGG Cloth-DVA bodysuit,5717,57,2026-09-01 23:53
2026-09-01,TGGs More Toilets,2616,8,2026-09-01 23:53
2026-09-01,TGGs Swimsuit 01,2111,11,2026-09-01 23:53
2026-09-01,McClarence Outfitter Chinese Translation汉化补丁,1679,2,2026-09-01 23:53
2026-09-01,TGGs weapon-Voids Gaze,1748,7,2026-09-01 23:53
2026-09-01,TownGGs Outpost Storage Expansion,1443,12,2026-09-01 23:53
2026-09-01,YOU NEED POOP,1641,8,2026-09-01 23:53
2026-09-01,Starborn Power Greande,1735,9,2026-09-01 23:53
2026-09-01,Realistic Helmet 1st Vision2.0,2276,21,2026-09-01 23:53
2026-09-01,CASSILIA’S SOUL,3334,34,2026-09-01 23:53
2026-09-01,Realistic Helmet 1st Vision2.0b,1410,12,2026-09-01 23:53
2026-09-01,TGGs Weird Toilets,693,4,2026-09-01 23:53
2026-09-01,TGGs Monster Hunter Bone Great Sword,1049,7,2026-09-01 23:53
2026-09-01,TGGs More MapMarkers,866,9,2026-09-01 23:53
2026-09-01,CASSILIAs SOUL(CHINESE),676,11,2026-09-01 23:53
2026-09-01,THE TERMINUS (CHINESE),546,2,2026-09-01 23:53
2026-09-01,realistic helmet 1st person vision,112,1,2026-09-01 23:53
2026-09-01,Starborn Portal,77,0,2026-09-01 23:53
2026-09-01,TGGs weapon-Nova Cleaver,43,0,2026-09-01 23:53
2026-09-01,TGGs Madbean,13,0,2026-09-01 23:53
2026-09-01,CASSILIAs POWER FIST,5014,50,2026-09-01 23:53
2026-09-01,CPF-VANGUARD POWER FIST MK2,1484,9,2026-09-01 23:53
2026-09-01,CPF-STARBORN POWER FIST UNITY,2185,18,2026-09-01 23:53
2026-09-01,CPF-STARBORN POWER FIST OMEGA,1907,18,2026-09-01 23:53
2026-09-01,CPF-CRIMSON FLEET POWER FIST HELLHOUND,1421,11,2026-09-01 23:53
2026-09-01,Cassilia’s trainning dummy,417,15,2026-09-01 23:53
2026-09-01,CPF-RYUJIN DEATH CLAW,1161,20,2026-09-01 23:53
2026-09-01,CASSILIA's MANTIS UNDERSUIT,2617,48,2026-09-01 23:53
2026-09-01,CPF-MANTIS BLADE,1068,20,2026-09-01 23:53
2026-09-01,Cassilia's Casual Outfit & Glasses,1660,42,2026-09-01 23:53
2026-09-01,TGG Galaxy Fashion Lingerie-BLACK STOCKING,1874,66,2026-09-01 23:53
2026-09-01,TGG Galaxy Fashion-Fruit Pajama Collection,119,7,2026-09-01 23:53
2026-09-01,POWER RANGER UNDERSUIT,124,11,2026-09-01 23:53
2026-09-01,Cassilia's Casual Outfit & Glasses - Constellation Edition,83,10,2026-09-01 23:53
2026-09-02,TGGs Black Lingeria,8565,38,2026-09-02 23:51
2026-09-02,TownGGs Clothes-Pirate Outfit,6332,32,2026-09-02 23:51
2026-09-02,Cassilias Old Constellation Uniform,20398,141,2026-09-02 23:51
2026-09-02,TGGs LaceBra,4610,19,2026-09-02 23:51
2026-09-02,Crimson Fleet Combat Robot Greande,4394,9,2026-09-02 23:51
2026-09-02,Watchtower-Chinese-Translation汉化补丁,4647,15,2026-09-02 23:51
2026-09-02,A Special Crew,4160,23,2026-09-02 23:51
2026-09-02,TGGs Swimsuit 02,3348,19,2026-09-02 23:51
2026-09-02,You can sit on toilets,3539,6,2026-09-02 23:51
2026-09-02,Nebula Protocol Suit,3577,15,2026-09-02 23:51
2026-09-02,realistic helmet 1st person vision-DLC2 patch,2545,17,2026-09-02 23:51
2026-09-02,TownGGs Clothes Fashion Skirt,2331,5,2026-09-02 23:51
2026-09-02,THE TERMINUS,5045,35,2026-09-02 23:51
2026-09-02,TownGGs Clothes-White Dress,2662,6,2026-09-02 23:51
2026-09-02,TGG Cloth-DVA bodysuit,5754,37,2026-09-02 23:51
2026-09-02,TGGs More Toilets,2624,8,2026-09-02 23:51
2026-09-02,TGGs Swimsuit 01,2117,6,2026-09-02 23:51
2026-09-02,McClarence Outfitter Chinese Translation汉化补丁,1681,2,2026-09-02 23:51
2026-09-02,TGGs weapon-Voids Gaze,1758,10,2026-09-02 23:51
2026-09-02,TownGGs Outpost Storage Expansion,1449,6,2026-09-02 23:51
2026-09-02,YOU NEED POOP,1644,3,2026-09-02 23:51
2026-09-02,Starborn Power Greande,1742,7,2026-09-02 23:51
2026-09-02,Realistic Helmet 1st Vision2.0,2298,22,2026-09-02 23:51
2026-09-02,CASSILIA’S SOUL,3361,27,2026-09-02 23:51
2026-09-02,Realistic Helmet 1st Vision2.0b,1422,12,2026-09-02 23:51
2026-09-02,TGGs Weird Toilets,694,1,2026-09-02 23:51
2026-09-02,TGGs Monster Hunter Bone Great Sword,1057,8,2026-09-02 23:51
2026-09-02,TGGs More MapMarkers,874,8,2026-09-02 23:51
2026-09-02,CASSILIAs SOUL(CHINESE),689,13,2026-09-02 23:51
2026-09-02,THE TERMINUS (CHINESE),555,9,2026-09-02 23:51
2026-09-02,realistic helmet 1st person vision,112,0,2026-09-02 23:51
2026-09-02,Starborn Portal,78,1,2026-09-02 23:51
2026-09-02,TGGs weapon-Nova Cleaver,44,1,2026-09-02 23:51
2026-09-02,TGGs Madbean,13,0,2026-09-02 23:51
2026-09-02,CASSILIAs POWER FIST,5050,36,2026-09-02 23:51
2026-09-02,CPF-VANGUARD POWER FIST MK2,1492,8,2026-09-02 23:51
2026-09-02,CPF-STARBORN POWER FIST UNITY,2197,12,2026-09-02 23:51
2026-09-02,CPF-STARBORN POWER FIST OMEGA,1926,19,2026-09-02 23:51
2026-09-02,CPF-CRIMSON FLEET POWER FIST HELLHOUND,1428,7,2026-09-02 23:51
2026-09-02,Cassilia’s trainning dummy,427,13,2026-09-02 23:51
2026-09-02,CPF-RYUJIN DEATH CLAW,1176,15,2026-09-02 23:51
2026-09-02,CASSILIA's MANTIS UNDERSUIT,2648,31,2026-09-02 23:51
2026-09-02,CPF-MANTIS BLADE,1087,19,2026-09-02 23:51
2026-09-02,Cassilia's Casual Outfit & Glasses,1682,22,2026-09-02 23:51
2026-09-02,TGG Galaxy Fashion Lingerie-BLACK STOCKING,1928,54,2026-09-02 23:51
2026-09-02,TGG Galaxy Fashion-Fruit Pajama Collection,122,3,2026-09-02 23:51
2026-09-02,POWER RANGER UNDERSUIT,131,7,2026-09-02 23:51
2026-09-02,Cassilia's Casual Outfit & Glasses - Constellation Edition,90,7,2026-09-02 23:51
2026-09-03,TGGs Black Lingeria,8617,52,2026-09-03 23:36
2026-09-03,TownGGs Clothes-Pirate Outfit,6360,28,2026-09-03 23:36
2026-09-03,Cassilias Old Constellation Uniform,20548,150,2026-09-03 23:36
2026-09-03,TGGs LaceBra,4645,35,2026-09-03 23:36
2026-09-03,Crimson Fleet Combat Robot Greande,4402,8,2026-09-03 23:36
2026-09-03,Watchtower-Chinese-Translation汉化补丁,4669,22,2026-09-03 23:36
2026-09-03,A Special Crew,4182,22,2026-09-03 23:36
2026-09-03,TGGs Swimsuit 02,3381,33,2026-09-03 23:36
2026-09-03,You can sit on toilets,3549,10,2026-09-03 23:36
2026-09-03,Nebula Protocol Suit,3602,25,2026-09-03 23:36
2026-09-03,realistic helmet 1st person vision-DLC2 patch,2559,14,2026-09-03 23:36
2026-09-03,TownGGs Clothes Fashion Skirt,2346,15,2026-09-03 23:36
2026-09-03,THE TERMINUS,5086,41,2026-09-03 23:36
2026-09-03,TownGGs Clothes-White Dress,2678,16,2026-09-03 23:36
2026-09-03,TGG Cloth-DVA bodysuit,5806,52,2026-09-03 23:36
2026-09-03,TGGs More Toilets,2633,9,2026-09-03 23:36
2026-09-03,TGGs Swimsuit 01,2135,18,2026-09-03 23:36
2026-09-03,McClarence Outfitter Chinese Translation汉化补丁,1685,4,2026-09-03 23:36
2026-09-03,TGGs weapon-Voids Gaze,1773,15,2026-09-03 23:36
2026-09-03,TownGGs Outpost Storage Expansion,1455,6,2026-09-03 23:36
2026-09-03,YOU NEED POOP,1651,7,2026-09-03 23:36
2026-09-03,Starborn Power Greande,1745,3,2026-09-03 23:36
2026-09-03,Realistic Helmet 1st Vision2.0,2320,22,2026-09-03 23:36
2026-09-03,CASSILIA’S SOUL,3387,26,2026-09-03 23:36
2026-09-03,Realistic Helmet 1st Vision2.0b,1429,7,2026-09-03 23:36
2026-09-03,TGGs Weird Toilets,699,5,2026-09-03 23:36
2026-09-03,TGGs Monster Hunter Bone Great Sword,1065,8,2026-09-03 23:36
2026-09-03,TGGs More MapMarkers,888,14,2026-09-03 23:36
2026-09-03,CASSILIAs SOUL(CHINESE),696,7,2026-09-03 23:36
2026-09-03,THE TERMINUS (CHINESE),559,4,2026-09-03 23:36
2026-09-03,realistic helmet 1st person vision,112,0,2026-09-03 23:36
2026-09-03,Starborn Portal,78,0,2026-09-03 23:36
2026-09-03,TGGs weapon-Nova Cleaver,45,1,2026-09-03 23:36
2026-09-03,TGGs Madbean,13,0,2026-09-03 23:36
2026-09-03,CASSILIAs POWER FIST,5093,43,2026-09-03 23:36
2026-09-03,CPF-VANGUARD POWER FIST MK2,1501,9,2026-09-03 23:36
2026-09-03,CPF-STARBORN POWER FIST UNITY,2215,18,2026-09-03 23:36
2026-09-03,CPF-STARBORN POWER FIST OMEGA,1954,28,2026-09-03 23:36
2026-09-03,CPF-CRIMSON FLEET POWER FIST HELLHOUND,1444,16,2026-09-03 23:36
2026-09-03,Cassilia’s trainning dummy,438,14,2026-09-03 23:36
2026-09-03,CPF-RYUJIN DEATH CLAW,1189,13,2026-09-03 23:36
2026-09-03,CASSILIA's MANTIS UNDERSUIT,2687,39,2026-09-03 23:36
2026-09-03,CPF-MANTIS BLADE,1099,12,2026-09-03 23:36
2026-09-03,Cassilia's Casual Outfit & Glasses,1703,21,2026-09-03 23:36
2026-09-03,TGG Galaxy Fashion Lingerie-BLACK STOCKING,1989,61,2026-09-03 23:36
2026-09-03,TGG Galaxy Fashion-Fruit Pajama Collection,128,6,2026-09-03 23:36
2026-09-03,POWER RANGER UNDERSUIT,143,12,2026-09-03 23:36
2026-09-03,Cassilia's Casual Outfit & Glasses - Constellation Edition,109,19,2026-09-03 23:36
2026-09-04,TGGs Black Lingeria,8649,32,2026-09-04 23:51
2026-09-04,TownGGs Clothes-Pirate Outfit,6378,18,2026-09-04 23:51
2026-09-04,Cassilias Old Constellation Uniform,20660,112,2026-09-04 23:51
2026-09-04,TGGs LaceBra,4662,17,2026-09-04 23:51
2026-09-04,Crimson Fleet Combat Robot Greande,4407,5,2026-09-04 23:51
2026-09-04,Watchtower-Chinese-Translation汉化补丁,4672,3,2026-09-04 23:51
2026-09-04,A Special Crew,4203,21,2026-09-04 23:51
2026-09-04,TGGs Swimsuit 02,3400,19,2026-09-04 23:51
2026-09-04,You can sit on toilets,3557,8,2026-09-04 23:51
2026-09-04,Nebula Protocol Suit,3619,17,2026-09-04 23:51
2026-09-04,realistic helmet 1st person vision-DLC2 patch,2570,11,2026-09-04 23:51
2026-09-04,TownGGs Clothes Fashion Skirt,2352,6,2026-09-04 23:51
2026-09-04,THE TERMINUS,5114,28,2026-09-04 23:51
2026-09-04,TownGGs Clothes-White Dress,2687,9,2026-09-04 23:51
2026-09-04,TGG Cloth-DVA bodysuit,5833,27,2026-09-04 23:51
2026-09-04,TGGs More Toilets,2640,7,2026-09-04 23:51
2026-09-04,TGGs Swimsuit 01,2144,9,2026-09-04 23:51
2026-09-04,McClarence Outfitter Chinese Translation汉化补丁,1685,0,2026-09-04 23:51
2026-09-04,TGGs weapon-Voids Gaze,1779,6,2026-09-04 23:51
2026-09-04,TownGGs Outpost Storage Expansion,1462,7,2026-09-04 23:51
2026-09-04,YOU NEED POOP,1654,3,2026-09-04 23:51
2026-09-04,Starborn Power Greande,1747,2,2026-09-04 23:51
2026-09-04,Realistic Helmet 1st Vision2.0,2340,20,2026-09-04 23:51
2026-09-04,CASSILIA’S SOUL,3407,20,2026-09-04 23:51
2026-09-04,Realistic Helmet 1st Vision2.0b,1439,10,2026-09-04 23:51
2026-09-04,TGGs Weird Toilets,699,0,2026-09-04 23:51
2026-09-04,TGGs Monster Hunter Bone Great Sword,1070,5,2026-09-04 23:51
2026-09-04,TGGs More MapMarkers,897,9,2026-09-04 23:51
2026-09-04,CASSILIAs SOUL(CHINESE),699,3,2026-09-04 23:51
2026-09-04,THE TERMINUS (CHINESE),559,0,2026-09-04 23:51
2026-09-04,realistic helmet 1st person vision,112,0,2026-09-04 23:51
2026-09-04,Starborn Portal,78,0,2026-09-04 23:51
2026-09-04,TGGs weapon-Nova Cleaver,45,0,2026-09-04 23:51
2026-09-04,TGGs Madbean,13,0,2026-09-04 23:51
2026-09-04,CASSILIAs POWER FIST,5121,28,2026-09-04 23:51
2026-09-04,CPF-VANGUARD POWER FIST MK2,1507,6,2026-09-04 23:51
2026-09-04,CPF-STARBORN POWER FIST UNITY,2228,13,2026-09-04 23:51
2026-09-04,CPF-STARBORN POWER FIST OMEGA,1967,13,2026-09-04 23:51
2026-09-04,CPF-CRIMSON FLEET POWER FIST HELLHOUND,1447,3,2026-09-04 23:51
2026-09-04,Cassilia’s trainning dummy,443,8,2026-09-04 23:51
2026-09-04,CPF-RYUJIN DEATH CLAW,1202,13,2026-09-04 23:51
2026-09-04,CASSILIA's MANTIS UNDERSUIT,2711,24,2026-09-04 23:51
2026-09-04,CPF-MANTIS BLADE,1111,12,2026-09-04 23:51
2026-09-04,Cassilia's Casual Outfit & Glasses,1718,15,2026-09-04 23:51
2026-09-04,TGG Galaxy Fashion Lingerie-BLACK STOCKING,2030,41,2026-09-04 23:51
2026-09-04,TGG Galaxy Fashion-Fruit Pajama Collection,134,6,2026-09-04 23:51
2026-09-04,POWER RANGER UNDERSUIT,151,8,2026-09-04 23:51
2026-09-04,Cassilia's Casual Outfit & Glasses - Constellation Edition,115,6,2026-09-04 23:51
2026-09-05,TGGs Black Lingeria,8702,53,2026-09-05 23:36
2026-09-05,TownGGs Clothes-Pirate Outfit,6420,42,2026-09-05 23:36
2026-09-05,Cassilias Old Constellation Uniform,20831,171,2026-09-05 23:36
2026-09-05,TGGs LaceBra,4699,37,2026-09-05 23:36
2026-09-05,Crimson Fleet Combat Robot Greande,4421,14,2026-09-05 23:36
2026-09-05,Watchtower-Chinese-Translation汉化补丁,4681,9,2026-09-05 23:36
2026-09-05,A Special Crew,4235,32,2026-09-05 23:36
2026-09-05,TGGs Swimsuit 02,3436,36,2026-09-05 23:36
2026-09-05,You can sit on toilets,3568,11,2026-09-05 23:36
2026-09-05,Nebula Protocol Suit,3641,22,2026-09-05 23:36
2026-09-05,realistic helmet 1st person vision-DLC2 patch,2582,12,2026-09-05 23:36
2026-09-05,TownGGs Clothes Fashion Skirt,2366,14,2026-09-05 23:36
2026-09-05,THE TERMINUS,5164,50,2026-09-05 23:36
2026-09-05,TownGGs Clothes-White Dress,2701,14,2026-09-05 23:36
2026-09-05,TGG Cloth-DVA bodysuit,5883,50,2026-09-05 23:36
2026-09-05,TGGs More Toilets,2651,11,2026-09-05 23:36
2026-09-05,TGGs Swimsuit 01,2167,23,2026-09-05 23:36
2026-09-05,McClarence Outfitter Chinese Translation汉化补丁,1690,5,2026-09-05 23:36
2026-09-05,TGGs weapon-Voids Gaze,1786,7,2026-09-05 23:36
2026-09-05,TownGGs Outpost Storage Expansion,1465,3,2026-09-05 23:36
2026-09-05,YOU NEED POOP,1657,3,2026-09-05 23:36
2026-09-05,Starborn Power Greande,1751,4,2026-09-05 23:36
2026-09-05,Realistic Helmet 1st Vision2.0,2361,21,2026-09-05 23:36
2026-09-05,CASSILIA’S SOUL,3436,29,2026-09-05 23:36
2026-09-05,Realistic Helmet 1st Vision2.0b,1450,11,2026-09-05 23:36
2026-09-05,TGGs Weird Toilets,702,3,2026-09-05 23:36
2026-09-05,TGGs Monster Hunter Bone Great Sword,1074,4,2026-09-05 23:36
2026-09-05,TGGs More MapMarkers,906,9,2026-09-05 23:36
2026-09-05,CASSILIAs SOUL(CHINESE),710,11,2026-09-05 23:36
2026-09-05,THE TERMINUS (CHINESE),562,3,2026-09-05 23:36
2026-09-05,realistic helmet 1st person vision,112,0,2026-09-05 23:36
2026-09-05,Starborn Portal,78,0,2026-09-05 23:36
2026-09-05,TGGs weapon-Nova Cleaver,45,0,2026-09-05 23:36
2026-09-05,TGGs Madbean,13,0,2026-09-05 23:36
2026-09-05,CASSILIAs POWER FIST,5183,62,2026-09-05 23:36
2026-09-05,CPF-VANGUARD POWER FIST MK2,1520,13,2026-09-05 23:36
2026-09-05,CPF-STARBORN POWER FIST UNITY,2255,27,2026-09-05 23:36
2026-09-05,CPF-STARBORN POWER FIST OMEGA,1989,22,2026-09-05 23:36
2026-09-05,CPF-CRIMSON FLEET POWER FIST HELLHOUND,1463,16,2026-09-05 23:36
2026-09-05,Cassilia’s trainning dummy,453,13,2026-09-05 23:36
2026-09-05,CPF-RYUJIN DEATH CLAW,1220,18,2026-09-05 23:36
2026-09-05,CASSILIA's MANTIS UNDERSUIT,2775,64,2026-09-05 23:36
2026-09-05,CPF-MANTIS BLADE,1131,20,2026-09-05 23:36
2026-09-05,Cassilia's Casual Outfit & Glasses,1762,44,2026-09-05 23:36
2026-09-05,TGG Galaxy Fashion Lingerie-BLACK STOCKING,2101,71,2026-09-05 23:36
2026-09-05,TGG Galaxy Fashion-Fruit Pajama Collection,140,6,2026-09-05 23:36
2026-09-05,POWER RANGER UNDERSUIT,160,9,2026-09-05 23:36
2026-09-05,Cassilia's Casual Outfit & Glasses - Constellation Edition,120,5,2026-09-05 23:36
2026-09-06,TGGs Black Lingeria,8760,58,2026-09-06 23:37
2026-09-06,TownGGs Clothes-Pirate Outfit,6465,45,2026-09-06 23:37
2026-09-06,Cassilias Old Constellation Uniform,21022,191,2026-09-06 23:37
2026-09-06,TGGs LaceBra,4732,33,2026-09-06 23:37
2026-09-06,Crimson Fleet Combat Robot Greande,4438,17,2026-09-06 23:37
2026-09-06,Watchtower-Chinese-Translation汉化补丁,4686,5,2026-09-06 23:37
2026-09-06,A Special Crew,4261,26,2026-09-06 23:37
2026-09-06,TGGs Swimsuit 02,3464,28,2026-09-06 23:37
2026-09-06,You can sit on toilets,3572,4,2026-09-06 23:37
2026-09-06,Nebula Protocol Suit,3668,27,2026-09-06 23:37
2026-09-06,realistic helmet 1st person vision-DLC2 patch,2592,10,2026-09-06 23:37
2026-09-06,TownGGs Clothes Fashion Skirt,2379,13,2026-09-06 23:37
2026-09-06,THE TERMINUS,5199,35,2026-09-06 23:37
2026-09-06,TownGGs Clothes-White Dress,2717,16,2026-09-06 23:37
2026-09-06,TGG Cloth-DVA bodysuit,5928,45,2026-09-06 23:37
2026-09-06,TGGs More Toilets,2657,6,2026-09-06 23:37
2026-09-06,TGGs Swimsuit 01,2187,20,2026-09-06 23:37
2026-09-06,McClarence Outfitter Chinese Translation汉化补丁,1695,5,2026-09-06 23:37
2026-09-06,TGGs weapon-Voids Gaze,1798,12,2026-09-06 23:37
2026-09-06,TownGGs Outpost Storage Expansion,1473,8,2026-09-06 23:37
2026-09-06,YOU NEED POOP,1659,2,2026-09-06 23:37
2026-09-06,Starborn Power Greande,1755,4,2026-09-06 23:37
2026-09-06,Realistic Helmet 1st Vision2.0,2380,19,2026-09-06 23:37
2026-09-06,CASSILIA’S SOUL,3454,18,2026-09-06 23:37
2026-09-06,Realistic Helmet 1st Vision2.0b,1456,6,2026-09-06 23:37
2026-09-06,TGGs Weird Toilets,703,1,2026-09-06 23:37
2026-09-06,TGGs Monster Hunter Bone Great Sword,1079,5,2026-09-06 23:37
2026-09-06,TGGs More MapMarkers,920,14,2026-09-06 23:37
2026-09-06,CASSILIAs SOUL(CHINESE),717,7,2026-09-06 23:37
2026-09-06,THE TERMINUS (CHINESE),565,3,2026-09-06 23:37
2026-09-06,realistic helmet 1st person vision,112,0,2026-09-06 23:37
2026-09-06,Starborn Portal,78,0,2026-09-06 23:37
2026-09-06,TGGs weapon-Nova Cleaver,45,0,2026-09-06 23:37
2026-09-06,TGGs Madbean,13,0,2026-09-06 23:37
2026-09-06,CASSILIAs POWER FIST,5234,51,2026-09-06 23:37
2026-09-06,CPF-VANGUARD POWER FIST MK2,1527,7,2026-09-06 23:37
2026-09-06,CPF-STARBORN POWER FIST UNITY,2276,21,2026-09-06 23:37
2026-09-06,CPF-STARBORN POWER FIST OMEGA,2009,20,2026-09-06 23:37
2026-09-06,CPF-CRIMSON FLEET POWER FIST HELLHOUND,1474,11,2026-09-06 23:37
2026-09-06,Cassilia’s trainning dummy,463,10,2026-09-06 23:37
2026-09-06,CPF-RYUJIN DEATH CLAW,1233,13,2026-09-06 23:37
2026-09-06,CASSILIA's MANTIS UNDERSUIT,2840,65,2026-09-06 23:37
2026-09-06,CPF-MANTIS BLADE,1149,18,2026-09-06 23:37
2026-09-06,Cassilia's Casual Outfit & Glasses,1797,35,2026-09-06 23:37
2026-09-06,TGG Galaxy Fashion Lingerie-BLACK STOCKING,2184,83,2026-09-06 23:37
2026-09-06,TGG Galaxy Fashion-Fruit Pajama Collection,148,8,2026-09-06 23:37
2026-09-06,POWER RANGER UNDERSUIT,172,12,2026-09-06 23:37
2026-09-06,Cassilia's Casual Outfit & Glasses - Constellation Edition,128,8,2026-09-06 23:37
2026-09-07,TGGs Black Lingeria,8789,29,2026-09-07 23:52
2026-09-07,TownGGs Clothes-Pirate Outfit,6488,23,2026-09-07 23:52
2026-09-07,Cassilias Old Constellation Uniform,21140,118,2026-09-07 23:52
2026-09-07,TGGs LaceBra,4749,17,2026-09-07 23:52
2026-09-07,Crimson Fleet Combat Robot Greande,4447,9,2026-09-07 23:52
2026-09-07,Watchtower-Chinese-Translation汉化补丁,4688,2,2026-09-07 23:52
2026-09-07,A Special Crew,4283,22,2026-09-07 23:52
2026-09-07,TGGs Swimsuit 02,3482,18,2026-09-07 23:52
2026-09-07,You can sit on toilets,3578,6,2026-09-07 23:52
2026-09-07,Nebula Protocol Suit,3677,9,2026-09-07 23:52
2026-09-07,realistic helmet 1st person vision-DLC2 patch,2598,6,2026-09-07 23:52
2026-09-07,TownGGs Clothes Fashion Skirt,2388,9,2026-09-07 23:52
2026-09-07,THE TERMINUS,5216,17,2026-09-07 23:52
2026-09-07,TownGGs Clothes-White Dress,2728,11,2026-09-07 23:52
2026-09-07,TGG Cloth-DVA bodysuit,5957,29,2026-09-07 23:52
2026-09-07,TGGs More Toilets,2660,3,2026-09-07 23:52
2026-09-07,TGGs Swimsuit 01,2200,13,2026-09-07 23:52
2026-09-07,McClarence Outfitter Chinese Translation汉化补丁,1699,4,2026-09-07 23:52
2026-09-07,TGGs weapon-Voids Gaze,1799,1,2026-09-07 23:52
2026-09-07,TownGGs Outpost Storage Expansion,1477,4,2026-09-07 23:52
2026-09-07,YOU NEED POOP,1660,1,2026-09-07 23:52
2026-09-07,Starborn Power Greande,1760,5,2026-09-07 23:52
2026-09-07,Realistic Helmet 1st Vision2.0,2389,9,2026-09-07 23:52
2026-09-07,CASSILIA’S SOUL,3466,12,2026-09-07 23:52
2026-09-07,Realistic Helmet 1st Vision2.0b,1464,8,2026-09-07 23:52
2026-09-07,TGGs Weird Toilets,703,0,2026-09-07 23:52
2026-09-07,TGGs Monster Hunter Bone Great Sword,1085,6,2026-09-07 23:52
2026-09-07,TGGs More MapMarkers,924,4,2026-09-07 23:52
2026-09-07,CASSILIAs SOUL(CHINESE),720,3,2026-09-07 23:52
2026-09-07,THE TERMINUS (CHINESE),565,0,2026-09-07 23:52
2026-09-07,realistic helmet 1st person vision,112,0,2026-09-07 23:52
2026-09-07,Starborn Portal,78,0,2026-09-07 23:52
2026-09-07,TGGs weapon-Nova Cleaver,45,0,2026-09-07 23:52
2026-09-07,TGGs Madbean,13,0,2026-09-07 23:52
2026-09-07,CASSILIAs POWER FIST,5269,35,2026-09-07 23:52
2026-09-07,CPF-VANGUARD POWER FIST MK2,1534,7,2026-09-07 23:52
2026-09-07,CPF-STARBORN POWER FIST UNITY,2292,16,2026-09-07 23:52
2026-09-07,CPF-STARBORN POWER FIST OMEGA,2024,15,2026-09-07 23:52
2026-09-07,CPF-CRIMSON FLEET POWER FIST HELLHOUND,1482,8,2026-09-07 23:52
2026-09-07,Cassilia’s trainning dummy,469,6,2026-09-07 23:52
2026-09-07,CPF-RYUJIN DEATH CLAW,1241,8,2026-09-07 23:52
2026-09-07,CASSILIA's MANTIS UNDERSUIT,2871,31,2026-09-07 23:52
2026-09-07,CPF-MANTIS BLADE,1164,15,2026-09-07 23:52
2026-09-07,Cassilia's Casual Outfit & Glasses,1824,27,2026-09-07 23:52
2026-09-07,TGG Galaxy Fashion Lingerie-BLACK STOCKING,2221,37,2026-09-07 23:52
2026-09-07,TGG Galaxy Fashion-Fruit Pajama Collection,155,7,2026-09-07 23:52
2026-09-07,POWER RANGER UNDERSUIT,178,6,2026-09-07 23:52
2026-09-07,Cassilia's Casual Outfit & Glasses - Constellation Edition,131,3,2026-09-07 23:52
2026-09-08,TGGs Black Lingeria,8834,45,2026-09-08 23:37
2026-09-08,TownGGs Clothes-Pirate Outfit,6524,36,2026-09-08 23:37
2026-09-08,Cassilias Old Constellation Uniform,21333,193,2026-09-08 23:37
2026-09-08,TGGs LaceBra,4781,32,2026-09-08 23:37
2026-09-08,Crimson Fleet Combat Robot Greande,4463,16,2026-09-08 23:37
2026-09-08,Watchtower-Chinese-Translation汉化补丁,4700,12,2026-09-08 23:37
2026-09-08,A Special Crew,4305,22,2026-09-08 23:37
2026-09-08,TGGs Swimsuit 02,3513,31,2026-09-08 23:37
2026-09-08,You can sit on toilets,3586,8,2026-09-08 23:37
2026-09-08,Nebula Protocol Suit,3692,15,2026-09-08 23:37
2026-09-08,realistic helmet 1st person vision-DLC2 patch,2617,19,2026-09-08 23:37
2026-09-08,TownGGs Clothes Fashion Skirt,2395,7,2026-09-08 23:37
2026-09-08,THE TERMINUS,5267,51,2026-09-08 23:37
2026-09-08,TownGGs Clothes-White Dress,2737,9,2026-09-08 23:37
2026-09-08,TGG Cloth-DVA bodysuit,5989,32,2026-09-08 23:37
2026-09-08,TGGs More Toilets,2666,6,2026-09-08 23:37
2026-09-08,TGGs Swimsuit 01,2219,19,2026-09-08 23:37
2026-09-08,McClarence Outfitter Chinese Translation汉化补丁,1704,5,2026-09-08 23:37
2026-09-08,TGGs weapon-Voids Gaze,1808,9,2026-09-08 23:37
2026-09-08,TownGGs Outpost Storage Expansion,1492,15,2026-09-08 23:37
2026-09-08,YOU NEED POOP,1663,3,2026-09-08 23:37
2026-09-08,Starborn Power Greande,1768,8,2026-09-08 23:37
2026-09-08,Realistic Helmet 1st Vision2.0,2422,33,2026-09-08 23:37
2026-09-08,CASSILIA’S SOUL,3503,37,2026-09-08 23:37
2026-09-08,Realistic Helmet 1st Vision2.0b,1475,11,2026-09-08 23:37
2026-09-08,TGGs Weird Toilets,703,0,2026-09-08 23:37
2026-09-08,TGGs Monster Hunter Bone Great Sword,1091,6,2026-09-08 23:37
2026-09-08,TGGs More MapMarkers,932,8,2026-09-08 23:37
2026-09-08,CASSILIAs SOUL(CHINESE),730,10,2026-09-08 23:37
2026-09-08,THE TERMINUS (CHINESE),567,2,2026-09-08 23:37
2026-09-08,realistic helmet 1st person vision,112,0,2026-09-08 23:37
2026-09-08,Starborn Portal,79,1,2026-09-08 23:37
2026-09-08,TGGs weapon-Nova Cleaver,45,0,2026-09-08 23:37
2026-09-08,TGGs Madbean,13,0,2026-09-08 23:37
2026-09-08,CASSILIAs POWER FIST,5321,52,2026-09-08 23:37
2026-09-08,CPF-VANGUARD POWER FIST MK2,1548,14,2026-09-08 23:37
2026-09-08,CPF-STARBORN POWER FIST UNITY,2321,29,2026-09-08 23:37
2026-09-08,CPF-STARBORN POWER FIST OMEGA,2051,27,2026-09-08 23:37
2026-09-08,CPF-CRIMSON FLEET POWER FIST HELLHOUND,1500,18,2026-09-08 23:37
2026-09-08,Cassilia’s trainning dummy,471,4,2026-09-08 23:37
2026-09-08,CPF-RYUJIN DEATH CLAW,1256,15,2026-09-08 23:37
2026-09-08,CASSILIA's MANTIS UNDERSUIT,2924,53,2026-09-08 23:37
2026-09-08,CPF-MANTIS BLADE,1179,15,2026-09-08 23:37
2026-09-08,Cassilia's Casual Outfit & Glasses,1859,35,2026-09-08 23:37
2026-09-08,TGG Galaxy Fashion Lingerie-BLACK STOCKING,2285,64,2026-09-08 23:37
2026-09-08,TGG Galaxy Fashion-Fruit Pajama Collection,160,5,2026-09-08 23:37
2026-09-08,POWER RANGER UNDERSUIT,189,11,2026-09-08 23:37
2026-09-08,Cassilia's Casual Outfit & Glasses - Constellation Edition,145,14,2026-09-08 23:37
2026-09-09,TGGs Black Lingeria,8862,28,2026-09-09 23:37
2026-09-09,TownGGs Clothes-Pirate Outfit,6551,27,2026-09-09 23:37
2026-09-09,Cassilias Old Constellation Uniform,21439,106,2026-09-09 23:37
2026-09-09,TGGs LaceBra,4806,25,2026-09-09 23:37
2026-09-09,Crimson Fleet Combat Robot Greande,4466,3,2026-09-09 23:37
2026-09-09,Watchtower-Chinese-Translation汉化补丁,4708,8,2026-09-09 23:37
2026-09-09,A Special Crew,4319,14,2026-09-09 23:37
2026-09-09,TGGs Swimsuit 02,3526,13,2026-09-09 23:37
2026-09-09,You can sit on toilets,3589,3,2026-09-09 23:37
2026-09-09,Nebula Protocol Suit,3706,14,2026-09-09 23:37
2026-09-09,realistic helmet 1st person vision-DLC2 patch,2626,9,2026-09-09 23:37
2026-09-09,TownGGs Clothes Fashion Skirt,2401,6,2026-09-09 23:37
2026-09-09,THE TERMINUS,5293,26,2026-09-09 23:37
2026-09-09,TownGGs Clothes-White Dress,2751,14,2026-09-09 23:37
2026-09-09,TGG Cloth-DVA bodysuit,6013,24,2026-09-09 23:37
2026-09-09,TGGs More Toilets,2668,2,2026-09-09 23:37
2026-09-09,TGGs Swimsuit 01,2230,11,2026-09-09 23:37
2026-09-09,McClarence Outfitter Chinese Translation汉化补丁,1714,10,2026-09-09 23:37
2026-09-09,TGGs weapon-Voids Gaze,1812,4,2026-09-09 23:37
2026-09-09,TownGGs Outpost Storage Expansion,1499,7,2026-09-09 23:37
2026-09-09,YOU NEED POOP,1664,1,2026-09-09 23:37
2026-09-09,Starborn Power Greande,1773,5,2026-09-09 23:37
2026-09-09,Realistic Helmet 1st Vision2.0,2441,19,2026-09-09 23:37
2026-09-09,CASSILIA’S SOUL,3518,15,2026-09-09 23:37
2026-09-09,Realistic Helmet 1st Vision2.0b,1487,12,2026-09-09 23:37
2026-09-09,TGGs Weird Toilets,703,0,2026-09-09 23:37
2026-09-09,TGGs Monster Hunter Bone Great Sword,1095,4,2026-09-09 23:37
2026-09-09,TGGs More MapMarkers,937,5,2026-09-09 23:37
2026-09-09,CASSILIAs SOUL(CHINESE),735,5,2026-09-09 23:37
2026-09-09,THE TERMINUS (CHINESE),569,2,2026-09-09 23:37
2026-09-09,realistic helmet 1st person vision,112,0,2026-09-09 23:37
2026-09-09,Starborn Portal,79,0,2026-09-09 23:37
2026-09-09,TGGs weapon-Nova Cleaver,45,0,2026-09-09 23:37
2026-09-09,TGGs Madbean,13,0,2026-09-09 23:37
2026-09-09,CASSILIAs POWER FIST,5346,25,2026-09-09 23:37
2026-09-09,CPF-VANGUARD POWER FIST MK2,1554,6,2026-09-09 23:37
2026-09-09,CPF-STARBORN POWER FIST UNITY,2328,7,2026-09-09 23:37
2026-09-09,CPF-STARBORN POWER FIST OMEGA,2060,9,2026-09-09 23:37
2026-09-09,CPF-CRIMSON FLEET POWER FIST HELLHOUND,1511,11,2026-09-09 23:37
2026-09-09,Cassilia’s trainning dummy,471,1,2026-09-09 23:37
2026-09-09,CPF-RYUJIN DEATH CLAW,1264,8,2026-09-09 23:37
2026-09-09,CASSILIA's MANTIS UNDERSUIT,2966,42,2026-09-09 23:37
2026-09-09,CPF-MANTIS BLADE,1190,11,2026-09-09 23:37
2026-09-09,Cassilia's Casual Outfit & Glasses,1883,24,2026-09-09 23:37
2026-09-09,TGG Galaxy Fashion Lingerie-BLACK STOCKING,2326,41,2026-09-09 23:37
2026-09-09,TGG Galaxy Fashion-Fruit Pajama Collection,164,4,2026-09-09 23:37
2026-09-09,POWER RANGER UNDERSUIT,194,5,2026-09-09 23:37
2026-09-09,Cassilia's Casual Outfit & Glasses - Constellation Edition,151,6,2026-09-09 23:37
2026-09-10,TGGs Black Lingeria,8891,29,2026-09-10 23:52
2026-09-10,TownGGs Clothes-Pirate Outfit,6576,25,2026-09-10 23:52
2026-09-10,Cassilias Old Constellation Uniform,21537,98,2026-09-10 23:52
2026-09-10,TGGs LaceBra,4825,19,2026-09-10 23:52
2026-09-10,Crimson Fleet Combat Robot Greande,4467,1,2026-09-10 23:52
2026-09-10,Watchtower-Chinese-Translation汉化补丁,4712,4,2026-09-10 23:52
2026-09-10,A Special Crew,4329,10,2026-09-10 23:52
2026-09-10,TGGs Swimsuit 02,3537,11,2026-09-10 23:52
2026-09-10,You can sit on toilets,3597,8,2026-09-10 23:52
2026-09-10,Nebula Protocol Suit,3713,7,2026-09-10 23:52
2026-09-10,realistic helmet 1st person vision-DLC2 patch,2633,7,2026-09-10 23:52
2026-09-10,TownGGs Clothes Fashion Skirt,2406,5,2026-09-10 23:52
2026-09-10,THE TERMINUS,5312,19,2026-09-10 23:52
2026-09-10,TownGGs Clothes-White Dress,2761,10,2026-09-10 23:52
2026-09-10,TGG Cloth-DVA bodysuit,6045,32,2026-09-10 23:52
2026-09-10,TGGs More Toilets,2670,2,2026-09-10 23:52
2026-09-10,TGGs Swimsuit 01,2237,7,2026-09-10 23:52
2026-09-10,McClarence Outfitter Chinese Translation汉化补丁,1719,5,2026-09-10 23:52
2026-09-10,TGGs weapon-Voids Gaze,1814,2,2026-09-10 23:52
2026-09-10,TownGGs Outpost Storage Expansion,1502,3,2026-09-10 23:52
2026-09-10,YOU NEED POOP,1668,4,2026-09-10 23:52
2026-09-10,Starborn Power Greande,1775,2,2026-09-10 23:52
2026-09-10,Realistic Helmet 1st Vision2.0,2451,10,2026-09-10 23:52
2026-09-10,CASSILIA’S SOUL,3531,13,2026-09-10 23:52
2026-09-10,Realistic Helmet 1st Vision2.0b,1492,5,2026-09-10 23:52
2026-09-10,TGGs Weird Toilets,704,1,2026-09-10 23:52
2026-09-10,TGGs Monster Hunter Bone Great Sword,1096,1,2026-09-10 23:52
2026-09-10,TGGs More MapMarkers,943,6,2026-09-10 23:52
2026-09-10,CASSILIAs SOUL(CHINESE),738,3,2026-09-10 23:52
2026-09-10,THE TERMINUS (CHINESE),570,1,2026-09-10 23:52
2026-09-10,realistic helmet 1st person vision,112,0,2026-09-10 23:52
2026-09-10,Starborn Portal,79,0,2026-09-10 23:52
2026-09-10,TGGs weapon-Nova Cleaver,45,0,2026-09-10 23:52
2026-09-10,TGGs Madbean,13,0,2026-09-10 23:52
2026-09-10,CASSILIAs POWER FIST,5374,28,2026-09-10 23:52
2026-09-10,CPF-VANGUARD POWER FIST MK2,1559,5,2026-09-10 23:52
2026-09-10,CPF-STARBORN POWER FIST UNITY,2340,12,2026-09-10 23:52
2026-09-10,CPF-STARBORN POWER FIST OMEGA,2069,9,2026-09-10 23:52
2026-09-10,CPF-CRIMSON FLEET POWER FIST HELLHOUND,1517,6,2026-09-10 23:52
2026-09-10,Cassilia’s trainning dummy,474,5,2026-09-10 23:52
2026-09-10,CPF-RYUJIN DEATH CLAW,1270,6,2026-09-10 23:52
2026-09-10,CASSILIA's MANTIS UNDERSUIT,2993,27,2026-09-10 23:52
2026-09-10,CPF-MANTIS BLADE,1198,8,2026-09-10 23:52
2026-09-10,Cassilia's Casual Outfit & Glasses,1896,13,2026-09-10 23:52
2026-09-10,TGG Galaxy Fashion Lingerie-BLACK STOCKING,2360,34,2026-09-10 23:52
2026-09-10,TGG Galaxy Fashion-Fruit Pajama Collection,169,5,2026-09-10 23:52
2026-09-10,POWER RANGER UNDERSUIT,196,2,2026-09-10 23:52
2026-09-10,Cassilia's Casual Outfit & Glasses - Constellation Edition,160,9,2026-09-10 23:52
2026-09-11,TGGs Black Lingeria,8940,49,2026-09-11 23:37
2026-09-11,TownGGs Clothes-Pirate Outfit,6614,38,2026-09-11 23:37
2026-09-11,Cassilias Old Constellation Uniform,21663,126,2026-09-11 23:37
2026-09-11,TGGs LaceBra,4843,18,2026-09-11 23:37
2026-09-11,Crimson Fleet Combat Robot Greande,4470,3,2026-09-11 23:37
2026-09-11,Watchtower-Chinese-Translation汉化补丁,4721,9,2026-09-11 23:37
2026-09-11,A Special Crew,4339,10,2026-09-11 23:37
2026-09-11,TGGs Swimsuit 02,3560,23,2026-09-11 23:37
2026-09-11,You can sit on toilets,3611,14,2026-09-11 23:37
2026-09-11,Nebula Protocol Suit,3726,13,2026-09-11 23:37
2026-09-11,realistic helmet 1st person vision-DLC2 patch,2647,14,2026-09-11 23:37
2026-09-11,TownGGs Clothes Fashion Skirt,2415,9,2026-09-11 23:37
2026-09-11,THE TERMINUS,5341,29,2026-09-11 23:37
2026-09-11,TownGGs Clothes-White Dress,2777,16,2026-09-11 23:37
2026-09-11,TGG Cloth-DVA bodysuit,6081,36,2026-09-11 23:37
2026-09-11,TGGs More Toilets,2679,9,2026-09-11 23:37
2026-09-11,TGGs Swimsuit 01,2250,13,2026-09-11 23:37
2026-09-11,McClarence Outfitter Chinese Translation汉化补丁,1720,1,2026-09-11 23:37
2026-09-11,TGGs weapon-Voids Gaze,1827,13,2026-09-11 23:37
2026-09-11,TownGGs Outpost Storage Expansion,1506,4,2026-09-11 23:37
2026-09-11,YOU NEED POOP,1672,4,2026-09-11 23:37
2026-09-11,Starborn Power Greande,1777,2,2026-09-11 23:37
2026-09-11,Realistic Helmet 1st Vision2.0,2473,22,2026-09-11 23:37
2026-09-11,CASSILIA’S SOUL,3555,24,2026-09-11 23:37
2026-09-11,Realistic Helmet 1st Vision2.0b,1505,13,2026-09-11 23:37
2026-09-11,TGGs Weird Toilets,708,4,2026-09-11 23:37
2026-09-11,TGGs Monster Hunter Bone Great Sword,1104,8,2026-09-11 23:37
2026-09-11,TGGs More MapMarkers,947,4,2026-09-11 23:37
2026-09-11,CASSILIAs SOUL(CHINESE),745,7,2026-09-11 23:37
2026-09-11,THE TERMINUS (CHINESE),572,2,2026-09-11 23:37
2026-09-11,realistic helmet 1st person vision,113,1,2026-09-11 23:37
2026-09-11,Starborn Portal,79,0,2026-09-11 23:37
2026-09-11,TGGs weapon-Nova Cleaver,45,0,2026-09-11 23:37
2026-09-11,TGGs Madbean,13,0,2026-09-11 23:37
2026-09-11,CASSILIAs POWER FIST,5419,45,2026-09-11 23:37
2026-09-11,CPF-VANGUARD POWER FIST MK2,1571,12,2026-09-11 23:37
2026-09-11,CPF-STARBORN POWER FIST UNITY,2363,23,2026-09-11 23:37
2026-09-11,CPF-STARBORN POWER FIST OMEGA,2089,20,2026-09-11 23:37
2026-09-11,CPF-CRIMSON FLEET POWER FIST HELLHOUND,1532,15,2026-09-11 23:37
2026-09-11,Cassilia’s trainning dummy,477,3,2026-09-11 23:37
2026-09-11,CPF-RYUJIN DEATH CLAW,1283,13,2026-09-11 23:37
2026-09-11,CASSILIA's MANTIS UNDERSUIT,3025,32,2026-09-11 23:37
2026-09-11,CPF-MANTIS BLADE,1214,16,2026-09-11 23:37
2026-09-11,Cassilia's Casual Outfit & Glasses,1933,37,2026-09-11 23:37
2026-09-11,TGG Galaxy Fashion Lingerie-BLACK STOCKING,2421,61,2026-09-11 23:37
2026-09-11,TGG Galaxy Fashion-Fruit Pajama Collection,174,5,2026-09-11 23:37
2026-09-11,POWER RANGER UNDERSUIT,201,5,2026-09-11 23:37
2026-09-11,Cassilia's Casual Outfit & Glasses - Constellation Edition,172,12,2026-09-11 23:37
2026-09-12,TGGs Black Lingeria,8958,18,2026-09-12 23:53
2026-09-12,TownGGs Clothes-Pirate Outfit,6632,18,2026-09-12 23:53
2026-09-12,Cassilias Old Constellation Uniform,21750,87,2026-09-12 23:53
2026-09-12,TGGs LaceBra,4863,20,2026-09-12 23:53
2026-09-12,Crimson Fleet Combat Robot Greande,4477,7,2026-09-12 23:53
2026-09-12,Watchtower-Chinese-Translation汉化补丁,4732,11,2026-09-12 23:53
2026-09-12,A Special Crew,4348,9,2026-09-12 23:53
2026-09-12,TGGs Swimsuit 02,3576,16,2026-09-12 23:53
2026-09-12,You can sit on toilets,3615,4,2026-09-12 23:53
2026-09-12,Nebula Protocol Suit,3732,6,2026-09-12 23:53
2026-09-12,realistic helmet 1st person vision-DLC2 patch,2659,12,2026-09-12 23:53
2026-09-12,TownGGs Clothes Fashion Skirt,2418,3,2026-09-12 23:53
2026-09-12,THE TERMINUS,5370,29,2026-09-12 23:53
2026-09-12,TownGGs Clothes-White Dress,2787,10,2026-09-12 23:53
2026-09-12,TGG Cloth-DVA bodysuit,6102,21,2026-09-12 23:53
2026-09-12,TGGs More Toilets,2681,2,2026-09-12 23:53
2026-09-12,TGGs Swimsuit 01,2260,10,2026-09-12 23:53
2026-09-12,McClarence Outfitter Chinese Translation汉化补丁,1722,2,2026-09-12 23:53
2026-09-12,TGGs weapon-Voids Gaze,1832,5,2026-09-12 23:53
2026-09-12,TownGGs Outpost Storage Expansion,1510,4,2026-09-12 23:53
2026-09-12,YOU NEED POOP,1674,2,2026-09-12 23:53
2026-09-12,Starborn Power Greande,1778,1,2026-09-12 23:53
2026-09-12,Realistic Helmet 1st Vision2.0,2486,13,2026-09-12 23:53
2026-09-12,CASSILIA’S SOUL,3574,19,2026-09-12 23:53
2026-09-12,Realistic Helmet 1st Vision2.0b,1517,12,2026-09-12 23:53
2026-09-12,TGGs Weird Toilets,708,0,2026-09-12 23:53
2026-09-12,TGGs Monster Hunter Bone Great Sword,1105,1,2026-09-12 23:53
2026-09-12,TGGs More MapMarkers,948,1,2026-09-12 23:53
2026-09-12,CASSILIAs SOUL(CHINESE),748,3,2026-09-12 23:53
2026-09-12,THE TERMINUS (CHINESE),572,0,2026-09-12 23:53
2026-09-12,realistic helmet 1st person vision,113,0,2026-09-12 23:53
2026-09-12,Starborn Portal,79,0,2026-09-12 23:53
2026-09-12,TGGs weapon-Nova Cleaver,45,0,2026-09-12 23:53
2026-09-12,TGGs Madbean,13,0,2026-09-12 23:53
2026-09-12,CASSILIAs POWER FIST,5452,33,2026-09-12 23:53
2026-09-12,CPF-VANGUARD POWER FIST MK2,1579,8,2026-09-12 23:53
2026-09-12,CPF-STARBORN POWER FIST UNITY,2377,14,2026-09-12 23:53
2026-09-12,CPF-STARBORN POWER FIST OMEGA,2104,15,2026-09-12 23:53
2026-09-12,CPF-CRIMSON FLEET POWER FIST HELLHOUND,1541,9,2026-09-12 23:53
2026-09-12,Cassilia’s trainning dummy,479,4,2026-09-12 23:53
2026-09-12,CPF-RYUJIN DEATH CLAW,1296,13,2026-09-12 23:53
2026-09-12,CASSILIA's MANTIS UNDERSUIT,3051,26,2026-09-12 23:53
2026-09-12,CPF-MANTIS BLADE,1224,10,2026-09-12 23:53
2026-09-12,Cassilia's Casual Outfit & Glasses,1947,14,2026-09-12 23:53
2026-09-12,TGG Galaxy Fashion Lingerie-BLACK STOCKING,2450,29,2026-09-12 23:53
2026-09-12,TGG Galaxy Fashion-Fruit Pajama Collection,176,2,2026-09-12 23:53
2026-09-12,POWER RANGER UNDERSUIT,204,3,2026-09-12 23:53
2026-09-12,Cassilia's Casual Outfit & Glasses - Constellation Edition,177,5,2026-09-12 23:53
2026-09-13,TGGs Black Lingeria,9029,71,2026-09-13 23:37
2026-09-13,TownGGs Clothes-Pirate Outfit,6666,34,2026-09-13 23:37
2026-09-13,Cassilias Old Constellation Uniform,21955,205,2026-09-13 23:37
2026-09-13,TGGs LaceBra,4900,37,2026-09-13 23:37
2026-09-13,Crimson Fleet Combat Robot Greande,4491,14,2026-09-13 23:37
2026-09-13,Watchtower-Chinese-Translation汉化补丁,4767,35,2026-09-13 23:37
2026-09-13,A Special Crew,4377,29,2026-09-13 23:37
2026-09-13,TGGs Swimsuit 02,3600,24,2026-09-13 23:37
2026-09-13,You can sit on toilets,3633,18,2026-09-13 23:37
2026-09-13,Nebula Protocol Suit,3759,27,2026-09-13 23:37
2026-09-13,realistic helmet 1st person vision-DLC2 patch,2680,21,2026-09-13 23:37
2026-09-13,TownGGs Clothes Fashion Skirt,2432,14,2026-09-13 23:37
2026-09-13,THE TERMINUS,5420,50,2026-09-13 23:37
2026-09-13,TownGGs Clothes-White Dress,2812,25,2026-09-13 23:37
2026-09-13,TGG Cloth-DVA bodysuit,6165,63,2026-09-13 23:37
2026-09-13,TGGs More Toilets,2690,9,2026-09-13 23:37
2026-09-13,TGGs Swimsuit 01,2279,19,2026-09-13 23:37
2026-09-13,McClarence Outfitter Chinese Translation汉化补丁,1737,15,2026-09-13 23:37
2026-09-13,TGGs weapon-Voids Gaze,1844,12,2026-09-13 23:37
2026-09-13,TownGGs Outpost Storage Expansion,1519,9,2026-09-13 23:37
2026-09-13,YOU NEED POOP,1680,6,2026-09-13 23:37
2026-09-13,Starborn Power Greande,1783,5,2026-09-13 23:37
2026-09-13,Realistic Helmet 1st Vision2.0,2511,25,2026-09-13 23:37
2026-09-13,CASSILIA’S SOUL,3608,34,2026-09-13 23:37
2026-09-13,Realistic Helmet 1st Vision2.0b,1532,15,2026-09-13 23:37
2026-09-13,TGGs Weird Toilets,709,1,2026-09-13 23:37
2026-09-13,TGGs Monster Hunter Bone Great Sword,1116,11,2026-09-13 23:37
2026-09-13,TGGs More MapMarkers,958,10,2026-09-13 23:37
2026-09-13,CASSILIAs SOUL(CHINESE),763,15,2026-09-13 23:37
2026-09-13,THE TERMINUS (CHINESE),575,3,2026-09-13 23:37
2026-09-13,realistic helmet 1st person vision,113,0,2026-09-13 23:37
2026-09-13,Starborn Portal,79,0,2026-09-13 23:37
2026-09-13,TGGs weapon-Nova Cleaver,47,2,2026-09-13 23:37
2026-09-13,TGGs Madbean,13,0,2026-09-13 23:37
2026-09-13,CASSILIAs POWER FIST,5507,55,2026-09-13 23:37
2026-09-13,CPF-VANGUARD POWER FIST MK2,1589,10,2026-09-13 23:37
2026-09-13,CPF-STARBORN POWER FIST UNITY,2399,22,2026-09-13 23:37
2026-09-13,CPF-STARBORN POWER FIST OMEGA,2126,22,2026-09-13 23:37
2026-09-13,CPF-CRIMSON FLEET POWER FIST HELLHOUND,1552,11,2026-09-13 23:37
2026-09-13,Cassilia’s trainning dummy,485,6,2026-09-13 23:37
2026-09-13,CPF-RYUJIN DEATH CLAW,1315,19,2026-09-13 23:37
2026-09-13,CASSILIA's MANTIS UNDERSUIT,3112,61,2026-09-13 23:37
2026-09-13,CPF-MANTIS BLADE,1242,18,2026-09-13 23:37
2026-09-13,Cassilia's Casual Outfit & Glasses,1999,52,2026-09-13 23:37
2026-09-13,TGG Galaxy Fashion Lingerie-BLACK STOCKING,2553,103,2026-09-13 23:37
2026-09-13,TGG Galaxy Fashion-Fruit Pajama Collection,183,7,2026-09-13 23:37
2026-09-13,POWER RANGER UNDERSUIT,219,15,2026-09-13 23:37
2026-09-13,Cassilia's Casual Outfit & Glasses - Constellation Edition,189,12,2026-09-13 23:37
2026-09-14,TGGs Black Lingeria,9085,56,2026-09-14 23:53
2026-09-14,TownGGs Clothes-Pirate Outfit,6709,43,2026-09-14 23:53
2026-09-14,Cassilias Old Constellation Uniform,22123,168,2026-09-14 23:53
2026-09-14,TGGs LaceBra,4924,24,2026-09-14 23:53
2026-09-14,Crimson Fleet Combat Robot Greande,4498,7,2026-09-14 23:53
2026-09-14,Watchtower-Chinese-Translation汉化补丁,4777,10,2026-09-14 23:53
2026-09-14,A Special Crew,4406,29,2026-09-14 23:53
2026-09-14,TGGs Swimsuit 02,3627,27,2026-09-14 23:53
2026-09-14,You can sit on toilets,3645,12,2026-09-14 23:53
2026-09-14,Nebula Protocol Suit,3789,30,2026-09-14 23:53
2026-09-14,realistic helmet 1st person vision-DLC2 patch,2708,28,2026-09-14 23:53
2026-09-14,TownGGs Clothes Fashion Skirt,2447,15,2026-09-14 23:53
2026-09-14,THE TERMINUS,5468,48,2026-09-14 23:53
2026-09-14,TownGGs Clothes-White Dress,2840,28,2026-09-14 23:53
2026-09-14,TGG Cloth-DVA bodysuit,6209,44,2026-09-14 23:53
2026-09-14,TGGs More Toilets,2698,8,2026-09-14 23:53
2026-09-14,TGGs Swimsuit 01,2293,14,2026-09-14 23:53
2026-09-14,McClarence Outfitter Chinese Translation汉化补丁,1739,2,2026-09-14 23:53
2026-09-14,TGGs weapon-Voids Gaze,1856,12,2026-09-14 23:53
2026-09-14,TownGGs Outpost Storage Expansion,1531,12,2026-09-14 23:53
2026-09-14,YOU NEED POOP,1685,5,2026-09-14 23:53
2026-09-14,Starborn Power Greande,1789,6,2026-09-14 23:53
2026-09-14,Realistic Helmet 1st Vision2.0,2542,31,2026-09-14 23:53
2026-09-14,CASSILIA’S SOUL,3654,46,2026-09-14 23:53
2026-09-14,Realistic Helmet 1st Vision2.0b,1553,21,2026-09-14 23:53
2026-09-14,TGGs Weird Toilets,710,1,2026-09-14 23:53
2026-09-14,TGGs Monster Hunter Bone Great Sword,1130,14,2026-09-14 23:53
2026-09-14,TGGs More MapMarkers,967,9,2026-09-14 23:53
2026-09-14,CASSILIAs SOUL(CHINESE),774,11,2026-09-14 23:53
2026-09-14,THE TERMINUS (CHINESE),577,2,2026-09-14 23:53
2026-09-14,realistic helmet 1st person vision,113,0,2026-09-14 23:53
2026-09-14,Starborn Portal,79,0,2026-09-14 23:53
2026-09-14,TGGs weapon-Nova Cleaver,48,1,2026-09-14 23:53
2026-09-14,TGGs Madbean,13,0,2026-09-14 23:53
2026-09-14,CASSILIAs POWER FIST,5559,52,2026-09-14 23:53
2026-09-14,CPF-VANGUARD POWER FIST MK2,1600,11,2026-09-14 23:53
2026-09-14,CPF-STARBORN POWER FIST UNITY,2425,26,2026-09-14 23:53
2026-09-14,CPF-STARBORN POWER FIST OMEGA,2150,24,2026-09-14 23:53
2026-09-14,CPF-CRIMSON FLEET POWER FIST HELLHOUND,1565,13,2026-09-14 23:53
2026-09-14,Cassilia’s trainning dummy,490,6,2026-09-14 23:53
2026-09-14,CPF-RYUJIN DEATH CLAW,1338,23,2026-09-14 23:53
2026-09-14,CASSILIA's MANTIS UNDERSUIT,3167,55,2026-09-14 23:53
2026-09-14,CPF-MANTIS BLADE,1263,21,2026-09-14 23:53
2026-09-14,Cassilia's Casual Outfit & Glasses,2031,32,2026-09-14 23:53
2026-09-14,TGG Galaxy Fashion Lingerie-BLACK STOCKING,2610,57,2026-09-14 23:53
2026-09-14,TGG Galaxy Fashion-Fruit Pajama Collection,191,8,2026-09-14 23:53
2026-09-14,POWER RANGER UNDERSUIT,227,8,2026-09-14 23:53
2026-09-14,Cassilia's Casual Outfit & Glasses - Constellation Edition,197,8,2026-09-14 23:53
2026-09-15,TGGs Black Lingeria,9136,51,2026-09-15 23:37
2026-09-15,TownGGs Clothes-Pirate Outfit,6745,36,2026-09-15 23:37
2026-09-15,Cassilias Old Constellation Uniform,22238,115,2026-09-15 23:37
2026-09-15,TGGs LaceBra,4946,22,2026-09-15 23:37
2026-09-15,Crimson Fleet Combat Robot Greande,4512,14,2026-09-15 23:37
2026-09-15,Watchtower-Chinese-Translation汉化补丁,4782,5,2026-09-15 23:37
2026-09-15,A Special Crew,4428,22,2026-09-15 23:37
2026-09-15,TGGs Swimsuit 02,3649,22,2026-09-15 23:37
2026-09-15,You can sit on toilets,3655,10,2026-09-15 23:37
2026-09-15,Nebula Protocol Suit,3805,16,2026-09-15 23:37
2026-09-15,realistic helmet 1st person vision-DLC2 patch,2727,19,2026-09-15 23:37
2026-09-15,TownGGs Clothes Fashion Skirt,2461,14,2026-09-15 23:37
2026-09-15,THE TERMINUS,5494,26,2026-09-15 23:37
2026-09-15,TownGGs Clothes-White Dress,2859,19,2026-09-15 23:37
2026-09-15,TGG Cloth-DVA bodysuit,6245,36,2026-09-15 23:37
2026-09-15,TGGs More Toilets,2704,6,2026-09-15 23:37
2026-09-15,TGGs Swimsuit 01,2302,9,2026-09-15 23:37
2026-09-15,McClarence Outfitter Chinese Translation汉化补丁,1739,0,2026-09-15 23:37
2026-09-15,TGGs weapon-Voids Gaze,1867,11,2026-09-15 23:37
2026-09-15,TownGGs Outpost Storage Expansion,1539,8,2026-09-15 23:37
2026-09-15,YOU NEED POOP,1689,4,2026-09-15 23:37
2026-09-15,Starborn Power Greande,1792,3,2026-09-15 23:37
2026-09-15,Realistic Helmet 1st Vision2.0,2554,12,2026-09-15 23:37
2026-09-15,CASSILIA’S SOUL,3678,24,2026-09-15 23:37
2026-09-15,Realistic Helmet 1st Vision2.0b,1565,12,2026-09-15 23:37
2026-09-15,TGGs Weird Toilets,712,2,2026-09-15 23:37
2026-09-15,TGGs Monster Hunter Bone Great Sword,1137,7,2026-09-15 23:37
2026-09-15,TGGs More MapMarkers,973,6,2026-09-15 23:37
2026-09-15,CASSILIAs SOUL(CHINESE),775,1,2026-09-15 23:37
2026-09-15,THE TERMINUS (CHINESE),579,2,2026-09-15 23:37
2026-09-15,realistic helmet 1st person vision,113,0,2026-09-15 23:37
2026-09-15,Starborn Portal,79,0,2026-09-15 23:37
2026-09-15,TGGs weapon-Nova Cleaver,49,1,2026-09-15 23:37
2026-09-15,TGGs Madbean,14,1,2026-09-15 23:37
2026-09-15,CASSILIAs POWER FIST,5592,33,2026-09-15 23:37
2026-09-15,CPF-VANGUARD POWER FIST MK2,1606,6,2026-09-15 23:37
2026-09-15,CPF-STARBORN POWER FIST UNITY,2440,15,2026-09-15 23:37
2026-09-15,CPF-STARBORN POWER FIST OMEGA,2166,16,2026-09-15 23:37
2026-09-15,CPF-CRIMSON FLEET POWER FIST HELLHOUND,1575,10,2026-09-15 23:37
2026-09-15,Cassilia’s trainning dummy,496,10,2026-09-15 23:37
2026-09-15,CPF-RYUJIN DEATH CLAW,1351,13,2026-09-15 23:37
2026-09-15,CASSILIA's MANTIS UNDERSUIT,3206,39,2026-09-15 23:37
2026-09-15,CPF-MANTIS BLADE,1270,7,2026-09-15 23:37
2026-09-15,Cassilia's Casual Outfit & Glasses,2063,32,2026-09-15 23:37
2026-09-15,TGG Galaxy Fashion Lingerie-BLACK STOCKING,2664,54,2026-09-15 23:37
2026-09-15,TGG Galaxy Fashion-Fruit Pajama Collection,197,6,2026-09-15 23:37
2026-09-15,POWER RANGER UNDERSUIT,231,4,2026-09-15 23:37
2026-09-15,Cassilia's Casual Outfit & Glasses - Constellation Edition,206,9,2026-09-15 23:37
2026-09-15,Tang's old Earth school uniform,15,0,2026-09-15 23:37
2026-09-16,TGGs Black Lingeria,9153,17,2026-09-16 23:53
2026-09-16,TownGGs Clothes-Pirate Outfit,6752,7,2026-09-16 23:53
2026-09-16,Cassilias Old Constellation Uniform,22284,46,2026-09-16 23:53
2026-09-16,TGGs LaceBra,4954,8,2026-09-16 23:53
2026-09-16,Crimson Fleet Combat Robot Greande,4514,2,2026-09-16 23:53
2026-09-16,Watchtower-Chinese-Translation汉化补丁,4785,3,2026-09-16 23:53
2026-09-16,A Special Crew,4436,8,2026-09-16 23:53
2026-09-16,TGGs Swimsuit 02,3660,11,2026-09-16 23:53
2026-09-16,You can sit on toilets,3656,1,2026-09-16 23:53
2026-09-16,Nebula Protocol Suit,3807,2,2026-09-16 23:53
2026-09-16,realistic helmet 1st person vision-DLC2 patch,2730,3,2026-09-16 23:53
2026-09-16,TownGGs Clothes Fashion Skirt,2462,1,2026-09-16 23:53
2026-09-16,THE TERMINUS,5505,11,2026-09-16 23:53
2026-09-16,TownGGs Clothes-White Dress,2860,1,2026-09-16 23:53
2026-09-16,TGG Cloth-DVA bodysuit,6255,10,2026-09-16 23:53
2026-09-16,TGGs More Toilets,2708,4,2026-09-16 23:53
2026-09-16,TGGs Swimsuit 01,2308,6,2026-09-16 23:53
2026-09-16,McClarence Outfitter Chinese Translation汉化补丁,1740,1,2026-09-16 23:53
2026-09-16,TGGs weapon-Voids Gaze,1871,4,2026-09-16 23:53
2026-09-16,TownGGs Outpost Storage Expansion,1542,3,2026-09-16 23:53
2026-09-16,YOU NEED POOP,1689,0,2026-09-16 23:53
2026-09-16,Starborn Power Greande,1793,1,2026-09-16 23:53
2026-09-16,Realistic Helmet 1st Vision2.0,2560,6,2026-09-16 23:53
2026-09-16,CASSILIA’S SOUL,3685,7,2026-09-16 23:53
2026-09-16,Realistic Helmet 1st Vision2.0b,1572,7,2026-09-16 23:53
2026-09-16,TGGs Weird Toilets,712,0,2026-09-16 23:53
2026-09-16,TGGs Monster Hunter Bone Great Sword,1138,1,2026-09-16 23:53
2026-09-16,TGGs More MapMarkers,973,0,2026-09-16 23:53
2026-09-16,CASSILIAs SOUL(CHINESE),775,0,2026-09-16 23:53
2026-09-16,THE TERMINUS (CHINESE),580,1,2026-09-16 23:53
2026-09-16,realistic helmet 1st person vision,113,0,2026-09-16 23:53
2026-09-16,Starborn Portal,79,0,2026-09-16 23:53
2026-09-16,TGGs weapon-Nova Cleaver,49,0,2026-09-16 23:53
2026-09-16,TGGs Madbean,14,0,2026-09-16 23:53
2026-09-16,CASSILIAs POWER FIST,5610,18,2026-09-16 23:53
2026-09-16,CPF-VANGUARD POWER FIST MK2,1609,3,2026-09-16 23:53
2026-09-16,CPF-STARBORN POWER FIST UNITY,2447,7,2026-09-16 23:53
2026-09-16,CPF-STARBORN POWER FIST OMEGA,2173,7,2026-09-16 23:53
2026-09-16,CPF-CRIMSON FLEET POWER FIST HELLHOUND,1581,6,2026-09-16 23:53
2026-09-16,Cassilia’s trainning dummy,496,0,2026-09-16 23:53
2026-09-16,CPF-RYUJIN DEATH CLAW,1356,5,2026-09-16 23:53
2026-09-16,CASSILIA's MANTIS UNDERSUIT,3219,13,2026-09-16 23:53
2026-09-16,CPF-MANTIS BLADE,1273,3,2026-09-16 23:53
2026-09-16,Cassilia's Casual Outfit & Glasses,2073,10,2026-09-16 23:53
2026-09-16,TGG Galaxy Fashion Lingerie-BLACK STOCKING,2687,23,2026-09-16 23:53
2026-09-16,TGG Galaxy Fashion-Fruit Pajama Collection,201,4,2026-09-16 23:53
2026-09-16,POWER RANGER UNDERSUIT,235,4,2026-09-16 23:53
2026-09-16,Cassilia's Casual Outfit & Glasses - Constellation Edition,211,5,2026-09-16 23:53
2026-09-16,Tang's old Earth school uniform,15,0,2026-09-16 23:53
2026-09-17,TGGs Black Lingeria,9196,43,2026-09-17 23:52
2026-09-17,TownGGs Clothes-Pirate Outfit,6784,32,2026-09-17 23:52
2026-09-17,Cassilias Old Constellation Uniform,22422,138,2026-09-17 23:52
2026-09-17,TGGs LaceBra,4974,20,2026-09-17 23:52
2026-09-17,Crimson Fleet Combat Robot Greande,4519,5,2026-09-17 23:52
2026-09-17,Watchtower-Chinese-Translation汉化补丁,4794,9,2026-09-17 23:52
2026-09-17,A Special Crew,4452,16,2026-09-17 23:52
2026-09-17,TGGs Swimsuit 02,3681,21,2026-09-17 23:52
2026-09-17,You can sit on toilets,3662,6,2026-09-17 23:52
2026-09-17,Nebula Protocol Suit,3836,29,2026-09-17 23:52
2026-09-17,realistic helmet 1st person vision-DLC2 patch,2751,21,2026-09-17 23:52
2026-09-17,TownGGs Clothes Fashion Skirt,2466,4,2026-09-17 23:52
2026-09-17,THE TERMINUS,5541,36,2026-09-17 23:52
2026-09-17,TownGGs Clothes-White Dress,2870,10,2026-09-17 23:52
2026-09-17,TGG Cloth-DVA bodysuit,6307,52,2026-09-17 23:52
2026-09-17,TGGs More Toilets,2717,9,2026-09-17 23:52
2026-09-17,TGGs Swimsuit 01,2319,11,2026-09-17 23:52
2026-09-17,McClarence Outfitter Chinese Translation汉化补丁,1741,1,2026-09-17 23:52
2026-09-17,TGGs weapon-Voids Gaze,1878,7,2026-09-17 23:52
2026-09-17,TownGGs Outpost Storage Expansion,1549,7,2026-09-17 23:52
2026-09-17,YOU NEED POOP,1695,6,2026-09-17 23:52
2026-09-17,Starborn Power Greande,1794,1,2026-09-17 23:52
2026-09-17,Realistic Helmet 1st Vision2.0,2585,25,2026-09-17 23:52
2026-09-17,CASSILIA’S SOUL,3718,33,2026-09-17 23:52
2026-09-17,Realistic Helmet 1st Vision2.0b,1584,12,2026-09-17 23:52
2026-09-17,TGGs Weird Toilets,713,1,2026-09-17 23:52
2026-09-17,TGGs Monster Hunter Bone Great Sword,1144,6,2026-09-17 23:52
2026-09-17,TGGs More MapMarkers,980,7,2026-09-17 23:52
2026-09-17,CASSILIAs SOUL(CHINESE),778,3,2026-09-17 23:52
2026-09-17,THE TERMINUS (CHINESE),582,2,2026-09-17 23:52
2026-09-17,realistic helmet 1st person vision,113,0,2026-09-17 23:52
2026-09-17,Starborn Portal,79,0,2026-09-17 23:52
2026-09-17,TGGs weapon-Nova Cleaver,49,0,2026-09-17 23:52
2026-09-17,TGGs Madbean,14,0,2026-09-17 23:52
2026-09-17,CASSILIAs POWER FIST,5655,45,2026-09-17 23:52
2026-09-17,CPF-VANGUARD POWER FIST MK2,1624,15,2026-09-17 23:52
2026-09-17,CPF-STARBORN POWER FIST UNITY,2466,19,2026-09-17 23:52
2026-09-17,CPF-STARBORN POWER FIST OMEGA,2188,15,2026-09-17 23:52
2026-09-17,CPF-CRIMSON FLEET POWER FIST HELLHOUND,1597,16,2026-09-17 23:52
2026-09-17,Cassilia’s trainning dummy,501,6,2026-09-17 23:52
2026-09-17,CPF-RYUJIN DEATH CLAW,1372,16,2026-09-17 23:52
2026-09-17,CASSILIA's MANTIS UNDERSUIT,3264,45,2026-09-17 23:52
2026-09-17,CPF-MANTIS BLADE,1293,20,2026-09-17 23:52
2026-09-17,Cassilia's Casual Outfit & Glasses,2093,20,2026-09-17 23:52
2026-09-17,TGG Galaxy Fashion Lingerie-BLACK STOCKING,2739,52,2026-09-17 23:52
2026-09-17,TGG Galaxy Fashion-Fruit Pajama Collection,204,3,2026-09-17 23:52
2026-09-17,POWER RANGER UNDERSUIT,238,3,2026-09-17 23:52
2026-09-17,Cassilia's Casual Outfit & Glasses - Constellation Edition,219,8,2026-09-17 23:52
2026-09-17,Tang's old Earth school uniform,17,2,2026-09-17 23:52
2026-09-18,TGGs Black Lingeria,9220,24,2026-09-18 15:42
2026-09-18,TownGGs Clothes-Pirate Outfit,6810,26,2026-09-18 15:42
2026-09-18,Cassilias Old Constellation Uniform,22503,81,2026-09-18 15:42
2026-09-18,TGGs LaceBra,4988,14,2026-09-18 15:42
2026-09-18,Crimson Fleet Combat Robot Greande,4530,11,2026-09-18 15:42
2026-09-18,Watchtower-Chinese-Translation汉化补丁,4800,6,2026-09-18 15:42
2026-09-18,A Special Crew,4467,15,2026-09-18 15:42
2026-09-18,TGGs Swimsuit 02,3698,17,2026-09-18 15:42
2026-09-18,You can sit on toilets,3665,3,2026-09-18 15:42
2026-09-18,Nebula Protocol Suit,3852,16,2026-09-18 15:42
2026-09-18,realistic helmet 1st person vision-DLC2 patch,2756,5,2026-09-18 15:42
2026-09-18,TownGGs Clothes Fashion Skirt,2468,2,2026-09-18 15:42
2026-09-18,THE TERMINUS,5572,31,2026-09-18 15:42
2026-09-18,TownGGs Clothes-White Dress,2884,14,2026-09-18 15:42
2026-09-18,TGG Cloth-DVA bodysuit,6329,22,2026-09-18 15:42
2026-09-18,TGGs More Toilets,2721,4,2026-09-18 15:42
2026-09-18,TGGs Swimsuit 01,2325,6,2026-09-18 15:42
2026-09-18,McClarence Outfitter Chinese Translation汉化补丁,1742,1,2026-09-18 15:42
2026-09-18,TGGs weapon-Voids Gaze,1880,2,2026-09-18 15:42
2026-09-18,TownGGs Outpost Storage Expansion,1552,3,2026-09-18 15:42
2026-09-18,YOU NEED POOP,1697,2,2026-09-18 15:42
2026-09-18,Starborn Power Greande,1795,1,2026-09-18 15:42
2026-09-18,Realistic Helmet 1st Vision2.0,2594,9,2026-09-18 15:42
2026-09-18,CASSILIA’S SOUL,3739,21,2026-09-18 15:42
2026-09-18,Realistic Helmet 1st Vision2.0b,1587,3,2026-09-18 15:42
2026-09-18,TGGs Weird Toilets,715,2,2026-09-18 15:42
2026-09-18,TGGs Monster Hunter Bone Great Sword,1145,1,2026-09-18 15:42
2026-09-18,TGGs More MapMarkers,982,2,2026-09-18 15:42
2026-09-18,CASSILIAs SOUL(CHINESE),782,4,2026-09-18 15:42
2026-09-18,THE TERMINUS (CHINESE),583,1,2026-09-18 15:42
2026-09-18,realistic helmet 1st person vision,113,0,2026-09-18 15:42
2026-09-18,Starborn Portal,79,0,2026-09-18 15:42
2026-09-18,TGGs weapon-Nova Cleaver,49,0,2026-09-18 15:42
2026-09-18,TGGs Madbean,14,0,2026-09-18 15:42
2026-09-18,CASSILIAs POWER FIST,5681,26,2026-09-18 15:42
2026-09-18,CPF-VANGUARD POWER FIST MK2,1633,9,2026-09-18 15:42
2026-09-18,CPF-STARBORN POWER FIST UNITY,2480,14,2026-09-18 15:42
2026-09-18,CPF-STARBORN POWER FIST OMEGA,2202,14,2026-09-18 15:42
2026-09-18,CPF-CRIMSON FLEET POWER FIST HELLHOUND,1606,9,2026-09-18 15:42
2026-09-18,Cassilia’s trainning dummy,503,2,2026-09-18 15:42
2026-09-18,CPF-RYUJIN DEATH CLAW,1384,12,2026-09-18 15:42
2026-09-18,CASSILIA's MANTIS UNDERSUIT,3281,17,2026-09-18 15:42
2026-09-18,CPF-MANTIS BLADE,1299,6,2026-09-18 15:42
2026-09-18,Cassilia's Casual Outfit & Glasses,2103,10,2026-09-18 15:42
2026-09-18,TGG Galaxy Fashion Lingerie-BLACK STOCKING,2764,25,2026-09-18 15:42
2026-09-18,TGG Galaxy Fashion-Fruit Pajama Collection,206,2,2026-09-18 15:42
2026-09-18,POWER RANGER UNDERSUIT,243,5,2026-09-18 15:42
2026-09-18,Cassilia's Casual Outfit & Glasses - Constellation Edition,227,8,2026-09-18 15:42
2026-09-18,Tang's old Earth school uniform,19,2,2026-09-18 15:42
2026-09-19,TGGs Black Lingeria,9250,30,2026-09-19 15:54
2026-09-19,TownGGs Clothes-Pirate Outfit,6826,16,2026-09-19 15:54
2026-09-19,Cassilias Old Constellation Uniform,22609,106,2026-09-19 15:54
2026-09-19,TGGs LaceBra,5008,20,2026-09-19 15:54
2026-09-19,Crimson Fleet Combat Robot Greande,4541,11,2026-09-19 15:54
2026-09-19,Watchtower-Chinese-Translation汉化补丁,4808,8,2026-09-19 15:54
2026-09-19,A Special Crew,4484,17,2026-09-19 15:54
2026-09-19,TGGs Swimsuit 02,3718,20,2026-09-19 15:54
2026-09-19,You can sit on toilets,3666,1,2026-09-19 15:54
2026-09-19,Nebula Protocol Suit,3869,17,2026-09-19 15:54
2026-09-19,realistic helmet 1st person vision-DLC2 patch,2772,16,2026-09-19 15:54
2026-09-19,TownGGs Clothes Fashion Skirt,2471,3,2026-09-19 15:54
2026-09-19,THE TERMINUS,5595,23,2026-09-19 15:54
2026-09-19,TownGGs Clothes-White Dress,2895,11,2026-09-19 15:54
2026-09-19,TGG Cloth-DVA bodysuit,6368,39,2026-09-19 15:54
2026-09-19,TGGs More Toilets,2722,1,2026-09-19 15:54
2026-09-19,TGGs Swimsuit 01,2332,7,2026-09-19 15:54
2026-09-19,McClarence Outfitter Chinese Translation汉化补丁,1747,5,2026-09-19 15:54
2026-09-19,TGGs weapon-Voids Gaze,1883,3,2026-09-19 15:54
2026-09-19,TownGGs Outpost Storage Expansion,1562,10,2026-09-19 15:54
2026-09-19,YOU NEED POOP,1698,1,2026-09-19 15:54
2026-09-19,Starborn Power Greande,1797,2,2026-09-19 15:54
2026-09-19,Realistic Helmet 1st Vision2.0,2615,21,2026-09-19 15:54
2026-09-19,CASSILIA’S SOUL,3754,15,2026-09-19 15:54
2026-09-19,Realistic Helmet 1st Vision2.0b,1596,9,2026-09-19 15:54
2026-09-19,TGGs Weird Toilets,717,2,2026-09-19 15:54
2026-09-19,TGGs Monster Hunter Bone Great Sword,1149,4,2026-09-19 15:54
2026-09-19,TGGs More MapMarkers,988,6,2026-09-19 15:54
2026-09-19,CASSILIAs SOUL(CHINESE),792,10,2026-09-19 15:54
2026-09-19,THE TERMINUS (CHINESE),587,4,2026-09-19 15:54
2026-09-19,realistic helmet 1st person vision,113,0,2026-09-19 15:54
2026-09-19,Starborn Portal,79,0,2026-09-19 15:54
2026-09-19,TGGs weapon-Nova Cleaver,51,2,2026-09-19 15:54
2026-09-19,TGGs Madbean,14,0,2026-09-19 15:54
2026-09-19,CASSILIAs POWER FIST,5718,37,2026-09-19 15:54
2026-09-19,CPF-VANGUARD POWER FIST MK2,1643,10,2026-09-19 15:54
2026-09-19,CPF-STARBORN POWER FIST UNITY,2497,17,2026-09-19 15:54
2026-09-19,CPF-STARBORN POWER FIST OMEGA,2221,19,2026-09-19 15:54
2026-09-19,CPF-CRIMSON FLEET POWER FIST HELLHOUND,1617,11,2026-09-19 15:54
2026-09-19,Cassilia’s trainning dummy,505,2,2026-09-19 15:54
2026-09-19,CPF-RYUJIN DEATH CLAW,1396,12,2026-09-19 15:54
2026-09-19,CASSILIA's MANTIS UNDERSUIT,3318,37,2026-09-19 15:54
2026-09-19,CPF-MANTIS BLADE,1317,18,2026-09-19 15:54
2026-09-19,Cassilia's Casual Outfit & Glasses,2128,25,2026-09-19 15:54
2026-09-19,TGG Galaxy Fashion Lingerie-BLACK STOCKING,2802,38,2026-09-19 15:54
2026-09-19,TGG Galaxy Fashion-Fruit Pajama Collection,209,3,2026-09-19 15:54
2026-09-19,POWER RANGER UNDERSUIT,251,8,2026-09-19 15:54
2026-09-19,Cassilia's Casual Outfit & Glasses - Constellation Edition,235,8,2026-09-19 15:54
2026-09-19,Tang's old Earth school uniform,22,3,2026-09-19 15:54
2026-09-20,TGGs Black Lingeria,9309,59,2026-09-20 15:36
2026-09-20,TownGGs Clothes-Pirate Outfit,6861,35,2026-09-20 15:36
2026-09-20,Cassilias Old Constellation Uniform,22768,159,2026-09-20 15:36
2026-09-20,TGGs LaceBra,5039,31,2026-09-20 15:36
2026-09-20,Crimson Fleet Combat Robot Greande,4546,5,2026-09-20 15:36
2026-09-20,Watchtower-Chinese-Translation汉化补丁,4825,17,2026-09-20 15:36
2026-09-20,A Special Crew,4501,17,2026-09-20 15:36
2026-09-20,TGGs Swimsuit 02,3757,39,2026-09-20 15:36
2026-09-20,You can sit on toilets,3675,9,2026-09-20 15:36
2026-09-20,Nebula Protocol Suit,3908,39,2026-09-20 15:36
2026-09-20,realistic helmet 1st person vision-DLC2 patch,2786,14,2026-09-20 15:36
2026-09-20,TownGGs Clothes Fashion Skirt,2479,8,2026-09-20 15:36
2026-09-20,THE TERMINUS,5643,48,2026-09-20 15:36
2026-09-20,TownGGs Clothes-White Dress,2911,16,2026-09-20 15:36
2026-09-20,TGG Cloth-DVA bodysuit,6413,45,2026-09-20 15:36
2026-09-20,TGGs More Toilets,2727,5,2026-09-20 15:36
2026-09-20,TGGs Swimsuit 01,2346,14,2026-09-20 15:36
2026-09-20,McClarence Outfitter Chinese Translation汉化补丁,1759,12,2026-09-20 15:36
2026-09-20,TGGs weapon-Voids Gaze,1898,15,2026-09-20 15:36
2026-09-20,TownGGs Outpost Storage Expansion,1578,16,2026-09-20 15:36
2026-09-20,YOU NEED POOP,1708,10,2026-09-20 15:36
2026-09-20,Starborn Power Greande,1803,6,2026-09-20 15:36
2026-09-20,Realistic Helmet 1st Vision2.0,2638,23,2026-09-20 15:36
2026-09-20,CASSILIA’S SOUL,3784,30,2026-09-20 15:36
2026-09-20,Realistic Helmet 1st Vision2.0b,1607,11,2026-09-20 15:36
2026-09-20,TGGs Weird Toilets,719,2,2026-09-20 15:36
2026-09-20,TGGs Monster Hunter Bone Great Sword,1163,14,2026-09-20 15:36
2026-09-20,TGGs More MapMarkers,1001,13,2026-09-20 15:36
2026-09-20,CASSILIAs SOUL(CHINESE),805,13,2026-09-20 15:36
2026-09-20,THE TERMINUS (CHINESE),590,3,2026-09-20 15:36
2026-09-20,realistic helmet 1st person vision,113,0,2026-09-20 15:36
2026-09-20,Starborn Portal,79,0,2026-09-20 15:36
2026-09-20,TGGs weapon-Nova Cleaver,59,8,2026-09-20 15:36
2026-09-20,TGGs Madbean,14,0,2026-09-20 15:36
2026-09-20,CASSILIAs POWER FIST,5763,45,2026-09-20 15:36
2026-09-20,CPF-VANGUARD POWER FIST MK2,1664,21,2026-09-20 15:36
2026-09-20,CPF-STARBORN POWER FIST UNITY,2525,28,2026-09-20 15:36
2026-09-20,CPF-STARBORN POWER FIST OMEGA,2237,16,2026-09-20 15:36
2026-09-20,CPF-CRIMSON FLEET POWER FIST HELLHOUND,1638,21,2026-09-20 15:36
2026-09-20,Cassilia’s trainning dummy,512,8,2026-09-20 15:36
2026-09-20,CPF-RYUJIN DEATH CLAW,1418,22,2026-09-20 15:36
2026-09-20,CASSILIA's MANTIS UNDERSUIT,3362,44,2026-09-20 15:36
2026-09-20,CPF-MANTIS BLADE,1337,20,2026-09-20 15:36
2026-09-20,Cassilia's Casual Outfit & Glasses,2164,36,2026-09-20 15:36
2026-09-20,TGG Galaxy Fashion Lingerie-BLACK STOCKING,2864,62,2026-09-20 15:36
2026-09-20,TGG Galaxy Fashion-Fruit Pajama Collection,217,8,2026-09-20 15:36
2026-09-20,POWER RANGER UNDERSUIT,264,13,2026-09-20 15:36
2026-09-20,Cassilia's Casual Outfit & Glasses - Constellation Edition,240,5,2026-09-20 15:36
2026-09-20,Tang's old Earth school uniform,23,1,2026-09-20 15:36
2026-09-21,TGGs Black Lingeria,9334,25,2026-09-21 15:52
2026-09-21,TownGGs Clothes-Pirate Outfit,6873,12,2026-09-21 15:52
2026-09-21,Cassilias Old Constellation Uniform,22832,64,2026-09-21 15:52
2026-09-21,TGGs LaceBra,5056,17,2026-09-21 15:52
2026-09-21,Crimson Fleet Combat Robot Greande,4553,7,2026-09-21 15:52
2026-09-21,Watchtower-Chinese-Translation汉化补丁,4829,4,2026-09-21 15:52
2026-09-21,A Special Crew,4503,2,2026-09-21 15:52
2026-09-21,TGGs Swimsuit 02,3771,14,2026-09-21 15:52
2026-09-21,You can sit on toilets,3678,3,2026-09-21 15:52
2026-09-21,Nebula Protocol Suit,3924,16,2026-09-21 15:52
2026-09-21,realistic helmet 1st person vision-DLC2 patch,2794,8,2026-09-21 15:52
2026-09-21,TownGGs Clothes Fashion Skirt,2482,3,2026-09-21 15:52
2026-09-21,THE TERMINUS,5654,11,2026-09-21 15:52
2026-09-21,TownGGs Clothes-White Dress,2917,6,2026-09-21 15:52
2026-09-21,TGG Cloth-DVA bodysuit,6430,17,2026-09-21 15:52
2026-09-21,TGGs More Toilets,2728,1,2026-09-21 15:52
2026-09-21,TGGs Swimsuit 01,2360,14,2026-09-21 15:52
2026-09-21,McClarence Outfitter Chinese Translation汉化补丁,1760,1,2026-09-21 15:52
2026-09-21,TGGs weapon-Voids Gaze,1901,3,2026-09-21 15:52
2026-09-21,TownGGs Outpost Storage Expansion,1580,2,2026-09-21 15:52
2026-09-21,YOU NEED POOP,1708,0,2026-09-21 15:52
2026-09-21,Starborn Power Greande,1806,3,2026-09-21 15:52
2026-09-21,Realistic Helmet 1st Vision2.0,2645,7,2026-09-21 15:52
2026-09-21,CASSILIA’S SOUL,3795,11,2026-09-21 15:52
2026-09-21,Realistic Helmet 1st Vision2.0b,1612,5,2026-09-21 15:52
2026-09-21,TGGs Weird Toilets,719,0,2026-09-21 15:52
2026-09-21,TGGs Monster Hunter Bone Great Sword,1166,3,2026-09-21 15:52
2026-09-21,TGGs More MapMarkers,1003,2,2026-09-21 15:52
2026-09-21,CASSILIAs SOUL(CHINESE),808,3,2026-09-21 15:52
2026-09-21,THE TERMINUS (CHINESE),592,2,2026-09-21 15:52
2026-09-21,realistic helmet 1st person vision,113,0,2026-09-21 15:52
2026-09-21,Starborn Portal,79,0,2026-09-21 15:52
2026-09-21,TGGs weapon-Nova Cleaver,60,1,2026-09-21 15:52
2026-09-21,TGGs Madbean,14,0,2026-09-21 15:52
2026-09-21,CASSILIAs POWER FIST,5781,18,2026-09-21 15:52
2026-09-21,CPF-VANGUARD POWER FIST MK2,1667,3,2026-09-21 15:52
2026-09-21,CPF-STARBORN POWER FIST UNITY,2530,5,2026-09-21 15:52
2026-09-21,CPF-STARBORN POWER FIST OMEGA,2242,5,2026-09-21 15:52
2026-09-21,CPF-CRIMSON FLEET POWER FIST HELLHOUND,1641,3,2026-09-21 15:52
2026-09-21,Cassilia’s trainning dummy,515,5,2026-09-21 15:52
2026-09-21,CPF-RYUJIN DEATH CLAW,1423,5,2026-09-21 15:52
2026-09-21,CASSILIA's MANTIS UNDERSUIT,3382,20,2026-09-21 15:52
2026-09-21,CPF-MANTIS BLADE,1345,8,2026-09-21 15:52
2026-09-21,Cassilia's Casual Outfit & Glasses,2176,12,2026-09-21 15:52
2026-09-21,TGG Galaxy Fashion Lingerie-BLACK STOCKING,2896,32,2026-09-21 15:52
2026-09-21,TGG Galaxy Fashion-Fruit Pajama Collection,218,1,2026-09-21 15:52
2026-09-21,POWER RANGER UNDERSUIT,265,1,2026-09-21 15:52
2026-09-21,Cassilia's Casual Outfit & Glasses - Constellation Edition,242,2,2026-09-21 15:52
2026-09-21,Tang's old Earth school uniform,24,1,2026-09-21 15:52
2026-09-22,TGGs Black Lingeria,9375,41,2026-09-22 15:36
2026-09-22,TownGGs Clothes-Pirate Outfit,6927,54,2026-09-22 15:36
2026-09-22,Cassilias Old Constellation Uniform,22990,158,2026-09-22 15:36
2026-09-22,TGGs LaceBra,5088,32,2026-09-22 15:36
2026-09-22,Crimson Fleet Combat Robot Greande,4565,12,2026-09-22 15:36
2026-09-22,Watchtower-Chinese-Translation汉化补丁,4835,6,2026-09-22 15:36
2026-09-22,A Special Crew,4528,25,2026-09-22 15:36
2026-09-22,TGGs Swimsuit 02,3804,33,2026-09-22 15:36
2026-09-22,You can sit on toilets,3684,6,2026-09-22 15:36
2026-09-22,Nebula Protocol Suit,3963,39,2026-09-22 15:36
2026-09-22,realistic helmet 1st person vision-DLC2 patch,2820,26,2026-09-22 15:36
2026-09-22,TownGGs Clothes Fashion Skirt,2492,10,2026-09-22 15:36
2026-09-22,THE TERMINUS,5691,37,2026-09-22 15:36
2026-09-22,TownGGs Clothes-White Dress,2937,20,2026-09-22 15:36
2026-09-22,TGG Cloth-DVA bodysuit,6476,46,2026-09-22 15:36
2026-09-22,TGGs More Toilets,2729,1,2026-09-22 15:36
2026-09-22,TGGs Swimsuit 01,2372,12,2026-09-22 15:36
2026-09-22,McClarence Outfitter Chinese Translation汉化补丁,1763,3,2026-09-22 15:36
2026-09-22,TGGs weapon-Voids Gaze,1910,9,2026-09-22 15:36
2026-09-22,TownGGs Outpost Storage Expansion,1590,10,2026-09-22 15:36
2026-09-22,YOU NEED POOP,1710,2,2026-09-22 15:36
2026-09-22,Starborn Power Greande,1811,5,2026-09-22 15:36
2026-09-22,Realistic Helmet 1st Vision2.0,2671,26,2026-09-22 15:36
2026-09-22,CASSILIA’S SOUL,3825,30,2026-09-22 15:36
2026-09-22,Realistic Helmet 1st Vision2.0b,1623,11,2026-09-22 15:36
2026-09-22,TGGs Weird Toilets,722,3,2026-09-22 15:36
2026-09-22,TGGs Monster Hunter Bone Great Sword,1175,9,2026-09-22 15:36
2026-09-22,TGGs More MapMarkers,1014,11,2026-09-22 15:36
2026-09-22,CASSILIAs SOUL(CHINESE),819,11,2026-09-22 15:36
2026-09-22,THE TERMINUS (CHINESE),597,5,2026-09-22 15:36
2026-09-22,realistic helmet 1st person vision,113,0,2026-09-22 15:36
2026-09-22,Starborn Portal,80,1,2026-09-22 15:36
2026-09-22,TGGs weapon-Nova Cleaver,60,0,2026-09-22 15:36
2026-09-22,TGGs Madbean,14,0,2026-09-22 15:36
2026-09-22,CASSILIAs POWER FIST,5844,63,2026-09-22 15:36
2026-09-22,CPF-VANGUARD POWER FIST MK2,1675,8,2026-09-22 15:36
2026-09-22,CPF-STARBORN POWER FIST UNITY,2555,25,2026-09-22 15:36
2026-09-22,CPF-STARBORN POWER FIST OMEGA,2261,19,2026-09-22 15:36
2026-09-22,CPF-CRIMSON FLEET POWER FIST HELLHOUND,1659,18,2026-09-22 15:36
2026-09-22,Cassilia’s trainning dummy,518,3,2026-09-22 15:36
2026-09-22,CPF-RYUJIN DEATH CLAW,1443,20,2026-09-22 15:36
2026-09-22,CASSILIA's MANTIS UNDERSUIT,3430,48,2026-09-22 15:36
2026-09-22,CPF-MANTIS BLADE,1365,20,2026-09-22 15:36
2026-09-22,Cassilia's Casual Outfit & Glasses,2212,36,2026-09-22 15:36
2026-09-22,TGG Galaxy Fashion Lingerie-BLACK STOCKING,2958,62,2026-09-22 15:36
2026-09-22,TGG Galaxy Fashion-Fruit Pajama Collection,222,4,2026-09-22 15:36
2026-09-22,POWER RANGER UNDERSUIT,275,10,2026-09-22 15:36
2026-09-22,Cassilia's Casual Outfit & Glasses - Constellation Edition,256,14,2026-09-22 15:36
2026-09-22,Tang's old Earth school uniform,29,5,2026-09-22 15:36
2026-09-23,TGGs Black Lingeria,9437,19,2026-09-24 03:36
2026-09-23,TownGGs Clothes-Pirate Outfit,6977,22,2026-09-24 03:36
2026-09-23,Cassilias Old Constellation Uniform,23158,65,2026-09-24 03:36
2026-09-23,TGGs LaceBra,5118,13,2026-09-24 03:36
2026-09-23,Crimson Fleet Combat Robot Greande,4576,4,2026-09-24 03:36
2026-09-23,Watchtower-Chinese-Translation汉化补丁,4836,0,2026-09-24 03:36
2026-09-23,A Special Crew,4545,6,2026-09-24 03:36
2026-09-23,TGGs Swimsuit 02,3839,12,2026-09-24 03:36
2026-09-23,You can sit on toilets,3692,1,2026-09-24 03:36
2026-09-23,Nebula Protocol Suit,3991,9,2026-09-24 03:36
2026-09-23,realistic helmet 1st person vision-DLC2 patch,2844,6,2026-09-24 03:36
2026-09-23,TownGGs Clothes Fashion Skirt,2506,6,2026-09-24 03:36
2026-09-23,THE TERMINUS,5729,19,2026-09-24 03:36
2026-09-23,TownGGs Clothes-White Dress,2952,4,2026-09-24 03:36
2026-09-23,TGG Cloth-DVA bodysuit,6510,16,2026-09-24 03:36
2026-09-23,TGGs More Toilets,2735,1,2026-09-24 03:36
2026-09-23,TGGs Swimsuit 01,2393,9,2026-09-24 03:36
2026-09-23,McClarence Outfitter Chinese Translation汉化补丁,1765,0,2026-09-24 03:36
2026-09-23,TGGs weapon-Voids Gaze,1915,1,2026-09-24 03:36
2026-09-23,TownGGs Outpost Storage Expansion,1604,5,2026-09-24 03:36
2026-09-23,YOU NEED POOP,1719,3,2026-09-24 03:36
2026-09-23,Starborn Power Greande,1818,2,2026-09-24 03:36
2026-09-23,Realistic Helmet 1st Vision2.0,2703,10,2026-09-24 03:36
2026-09-23,CASSILIA’S SOUL,3862,14,2026-09-24 03:36
2026-09-23,Realistic Helmet 1st Vision2.0b,1632,3,2026-09-24 03:36
2026-09-23,TGGs Weird Toilets,724,0,2026-09-24 03:36
2026-09-23,TGGs Monster Hunter Bone Great Sword,1182,4,2026-09-24 03:36
2026-09-23,TGGs More MapMarkers,1019,2,2026-09-24 03:36
2026-09-23,CASSILIAs SOUL(CHINESE),833,6,2026-09-24 03:36
2026-09-23,THE TERMINUS (CHINESE),598,0,2026-09-24 03:36
2026-09-23,realistic helmet 1st person vision,114,0,2026-09-24 03:36
2026-09-23,Starborn Portal,81,0,2026-09-24 03:36
2026-09-23,TGGs weapon-Nova Cleaver,60,0,2026-09-24 03:36
2026-09-23,TGGs Madbean,14,0,2026-09-24 03:36
2026-09-23,CASSILIAs POWER FIST,5876,16,2026-09-24 03:36
2026-09-23,CPF-VANGUARD POWER FIST MK2,1682,5,2026-09-24 03:36
2026-09-23,CPF-STARBORN POWER FIST UNITY,2575,8,2026-09-24 03:36
2026-09-23,CPF-STARBORN POWER FIST OMEGA,2268,3,2026-09-24 03:36
2026-09-23,CPF-CRIMSON FLEET POWER FIST HELLHOUND,1669,5,2026-09-24 03:36
2026-09-23,Cassilia’s trainning dummy,519,0,2026-09-24 03:36
2026-09-23,CPF-RYUJIN DEATH CLAW,1453,6,2026-09-24 03:36
2026-09-23,CASSILIA's MANTIS UNDERSUIT,3482,19,2026-09-24 03:36
2026-09-23,CPF-MANTIS BLADE,1377,5,2026-09-24 03:36
2026-09-23,Cassilia's Casual Outfit & Glasses,2239,11,2026-09-24 03:36
2026-09-23,TGG Galaxy Fashion Lingerie-BLACK STOCKING,3017,19,2026-09-24 03:36
2026-09-23,TGG Galaxy Fashion-Fruit Pajama Collection,224,1,2026-09-24 03:36
2026-09-23,POWER RANGER UNDERSUIT,283,2,2026-09-24 03:36
2026-09-23,Cassilia's Casual Outfit & Glasses - Constellation Edition,264,2,2026-09-24 03:36
2026-09-23,Tang's old Earth school uniform,32,1,2026-09-24 03:36
2026-09-24,TGGs Black Lingeria,9482,67,2026-09-25 03:36
2026-09-24,TownGGs Clothes-Pirate Outfit,7021,70,2026-09-25 03:36
2026-09-24,Cassilias Old Constellation Uniform,23296,206,2026-09-25 03:36
2026-09-24,TGGs LaceBra,5145,41,2026-09-25 03:36
2026-09-24,Crimson Fleet Combat Robot Greande,4581,10,2026-09-25 03:36
2026-09-24,Watchtower-Chinese-Translation汉化补丁,4840,4,2026-09-25 03:36
2026-09-24,A Special Crew,4564,26,2026-09-25 03:36
2026-09-24,TGGs Swimsuit 02,3863,37,2026-09-25 03:36
2026-09-24,You can sit on toilets,3697,6,2026-09-25 03:36
2026-09-24,Nebula Protocol Suit,4011,32,2026-09-25 03:36
2026-09-24,realistic helmet 1st person vision-DLC2 patch,2862,27,2026-09-25 03:36
2026-09-24,TownGGs Clothes Fashion Skirt,2510,10,2026-09-25 03:36
2026-09-24,THE TERMINUS,5766,56,2026-09-25 03:36
2026-09-24,TownGGs Clothes-White Dress,2965,17,2026-09-25 03:36
2026-09-24,TGG Cloth-DVA bodysuit,6547,53,2026-09-25 03:36
2026-09-24,TGGs More Toilets,2739,5,2026-09-25 03:36
2026-09-24,TGGs Swimsuit 01,2411,27,2026-09-25 03:36
2026-09-24,McClarence Outfitter Chinese Translation汉化补丁,1766,1,2026-09-25 03:36
2026-09-24,TGGs weapon-Voids Gaze,1919,5,2026-09-25 03:36
2026-09-24,TownGGs Outpost Storage Expansion,1611,12,2026-09-25 03:36
2026-09-24,YOU NEED POOP,1724,8,2026-09-25 03:36
2026-09-24,Starborn Power Greande,1820,4,2026-09-25 03:36
2026-09-24,Realistic Helmet 1st Vision2.0,2721,28,2026-09-25 03:36
2026-09-24,CASSILIA’S SOUL,3888,40,2026-09-25 03:36
2026-09-24,Realistic Helmet 1st Vision2.0b,1645,17,2026-09-25 03:36
2026-09-24,TGGs Weird Toilets,726,2,2026-09-25 03:36
2026-09-24,TGGs Monster Hunter Bone Great Sword,1189,11,2026-09-25 03:36
2026-09-24,TGGs More MapMarkers,1023,6,2026-09-25 03:36
2026-09-24,CASSILIAs SOUL(CHINESE),843,16,2026-09-25 03:36
2026-09-24,THE TERMINUS (CHINESE),599,1,2026-09-25 03:36
2026-09-24,realistic helmet 1st person vision,114,0,2026-09-25 03:36
2026-09-24,Starborn Portal,81,0,2026-09-25 03:36
2026-09-24,TGGs weapon-Nova Cleaver,61,1,2026-09-25 03:36
2026-09-24,TGGs Madbean,37,23,2026-09-25 03:36
2026-09-24,CASSILIAs POWER FIST,5917,57,2026-09-25 03:36
2026-09-24,CPF-VANGUARD POWER FIST MK2,1691,14,2026-09-25 03:36
2026-09-24,CPF-STARBORN POWER FIST UNITY,2602,35,2026-09-25 03:36
2026-09-24,CPF-STARBORN POWER FIST OMEGA,2282,17,2026-09-25 03:36
2026-09-24,CPF-CRIMSON FLEET POWER FIST HELLHOUND,1682,18,2026-09-25 03:36
2026-09-24,Cassilia’s trainning dummy,521,2,2026-09-25 03:36
2026-09-24,CPF-RYUJIN DEATH CLAW,1470,23,2026-09-25 03:36
2026-09-24,CASSILIA's MANTIS UNDERSUIT,3533,71,2026-09-25 03:36
2026-09-24,CPF-MANTIS BLADE,1395,23,2026-09-25 03:36
2026-09-24,Cassilia's Casual Outfit & Glasses,2268,41,2026-09-25 03:36
2026-09-24,TGG Galaxy Fashion Lingerie-BLACK STOCKING,3075,78,2026-09-25 03:36
2026-09-24,TGG Galaxy Fashion-Fruit Pajama Collection,230,7,2026-09-25 03:36
2026-09-24,POWER RANGER UNDERSUIT,288,7,2026-09-25 03:36
2026-09-24,Cassilia's Casual Outfit & Glasses - Constellation Edition,267,5,2026-09-25 03:36
2026-09-24,Tang's old Earth school uniform,37,6,2026-09-25 03:36
2026-09-25,TGGs Black Lingeria,9509,27,2026-09-25 21:06
2026-09-25,TownGGs Clothes-Pirate Outfit,7052,31,2026-09-25 21:06
2026-09-25,Cassilias Old Constellation Uniform,23376,80,2026-09-25 21:06
2026-09-25,TGGs LaceBra,5166,21,2026-09-25 21:06
2026-09-25,Crimson Fleet Combat Robot Greande,4587,6,2026-09-25 21:06
2026-09-25,Watchtower-Chinese-Translation汉化补丁,4846,6,2026-09-25 21:06
2026-09-25,A Special Crew,4577,13,2026-09-25 21:06
2026-09-25,TGGs Swimsuit 02,3873,10,2026-09-25 21:06
2026-09-25,You can sit on toilets,3701,4,2026-09-25 21:06
2026-09-25,Nebula Protocol Suit,4034,23,2026-09-25 21:06
2026-09-25,realistic helmet 1st person vision-DLC2 patch,2870,8,2026-09-25 21:06
2026-09-25,TownGGs Clothes Fashion Skirt,2517,7,2026-09-25 21:06
2026-09-25,THE TERMINUS,5799,33,2026-09-25 21:06
2026-09-25,TownGGs Clothes-White Dress,2978,13,2026-09-25 21:06
2026-09-25,TGG Cloth-DVA bodysuit,6567,20,2026-09-25 21:06
2026-09-25,TGGs More Toilets,2741,2,2026-09-25 21:06
2026-09-25,TGGs Swimsuit 01,2419,8,2026-09-25 21:06
2026-09-25,McClarence Outfitter Chinese Translation汉化补丁,1770,4,2026-09-25 21:06
2026-09-25,TGGs weapon-Voids Gaze,1924,5,2026-09-25 21:06
2026-09-25,TownGGs Outpost Storage Expansion,1617,6,2026-09-25 21:06
2026-09-25,YOU NEED POOP,1730,6,2026-09-25 21:06
2026-09-25,Starborn Power Greande,1824,4,2026-09-25 21:06
2026-09-25,Realistic Helmet 1st Vision2.0,2725,4,2026-09-25 21:06
2026-09-25,CASSILIA’S SOUL,3900,12,2026-09-25 21:06
2026-09-25,Realistic Helmet 1st Vision2.0b,1652,7,2026-09-25 21:06
2026-09-25,TGGs Weird Toilets,728,2,2026-09-25 21:06
2026-09-25,TGGs Monster Hunter Bone Great Sword,1192,3,2026-09-25 21:06
2026-09-25,TGGs More MapMarkers,1023,0,2026-09-25 21:06
2026-09-25,CASSILIAs SOUL(CHINESE),847,4,2026-09-25 21:06
2026-09-25,THE TERMINUS (CHINESE),600,1,2026-09-25 21:06
2026-09-25,realistic helmet 1st person vision,114,0,2026-09-25 21:06
2026-09-25,Starborn Portal,83,2,2026-09-25 21:06
2026-09-25,TGGs weapon-Nova Cleaver,65,4,2026-09-25 21:06
2026-09-25,TGGs Madbean,37,0,2026-09-25 21:06
2026-09-25,CASSILIAs POWER FIST,5948,31,2026-09-25 21:06
2026-09-25,CPF-VANGUARD POWER FIST MK2,1701,10,2026-09-25 21:06
2026-09-25,CPF-STARBORN POWER FIST UNITY,2610,8,2026-09-25 21:06
2026-09-25,CPF-STARBORN POWER FIST OMEGA,2290,8,2026-09-25 21:06
2026-09-25,CPF-CRIMSON FLEET POWER FIST HELLHOUND,1691,9,2026-09-25 21:06
2026-09-25,Cassilia’s trainning dummy,524,4,2026-09-25 21:06
2026-09-25,CPF-RYUJIN DEATH CLAW,1478,8,2026-09-25 21:06
2026-09-25,CASSILIA's MANTIS UNDERSUIT,3569,36,2026-09-25 21:06
2026-09-25,CPF-MANTIS BLADE,1412,17,2026-09-25 21:06
2026-09-25,Cassilia's Casual Outfit & Glasses,2282,14,2026-09-25 21:06
2026-09-25,TGG Galaxy Fashion Lingerie-BLACK STOCKING,3113,38,2026-09-25 21:06
2026-09-25,TGG Galaxy Fashion-Fruit Pajama Collection,231,1,2026-09-25 21:06
2026-09-25,POWER RANGER UNDERSUIT,291,3,2026-09-25 21:06
2026-09-25,Cassilia's Casual Outfit & Glasses - Constellation Edition,271,4,2026-09-25 21:06
2026-09-25,Tang's old Earth school uniform,39,2,2026-09-25 21:06
