date,platform,mod_id,mod_name,mod_url,image_url,total_downloads,unique_downloads,daily_downloads,likes,views,notes
2026-06-09,nexus,17070,TGGs Sexy Black Lingerie,https://www.nexusmods.com/starfield/mods/17070,https://staticdelivery.nexusmods.com/mods/4187/images/17070/17070-1778687683-1944088645.png,341,311,0,20,0,Collected via Nexus Mods API.
2026-06-09,nexus,17126,THE TERMINUS,https://www.nexusmods.com/starfield/mods/17126,https://staticdelivery.nexusmods.com/mods/4187/images/17126/17126-1779071888-668213181.png,1175,558,0,24,0,Collected via Nexus Mods API.
2026-06-09,nexus,17251,Nebula Protocol Suit,https://www.nexusmods.com/starfield/mods/17251,https://staticdelivery.nexusmods.com/mods/4187/images/17251/17251-1779804128-1212319096.png,285,259,0,12,0,Collected via Nexus Mods API.
2026-06-09,nexus,17285,CASSILIAs SOUL,https://www.nexusmods.com/starfield/mods/17285,https://staticdelivery.nexusmods.com/mods/4187/images/17285/17285-1780066726-1556236471.png,211,149,0,4,0,Collected via Nexus Mods API.
2026-06-09,nexus,17362,TGG Cloth-DVA bodysuit,https://www.nexusmods.com/starfield/mods/17362,https://staticdelivery.nexusmods.com/mods/4187/images/17362/17362-1780583435-1843506797.png,310,237,0,15,0,Collected via Nexus Mods API.
2026-06-09,nexus,17387,Cassilia's Old Constellation Uniform,https://www.nexusmods.com/starfield/mods/17387,https://staticdelivery.nexusmods.com/mods/4187/images/17387/17387-1780911831-1036925630.png,1193,901,0,54,0,Collected via Nexus Mods API.
2026-06-10,nexus,17070,TGGs Sexy Black Lingerie,https://www.nexusmods.com/starfield/mods/17070,https://staticdelivery.nexusmods.com/mods/4187/images/17070/17070-1778687683-1944088645.png,343,313,2,20,0,Collected via Nexus Mods API.
2026-06-10,nexus,17126,THE TERMINUS,https://www.nexusmods.com/starfield/mods/17126,https://staticdelivery.nexusmods.com/mods/4187/images/17126/17126-1779071888-668213181.png,1186,566,11,24,0,Collected via Nexus Mods API.
2026-06-10,nexus,17251,Nebula Protocol Suit,https://www.nexusmods.com/starfield/mods/17251,https://staticdelivery.nexusmods.com/mods/4187/images/17251/17251-1779804128-1212319096.png,288,262,3,12,0,Collected via Nexus Mods API.
2026-06-10,nexus,17285,CASSILIAs SOUL,https://www.nexusmods.com/starfield/mods/17285,https://staticdelivery.nexusmods.com/mods/4187/images/17285/17285-1780066726-1556236471.png,216,153,5,4,0,Collected via Nexus Mods API.
2026-06-10,nexus,17362,TGG Cloth-DVA bodysuit,https://www.nexusmods.com/starfield/mods/17362,https://staticdelivery.nexusmods.com/mods/4187/images/17362/17362-1780583435-1843506797.png,322,248,12,15,0,Collected via Nexus Mods API.
2026-06-10,nexus,17387,Cassilia's Old Constellation Uniform,https://www.nexusmods.com/starfield/mods/17387,https://staticdelivery.nexusmods.com/mods/4187/images/17387/17387-1780911831-1036925630.png,1288,982,95,59,0,Collected via Nexus Mods API.
2026-06-11,nexus,17070,TGGs Sexy Black Lingerie,https://www.nexusmods.com/starfield/mods/17070,https://staticdelivery.nexusmods.com/mods/4187/images/17070/17070-1778687683-1944088645.png,350,319,7,20,0,Collected via Nexus Mods API.
2026-06-11,nexus,17126,THE TERMINUS,https://www.nexusmods.com/starfield/mods/17126,https://staticdelivery.nexusmods.com/mods/4187/images/17126/17126-1779071888-668213181.png,1204,580,18,24,0,Collected via Nexus Mods API.
2026-06-11,nexus,17251,Nebula Protocol Suit,https://www.nexusmods.com/starfield/mods/17251,https://staticdelivery.nexusmods.com/mods/4187/images/17251/17251-1779804128-1212319096.png,301,272,13,12,0,Collected via Nexus Mods API.
2026-06-11,nexus,17285,CASSILIAs SOUL,https://www.nexusmods.com/starfield/mods/17285,https://staticdelivery.nexusmods.com/mods/4187/images/17285/17285-1780066726-1556236471.png,225,162,9,4,0,Collected via Nexus Mods API.
2026-06-11,nexus,17362,TGG Cloth-DVA bodysuit,https://www.nexusmods.com/starfield/mods/17362,https://staticdelivery.nexusmods.com/mods/4187/images/17362/17362-1780583435-1843506797.png,342,264,20,16,0,Collected via Nexus Mods API.
2026-06-11,nexus,17387,Cassilia's Old Constellation Uniform,https://www.nexusmods.com/starfield/mods/17387,https://staticdelivery.nexusmods.com/mods/4187/images/17387/17387-1780911831-1036925630.png,1574,1205,286,71,0,Collected via Nexus Mods API.
2026-06-12,nexus,17070,TGGs Sexy Black Lingerie,https://www.nexusmods.com/starfield/mods/17070,https://staticdelivery.nexusmods.com/mods/4187/images/17070/17070-1778687683-1944088645.png,355,323,5,20,0,Collected via Nexus Mods API.
2026-06-12,nexus,17126,THE TERMINUS,https://www.nexusmods.com/starfield/mods/17126,https://staticdelivery.nexusmods.com/mods/4187/images/17126/17126-1779071888-668213181.png,1214,584,10,24,0,Collected via Nexus Mods API.
2026-06-12,nexus,17251,Nebula Protocol Suit,https://www.nexusmods.com/starfield/mods/17251,https://staticdelivery.nexusmods.com/mods/4187/images/17251/17251-1779804128-1212319096.png,309,279,8,13,0,Collected via Nexus Mods API.
2026-06-12,nexus,17285,CASSILIAs SOUL,https://www.nexusmods.com/starfield/mods/17285,https://staticdelivery.nexusmods.com/mods/4187/images/17285/17285-1780066726-1556236471.png,229,165,4,5,0,Collected via Nexus Mods API.
2026-06-12,nexus,17362,TGG Cloth-DVA bodysuit,https://www.nexusmods.com/starfield/mods/17362,https://staticdelivery.nexusmods.com/mods/4187/images/17362/17362-1780583435-1843506797.png,354,273,12,16,0,Collected via Nexus Mods API.
2026-06-12,nexus,17387,Cassilia's Old Constellation Uniform,https://www.nexusmods.com/starfield/mods/17387,https://staticdelivery.nexusmods.com/mods/4187/images/17387/17387-1780911831-1036925630.png,1686,1294,112,74,0,Collected via Nexus Mods API.
2026-06-13,nexus,17070,TGGs Sexy Black Lingerie,https://www.nexusmods.com/starfield/mods/17070,https://staticdelivery.nexusmods.com/mods/4187/images/17070/17070-1778687683-1944088645.png,364,330,9,21,0,Collected via Nexus Mods API.
2026-06-13,nexus,17126,THE TERMINUS,https://www.nexusmods.com/starfield/mods/17126,https://staticdelivery.nexusmods.com/mods/4187/images/17126/17126-1779071888-668213181.png,1238,599,24,25,0,Collected via Nexus Mods API.
2026-06-13,nexus,17251,Nebula Protocol Suit,https://www.nexusmods.com/starfield/mods/17251,https://staticdelivery.nexusmods.com/mods/4187/images/17251/17251-1779804128-1212319096.png,317,286,8,14,0,Collected via Nexus Mods API.
2026-06-13,nexus,17285,CASSILIAs SOUL,https://www.nexusmods.com/starfield/mods/17285,https://staticdelivery.nexusmods.com/mods/4187/images/17285/17285-1780066726-1556236471.png,237,170,8,5,0,Collected via Nexus Mods API.
2026-06-13,nexus,17362,TGG Cloth-DVA bodysuit,https://www.nexusmods.com/starfield/mods/17362,https://staticdelivery.nexusmods.com/mods/4187/images/17362/17362-1780583435-1843506797.png,370,284,16,19,0,Collected via Nexus Mods API.
2026-06-13,nexus,17387,Cassilia's Old Constellation Uniform,https://www.nexusmods.com/starfield/mods/17387,https://staticdelivery.nexusmods.com/mods/4187/images/17387/17387-1780911831-1036925630.png,1837,1410,151,78,0,Collected via Nexus Mods API.
2026-06-14,nexus,17070,TGGs Sexy Black Lingerie,https://www.nexusmods.com/starfield/mods/17070,https://staticdelivery.nexusmods.com/mods/4187/images/17070/17070-1778687683-1944088645.png,371,334,7,22,0,Collected via Nexus Mods API.
2026-06-14,nexus,17126,THE TERMINUS,https://www.nexusmods.com/starfield/mods/17126,https://staticdelivery.nexusmods.com/mods/4187/images/17126/17126-1779071888-668213181.png,1263,617,25,26,0,Collected via Nexus Mods API.
2026-06-14,nexus,17251,Nebula Protocol Suit,https://www.nexusmods.com/starfield/mods/17251,https://staticdelivery.nexusmods.com/mods/4187/images/17251/17251-1779804128-1212319096.png,330,297,13,15,0,Collected via Nexus Mods API.
2026-06-14,nexus,17285,CASSILIAs SOUL,https://www.nexusmods.com/starfield/mods/17285,https://staticdelivery.nexusmods.com/mods/4187/images/17285/17285-1780066726-1556236471.png,247,180,10,6,0,Collected via Nexus Mods API.
2026-06-14,nexus,17362,TGG Cloth-DVA bodysuit,https://www.nexusmods.com/starfield/mods/17362,https://staticdelivery.nexusmods.com/mods/4187/images/17362/17362-1780583435-1843506797.png,389,297,19,20,0,Collected via Nexus Mods API.
2026-06-14,nexus,17387,Cassilia's Old Constellation Uniform,https://www.nexusmods.com/starfield/mods/17387,https://staticdelivery.nexusmods.com/mods/4187/images/17387/17387-1780911831-1036925630.png,1942,1492,105,82,0,Collected via Nexus Mods API.
2026-06-14,nexus,17461,CASSILIA's POWER FIST,https://www.nexusmods.com/starfield/mods/17461,https://staticdelivery.nexusmods.com/mods/4187/images/17461/17461-1781423403-782378004.png,83,81,0,3,0,Collected via Nexus Mods API.
2026-06-15,nexus,17070,TGGs Sexy Black Lingerie,https://www.nexusmods.com/starfield/mods/17070,https://staticdelivery.nexusmods.com/mods/4187/images/17070/17070-1778687683-1944088645.png,379,341,8,23,0,Collected via Nexus Mods API.
2026-06-15,nexus,17126,THE TERMINUS,https://www.nexusmods.com/starfield/mods/17126,https://staticdelivery.nexusmods.com/mods/4187/images/17126/17126-1779071888-668213181.png,1285,631,22,26,0,Collected via Nexus Mods API.
2026-06-15,nexus,17251,Nebula Protocol Suit,https://www.nexusmods.com/starfield/mods/17251,https://staticdelivery.nexusmods.com/mods/4187/images/17251/17251-1779804128-1212319096.png,337,303,7,15,0,Collected via Nexus Mods API.
2026-06-15,nexus,17285,CASSILIAs SOUL,https://www.nexusmods.com/starfield/mods/17285,https://staticdelivery.nexusmods.com/mods/4187/images/17285/17285-1780066726-1556236471.png,264,192,17,6,0,Collected via Nexus Mods API.
2026-06-15,nexus,17362,TGG Cloth-DVA bodysuit,https://www.nexusmods.com/starfield/mods/17362,https://staticdelivery.nexusmods.com/mods/4187/images/17362/17362-1780583435-1843506797.png,404,309,15,20,0,Collected via Nexus Mods API.
2026-06-15,nexus,17387,Cassilia's Old Constellation Uniform,https://www.nexusmods.com/starfield/mods/17387,https://staticdelivery.nexusmods.com/mods/4187/images/17387/17387-1780911831-1036925630.png,1995,1531,53,86,0,Collected via Nexus Mods API.
2026-06-15,nexus,17461,CASSILIAs POWER FIST,https://www.nexusmods.com/starfield/mods/17461,https://staticdelivery.nexusmods.com/mods/4187/images/17461/17461-1781423403-782378004.png,123,118,40,4,0,Collected via Nexus Mods API.
2026-06-16,nexus,17070,TGGs Sexy Black Lingerie,https://www.nexusmods.com/starfield/mods/17070,https://staticdelivery.nexusmods.com/mods/4187/images/17070/17070-1778687683-1944088645.png,384,345,5,23,0,Collected via Nexus Mods API.
2026-06-16,nexus,17126,THE TERMINUS,https://www.nexusmods.com/starfield/mods/17126,https://staticdelivery.nexusmods.com/mods/4187/images/17126/17126-1779071888-668213181.png,1302,641,17,27,0,Collected via Nexus Mods API.
2026-06-16,nexus,17251,Nebula Protocol Suit,https://www.nexusmods.com/starfield/mods/17251,https://staticdelivery.nexusmods.com/mods/4187/images/17251/17251-1779804128-1212319096.png,344,309,7,16,0,Collected via Nexus Mods API.
2026-06-16,nexus,17285,CASSILIAs SOUL,https://www.nexusmods.com/starfield/mods/17285,https://staticdelivery.nexusmods.com/mods/4187/images/17285/17285-1780066726-1556236471.png,277,200,13,7,0,Collected via Nexus Mods API.
2026-06-16,nexus,17362,TGG Cloth-DVA bodysuit,https://www.nexusmods.com/starfield/mods/17362,https://staticdelivery.nexusmods.com/mods/4187/images/17362/17362-1780583435-1843506797.png,413,315,9,22,0,Collected via Nexus Mods API.
2026-06-16,nexus,17387,Cassilia's Old Constellation Uniform,https://www.nexusmods.com/starfield/mods/17387,https://staticdelivery.nexusmods.com/mods/4187/images/17387/17387-1780911831-1036925630.png,2048,1571,53,89,0,Collected via Nexus Mods API.
2026-06-16,nexus,17461,CASSILIAs POWER FIST,https://www.nexusmods.com/starfield/mods/17461,https://staticdelivery.nexusmods.com/mods/4187/images/17461/17461-1781423403-782378004.png,154,146,31,7,0,Collected via Nexus Mods API.
2026-06-16,nexus,17479,UC VANGUARD POWER FIST MK2,https://www.nexusmods.com/starfield/mods/17479,https://staticdelivery.nexusmods.com/mods/4187/images/17479/17479-1781621856-615818030.png,31,31,0,0,0,Collected via Nexus Mods API.
2026-06-17,nexus,17070,TGGs Sexy Black Lingerie,https://www.nexusmods.com/starfield/mods/17070,https://staticdelivery.nexusmods.com/mods/4187/images/17070/17070-1778687683-1944088645.png,388,349,4,23,0,Collected via Nexus Mods API.
2026-06-17,nexus,17126,THE TERMINUS,https://www.nexusmods.com/starfield/mods/17126,https://staticdelivery.nexusmods.com/mods/4187/images/17126/17126-1779071888-668213181.png,1317,651,15,27,0,Collected via Nexus Mods API.
2026-06-17,nexus,17251,Nebula Protocol Suit,https://www.nexusmods.com/starfield/mods/17251,https://staticdelivery.nexusmods.com/mods/4187/images/17251/17251-1779804128-1212319096.png,351,315,7,16,0,Collected via Nexus Mods API.
2026-06-17,nexus,17285,CASSILIAs SOUL,https://www.nexusmods.com/starfield/mods/17285,https://staticdelivery.nexusmods.com/mods/4187/images/17285/17285-1780066726-1556236471.png,284,205,7,7,0,Collected via Nexus Mods API.
2026-06-17,nexus,17362,TGG Cloth-DVA bodysuit,https://www.nexusmods.com/starfield/mods/17362,https://staticdelivery.nexusmods.com/mods/4187/images/17362/17362-1780583435-1843506797.png,423,324,10,23,0,Collected via Nexus Mods API.
2026-06-17,nexus,17387,Cassilia's Old Constellation Uniform,https://www.nexusmods.com/starfield/mods/17387,https://staticdelivery.nexusmods.com/mods/4187/images/17387/17387-1780911831-1036925630.png,2084,1601,36,91,0,Collected via Nexus Mods API.
2026-06-17,nexus,17461,CASSILIAs POWER FIST,https://www.nexusmods.com/starfield/mods/17461,https://staticdelivery.nexusmods.com/mods/4187/images/17461/17461-1781423403-782378004.png,192,181,38,7,0,Collected via Nexus Mods API.
2026-06-17,nexus,17479,CPF-UC VANGUARD POWER FIST MK2,https://www.nexusmods.com/starfield/mods/17479,https://staticdelivery.nexusmods.com/mods/4187/images/17479/17479-1781621810-1400361021.png,60,56,29,3,0,Collected via Nexus Mods API.
2026-06-17,nexus,17489,CPF-STARBORN POWER FIST UNITY,https://www.nexusmods.com/starfield/mods/17489,https://staticdelivery.nexusmods.com/mods/4187/images/17489/17489-1781703543-86285545.png,45,44,0,1,0,Collected via Nexus Mods API.
2026-06-18,nexus,17070,TGGs Sexy Black Lingerie,https://www.nexusmods.com/starfield/mods/17070,https://staticdelivery.nexusmods.com/mods/4187/images/17070/17070-1778687683-1944088645.png,392,352,4,23,0,Collected via Nexus Mods API.
2026-06-18,nexus,17126,THE TERMINUS,https://www.nexusmods.com/starfield/mods/17126,https://staticdelivery.nexusmods.com/mods/4187/images/17126/17126-1779071888-668213181.png,1327,659,10,27,0,Collected via Nexus Mods API.
2026-06-18,nexus,17251,Nebula Protocol Suit,https://www.nexusmods.com/starfield/mods/17251,https://staticdelivery.nexusmods.com/mods/4187/images/17251/17251-1779804128-1212319096.png,355,319,4,16,0,Collected via Nexus Mods API.
2026-06-18,nexus,17285,CASSILIAs SOUL,https://www.nexusmods.com/starfield/mods/17285,https://staticdelivery.nexusmods.com/mods/4187/images/17285/17285-1780066726-1556236471.png,292,211,8,7,0,Collected via Nexus Mods API.
2026-06-18,nexus,17362,TGG Cloth-DVA bodysuit,https://www.nexusmods.com/starfield/mods/17362,https://staticdelivery.nexusmods.com/mods/4187/images/17362/17362-1780583435-1843506797.png,433,332,10,23,0,Collected via Nexus Mods API.
2026-06-18,nexus,17387,Cassilia's Old Constellation Uniform,https://www.nexusmods.com/starfield/mods/17387,https://staticdelivery.nexusmods.com/mods/4187/images/17387/17387-1780911831-1036925630.png,2112,1624,28,93,0,Collected via Nexus Mods API.
2026-06-18,nexus,17461,CASSILIAs POWER FIST,https://www.nexusmods.com/starfield/mods/17461,https://staticdelivery.nexusmods.com/mods/4187/images/17461/17461-1781423403-782378004.png,232,219,40,7,0,Collected via Nexus Mods API.
2026-06-18,nexus,17479,CPF-UC VANGUARD POWER FIST MK2,https://www.nexusmods.com/starfield/mods/17479,https://staticdelivery.nexusmods.com/mods/4187/images/17479/17479-1781621856-615818030.png,82,78,22,3,0,Collected via Nexus Mods API.
2026-06-18,nexus,17489,CPF-STARBORN POWER FIST UNITY,https://www.nexusmods.com/starfield/mods/17489,https://staticdelivery.nexusmods.com/mods/4187/images/17489/17489-1781703543-86285545.png,77,76,32,3,0,Collected via Nexus Mods API.
2026-06-19,nexus,17070,TGGs Sexy Black Lingerie,https://www.nexusmods.com/starfield/mods/17070,https://staticdelivery.nexusmods.com/mods/4187/images/17070/17070-1778687683-1944088645.png,397,355,5,23,0,Collected via Nexus Mods API.
2026-06-19,nexus,17126,THE TERMINUS,https://www.nexusmods.com/starfield/mods/17126,https://staticdelivery.nexusmods.com/mods/4187/images/17126/17126-1779071888-668213181.png,1342,669,15,28,0,Collected via Nexus Mods API.
2026-06-19,nexus,17251,Nebula Protocol Suit,https://www.nexusmods.com/starfield/mods/17251,https://staticdelivery.nexusmods.com/mods/4187/images/17251/17251-1779804128-1212319096.png,360,324,5,16,0,Collected via Nexus Mods API.
2026-06-19,nexus,17285,CASSILIAs SOUL,https://www.nexusmods.com/starfield/mods/17285,https://staticdelivery.nexusmods.com/mods/4187/images/17285/17285-1780066726-1556236471.png,299,215,7,7,0,Collected via Nexus Mods API.
2026-06-19,nexus,17362,TGG Cloth-DVA bodysuit,https://www.nexusmods.com/starfield/mods/17362,https://staticdelivery.nexusmods.com/mods/4187/images/17362/17362-1780583435-1843506797.png,439,337,6,23,0,Collected via Nexus Mods API.
2026-06-19,nexus,17387,Cassilia's Old Constellation Uniform,https://www.nexusmods.com/starfield/mods/17387,https://staticdelivery.nexusmods.com/mods/4187/images/17387/17387-1780911831-1036925630.png,2154,1652,42,95,0,Collected via Nexus Mods API.
2026-06-19,nexus,17461,CASSILIAs POWER FIST,https://www.nexusmods.com/starfield/mods/17461,https://staticdelivery.nexusmods.com/mods/4187/images/17461/17461-1781423403-782378004.png,270,252,38,8,0,Collected via Nexus Mods API.
2026-06-19,nexus,17479,CPF-UC VANGUARD POWER FIST MK2,https://www.nexusmods.com/starfield/mods/17479,https://staticdelivery.nexusmods.com/mods/4187/images/17479/17479-1781621856-615818030.png,96,92,14,4,0,Collected via Nexus Mods API.
2026-06-19,nexus,17489,CPF-STARBORN POWER FIST UNITY,https://www.nexusmods.com/starfield/mods/17489,https://staticdelivery.nexusmods.com/mods/4187/images/17489/17489-1781703543-86285545.png,108,107,31,5,0,Collected via Nexus Mods API.
2026-06-19,nexus,17500,CPF-STARBORN  POWER FIST OMEGA,https://www.nexusmods.com/starfield/mods/17500,https://staticdelivery.nexusmods.com/mods/4187/images/17500/17500-1781842553-1785018540.png,56,56,0,4,0,Collected via Nexus Mods API.
2026-06-19,nexus,17501,CPF-CRIMSON FLEET POWER FIST HELLHOUND,https://www.nexusmods.com/starfield/mods/17501,https://staticdelivery.nexusmods.com/mods/4187/images/17501/17501-1781854590-1310759891.png,35,34,0,2,0,Collected via Nexus Mods API.
2026-06-20,nexus,17070,TGGs Sexy Black Lingerie,https://www.nexusmods.com/starfield/mods/17070,https://staticdelivery.nexusmods.com/mods/4187/images/17070/17070-1778687683-1944088645.png,401,359,4,23,0,Collected via Nexus Mods API.
2026-06-20,nexus,17126,THE TERMINUS,https://www.nexusmods.com/starfield/mods/17126,https://staticdelivery.nexusmods.com/mods/4187/images/17126/17126-1779071888-668213181.png,1352,678,10,28,0,Collected via Nexus Mods API.
2026-06-20,nexus,17251,Nebula Protocol Suit,https://www.nexusmods.com/starfield/mods/17251,https://staticdelivery.nexusmods.com/mods/4187/images/17251/17251-1779804128-1212319096.png,364,328,4,16,0,Collected via Nexus Mods API.
2026-06-20,nexus,17285,CASSILIAs SOUL,https://www.nexusmods.com/starfield/mods/17285,https://staticdelivery.nexusmods.com/mods/4187/images/17285/17285-1780066726-1556236471.png,303,219,4,7,0,Collected via Nexus Mods API.
2026-06-20,nexus,17362,TGG Cloth-DVA bodysuit,https://www.nexusmods.com/starfield/mods/17362,https://staticdelivery.nexusmods.com/mods/4187/images/17362/17362-1780583435-1843506797.png,446,344,7,24,0,Collected via Nexus Mods API.
2026-06-20,nexus,17387,Cassilia's Old Constellation Uniform,https://www.nexusmods.com/starfield/mods/17387,https://staticdelivery.nexusmods.com/mods/4187/images/17387/17387-1780911831-1036925630.png,2191,1684,37,97,0,Collected via Nexus Mods API.
2026-06-20,nexus,17461,CASSILIAs POWER FIST,https://www.nexusmods.com/starfield/mods/17461,https://staticdelivery.nexusmods.com/mods/4187/images/17461/17461-1781423403-782378004.png,293,272,23,8,0,Collected via Nexus Mods API.
2026-06-20,nexus,17479,CPF-UC VANGUARD POWER FIST MK2,https://www.nexusmods.com/starfield/mods/17479,https://staticdelivery.nexusmods.com/mods/4187/images/17479/17479-1781621856-615818030.png,100,96,4,4,0,Collected via Nexus Mods API.
2026-06-20,nexus,17489,CPF-STARBORN POWER FIST UNITY,https://www.nexusmods.com/starfield/mods/17489,https://staticdelivery.nexusmods.com/mods/4187/images/17489/17489-1781703543-86285545.png,113,112,5,6,0,Collected via Nexus Mods API.
2026-06-20,nexus,17500,CPF-STARBORN  POWER FIST OMEGA,https://www.nexusmods.com/starfield/mods/17500,https://staticdelivery.nexusmods.com/mods/4187/images/17500/17500-1781842553-1785018540.png,73,72,17,5,0,Collected via Nexus Mods API.
2026-06-20,nexus,17501,CPF-CRIMSON FLEET POWER FIST HELLHOUND,https://www.nexusmods.com/starfield/mods/17501,https://staticdelivery.nexusmods.com/mods/4187/images/17501/17501-1781854590-1310759891.png,43,40,8,2,0,Collected via Nexus Mods API.
2026-06-21,nexus,17070,TGGs Sexy Black Lingerie,https://www.nexusmods.com/starfield/mods/17070,https://staticdelivery.nexusmods.com/mods/4187/images/17070/17070-1778687683-1944088645.png,405,363,4,23,0,Collected via Nexus Mods API.
2026-06-21,nexus,17126,THE TERMINUS,https://www.nexusmods.com/starfield/mods/17126,https://staticdelivery.nexusmods.com/mods/4187/images/17126/17126-1779071888-668213181.png,1369,691,17,28,0,Collected via Nexus Mods API.
2026-06-21,nexus,17251,Nebula Protocol Suit,https://www.nexusmods.com/starfield/mods/17251,https://staticdelivery.nexusmods.com/mods/4187/images/17251/17251-1779804128-1212319096.png,371,335,7,17,0,Collected via Nexus Mods API.
2026-06-21,nexus,17285,CASSILIAs SOUL,https://www.nexusmods.com/starfield/mods/17285,https://staticdelivery.nexusmods.com/mods/4187/images/17285/17285-1780066726-1556236471.png,311,226,8,7,0,Collected via Nexus Mods API.
2026-06-21,nexus,17362,TGG Cloth-DVA bodysuit,https://www.nexusmods.com/starfield/mods/17362,https://staticdelivery.nexusmods.com/mods/4187/images/17362/17362-1780583435-1843506797.png,452,349,6,24,0,Collected via Nexus Mods API.
2026-06-21,nexus,17387,Cassilia's Old Constellation Uniform,https://www.nexusmods.com/starfield/mods/17387,https://staticdelivery.nexusmods.com/mods/4187/images/17387/17387-1780911831-1036925630.png,2234,1717,43,99,0,Collected via Nexus Mods API.
2026-06-21,nexus,17461,CASSILIAs POWER FIST,https://www.nexusmods.com/starfield/mods/17461,https://staticdelivery.nexusmods.com/mods/4187/images/17461/17461-1781423403-782378004.png,328,302,35,11,0,Collected via Nexus Mods API.
2026-06-21,nexus,17479,CPF-UC VANGUARD POWER FIST MK2,https://www.nexusmods.com/starfield/mods/17479,https://staticdelivery.nexusmods.com/mods/4187/images/17479/17479-1781621856-615818030.png,110,106,10,5,0,Collected via Nexus Mods API.
2026-06-21,nexus,17489,CPF-STARBORN POWER FIST UNITY,https://www.nexusmods.com/starfield/mods/17489,https://staticdelivery.nexusmods.com/mods/4187/images/17489/17489-1781703543-86285545.png,129,128,16,6,0,Collected via Nexus Mods API.
2026-06-21,nexus,17500,CPF-STARBORN  POWER FIST OMEGA,https://www.nexusmods.com/starfield/mods/17500,https://staticdelivery.nexusmods.com/mods/4187/images/17500/17500-1781842553-1785018540.png,105,102,32,5,0,Collected via Nexus Mods API.
2026-06-21,nexus,17501,CPF-CRIMSON FLEET POWER FIST HELLHOUND,https://www.nexusmods.com/starfield/mods/17501,https://staticdelivery.nexusmods.com/mods/4187/images/17501/17501-1781854590-1310759891.png,63,60,20,2,0,Collected via Nexus Mods API.
2026-06-22,nexus,17070,TGGs Sexy Black Lingerie,https://www.nexusmods.com/starfield/mods/17070,https://staticdelivery.nexusmods.com/mods/4187/images/17070/17070-1778687683-1944088645.png,407,364,2,23,0,Collected via Nexus Mods API.
2026-06-22,nexus,17126,THE TERMINUS,https://www.nexusmods.com/starfield/mods/17126,https://staticdelivery.nexusmods.com/mods/4187/images/17126/17126-1779071888-668213181.png,1375,695,6,28,0,Collected via Nexus Mods API.
2026-06-22,nexus,17251,Nebula Protocol Suit,https://www.nexusmods.com/starfield/mods/17251,https://staticdelivery.nexusmods.com/mods/4187/images/17251/17251-1779804128-1212319096.png,374,338,3,17,0,Collected via Nexus Mods API.
2026-06-22,nexus,17285,CASSILIAs SOUL,https://www.nexusmods.com/starfield/mods/17285,https://staticdelivery.nexusmods.com/mods/4187/images/17285/17285-1780066726-1556236471.png,313,228,2,7,0,Collected via Nexus Mods API.
2026-06-22,nexus,17362,TGG Cloth-DVA bodysuit,https://www.nexusmods.com/starfield/mods/17362,https://staticdelivery.nexusmods.com/mods/4187/images/17362/17362-1780583435-1843506797.png,457,353,5,24,0,Collected via Nexus Mods API.
2026-06-22,nexus,17387,Cassilia's Old Constellation Uniform,https://www.nexusmods.com/starfield/mods/17387,https://staticdelivery.nexusmods.com/mods/4187/images/17387/17387-1780911831-1036925630.png,2273,1745,39,99,0,Collected via Nexus Mods API.
2026-06-22,nexus,17461,CASSILIAs POWER FIST,https://www.nexusmods.com/starfield/mods/17461,https://staticdelivery.nexusmods.com/mods/4187/images/17461/17461-1781423403-782378004.png,347,318,19,12,0,Collected via Nexus Mods API.
2026-06-22,nexus,17479,CPF-UC VANGUARD POWER FIST MK2,https://www.nexusmods.com/starfield/mods/17479,https://staticdelivery.nexusmods.com/mods/4187/images/17479/17479-1781621856-615818030.png,118,114,8,5,0,Collected via Nexus Mods API.
2026-06-22,nexus,17489,CPF-STARBORN POWER FIST UNITY,https://www.nexusmods.com/starfield/mods/17489,https://staticdelivery.nexusmods.com/mods/4187/images/17489/17489-1781703543-86285545.png,135,134,6,6,0,Collected via Nexus Mods API.
2026-06-22,nexus,17500,CPF-STARBORN  POWER FIST OMEGA,https://www.nexusmods.com/starfield/mods/17500,https://staticdelivery.nexusmods.com/mods/4187/images/17500/17500-1781842553-1785018540.png,124,115,19,5,0,Collected via Nexus Mods API.
2026-06-22,nexus,17501,CPF-CRIMSON FLEET POWER FIST HELLHOUND,https://www.nexusmods.com/starfield/mods/17501,https://staticdelivery.nexusmods.com/mods/4187/images/17501/17501-1781854590-1310759891.png,76,72,13,2,0,Collected via Nexus Mods API.
2026-06-22,nexus,17521,CASSILIAs Trainning Dummy,https://www.nexusmods.com/starfield/mods/17521,https://staticdelivery.nexusmods.com/mods/4187/images/17521/17521-1782131371-2132304027.png,12,12,0,0,0,Collected via Nexus Mods API.
2026-06-23,nexus,17070,TGGs Sexy Black Lingerie,https://www.nexusmods.com/starfield/mods/17070,https://staticdelivery.nexusmods.com/mods/4187/images/17070/17070-1778687683-1944088645.png,411,368,4,23,0,Collected via Nexus Mods API.
2026-06-23,nexus,17126,THE TERMINUS,https://www.nexusmods.com/starfield/mods/17126,https://staticdelivery.nexusmods.com/mods/4187/images/17126/17126-1779071888-668213181.png,1385,698,10,28,0,Collected via Nexus Mods API.
2026-06-23,nexus,17251,Nebula Protocol Suit,https://www.nexusmods.com/starfield/mods/17251,https://staticdelivery.nexusmods.com/mods/4187/images/17251/17251-1779804128-1212319096.png,376,340,2,17,0,Collected via Nexus Mods API.
2026-06-23,nexus,17285,CASSILIAs SOUL,https://www.nexusmods.com/starfield/mods/17285,https://staticdelivery.nexusmods.com/mods/4187/images/17285/17285-1780066726-1556236471.png,320,230,7,7,0,Collected via Nexus Mods API.
2026-06-23,nexus,17362,TGG Cloth-DVA bodysuit,https://www.nexusmods.com/starfield/mods/17362,https://staticdelivery.nexusmods.com/mods/4187/images/17362/17362-1780583435-1843506797.png,462,358,5,24,0,Collected via Nexus Mods API.
2026-06-23,nexus,17387,Cassilia's Old Constellation Uniform,https://www.nexusmods.com/starfield/mods/17387,https://staticdelivery.nexusmods.com/mods/4187/images/17387/17387-1780911831-1036925630.png,2304,1770,31,99,0,Collected via Nexus Mods API.
2026-06-23,nexus,17461,CASSILIAs POWER FIST,https://www.nexusmods.com/starfield/mods/17461,https://staticdelivery.nexusmods.com/mods/4187/images/17461/17461-1781423403-782378004.png,359,327,12,13,0,Collected via Nexus Mods API.
2026-06-23,nexus,17479,CPF-UC VANGUARD POWER FIST MK2,https://www.nexusmods.com/starfield/mods/17479,https://staticdelivery.nexusmods.com/mods/4187/images/17479/17479-1781621856-615818030.png,121,117,3,5,0,Collected via Nexus Mods API.
2026-06-23,nexus,17489,CPF-STARBORN POWER FIST UNITY,https://www.nexusmods.com/starfield/mods/17489,https://staticdelivery.nexusmods.com/mods/4187/images/17489/17489-1781703543-86285545.png,144,143,9,7,0,Collected via Nexus Mods API.
2026-06-23,nexus,17500,CPF-STARBORN  POWER FIST OMEGA,https://www.nexusmods.com/starfield/mods/17500,https://staticdelivery.nexusmods.com/mods/4187/images/17500/17500-1781842553-1785018540.png,132,120,8,5,0,Collected via Nexus Mods API.
2026-06-23,nexus,17501,CPF-CRIMSON FLEET POWER FIST HELLHOUND,https://www.nexusmods.com/starfield/mods/17501,https://staticdelivery.nexusmods.com/mods/4187/images/17501/17501-1781854590-1310759891.png,80,76,4,3,0,Collected via Nexus Mods API.
2026-06-23,nexus,17521,CASSILIAs Trainning Dummy,https://www.nexusmods.com/starfield/mods/17521,https://staticdelivery.nexusmods.com/mods/4187/images/17521/17521-1782131371-2132304027.png,20,19,8,0,0,Collected via Nexus Mods API.
2026-06-24,nexus,17070,TGGs Sexy Black Lingerie,https://www.nexusmods.com/starfield/mods/17070,https://staticdelivery.nexusmods.com/mods/4187/images/17070/17070-1778687683-1944088645.png,414,370,3,23,0,Collected via Nexus Mods API.
2026-06-24,nexus,17126,THE TERMINUS,https://www.nexusmods.com/starfield/mods/17126,https://staticdelivery.nexusmods.com/mods/4187/images/17126/17126-1779071888-668213181.png,1395,706,10,28,0,Collected via Nexus Mods API.
2026-06-24,nexus,17251,Nebula Protocol Suit,https://www.nexusmods.com/starfield/mods/17251,https://staticdelivery.nexusmods.com/mods/4187/images/17251/17251-1779804128-1212319096.png,381,344,5,18,0,Collected via Nexus Mods API.
2026-06-24,nexus,17285,CASSILIAs SOUL,https://www.nexusmods.com/starfield/mods/17285,https://staticdelivery.nexusmods.com/mods/4187/images/17285/17285-1780066726-1556236471.png,325,235,5,7,0,Collected via Nexus Mods API.
2026-06-24,nexus,17362,TGG Cloth-DVA bodysuit,https://www.nexusmods.com/starfield/mods/17362,https://staticdelivery.nexusmods.com/mods/4187/images/17362/17362-1780583435-1843506797.png,469,365,7,24,0,Collected via Nexus Mods API.
2026-06-24,nexus,17387,Cassilia's Old Constellation Uniform,https://www.nexusmods.com/starfield/mods/17387,https://staticdelivery.nexusmods.com/mods/4187/images/17387/17387-1780911831-1036925630.png,2342,1804,38,101,0,Collected via Nexus Mods API.
2026-06-24,nexus,17461,CASSILIAs POWER FIST,https://www.nexusmods.com/starfield/mods/17461,https://staticdelivery.nexusmods.com/mods/4187/images/17461/17461-1781423403-782378004.png,377,342,18,13,0,Collected via Nexus Mods API.
2026-06-24,nexus,17479,CPF-UC VANGUARD POWER FIST MK2,https://www.nexusmods.com/starfield/mods/17479,https://staticdelivery.nexusmods.com/mods/4187/images/17479/17479-1781621856-615818030.png,125,120,4,5,0,Collected via Nexus Mods API.
2026-06-24,nexus,17489,CPF-STARBORN POWER FIST UNITY,https://www.nexusmods.com/starfield/mods/17489,https://staticdelivery.nexusmods.com/mods/4187/images/17489/17489-1781703543-86285545.png,151,149,7,7,0,Collected via Nexus Mods API.
2026-06-24,nexus,17500,CPF-STARBORN  POWER FIST OMEGA,https://www.nexusmods.com/starfield/mods/17500,https://staticdelivery.nexusmods.com/mods/4187/images/17500/17500-1781842553-1785018540.png,139,127,7,5,0,Collected via Nexus Mods API.
2026-06-24,nexus,17501,CPF-CRIMSON FLEET POWER FIST HELLHOUND,https://www.nexusmods.com/starfield/mods/17501,https://staticdelivery.nexusmods.com/mods/4187/images/17501/17501-1781854590-1310759891.png,84,80,4,3,0,Collected via Nexus Mods API.
2026-06-24,nexus,17521,CASSILIAs Trainning Dummy,https://www.nexusmods.com/starfield/mods/17521,https://staticdelivery.nexusmods.com/mods/4187/images/17521/17521-1782131371-2132304027.png,23,22,3,1,0,Collected via Nexus Mods API.
2026-06-25,nexus,17070,TGGs Sexy Black Lingerie,https://www.nexusmods.com/starfield/mods/17070,https://staticdelivery.nexusmods.com/mods/4187/images/17070/17070-1778687683-1944088645.png,416,372,2,24,0,Collected via Nexus Mods API.
2026-06-25,nexus,17126,THE TERMINUS,https://www.nexusmods.com/starfield/mods/17126,https://staticdelivery.nexusmods.com/mods/4187/images/17126/17126-1779071888-668213181.png,1399,708,4,28,0,Collected via Nexus Mods API.
2026-06-25,nexus,17251,Nebula Protocol Suit,https://www.nexusmods.com/starfield/mods/17251,https://staticdelivery.nexusmods.com/mods/4187/images/17251/17251-1779804128-1212319096.png,384,346,3,18,0,Collected via Nexus Mods API.
2026-06-25,nexus,17285,CASSILIAs SOUL,https://www.nexusmods.com/starfield/mods/17285,https://staticdelivery.nexusmods.com/mods/4187/images/17285/17285-1780066726-1556236471.png,327,236,2,7,0,Collected via Nexus Mods API.
2026-06-25,nexus,17362,TGG Cloth-DVA bodysuit,https://www.nexusmods.com/starfield/mods/17362,https://staticdelivery.nexusmods.com/mods/4187/images/17362/17362-1780583435-1843506797.png,473,367,4,24,0,Collected via Nexus Mods API.
2026-06-25,nexus,17387,Cassilia's Old Constellation Uniform,https://www.nexusmods.com/starfield/mods/17387,https://staticdelivery.nexusmods.com/mods/4187/images/17387/17387-1780911831-1036925630.png,2433,1830,91,103,0,Collected via Nexus Mods API.
2026-06-25,nexus,17461,CASSILIAs POWER FIST,https://www.nexusmods.com/starfield/mods/17461,https://staticdelivery.nexusmods.com/mods/4187/images/17461/17461-1781423403-782378004.png,387,350,10,13,0,Collected via Nexus Mods API.
2026-06-25,nexus,17479,CPF-UC VANGUARD POWER FIST MK2,https://www.nexusmods.com/starfield/mods/17479,https://staticdelivery.nexusmods.com/mods/4187/images/17479/17479-1781621856-615818030.png,127,121,2,5,0,Collected via Nexus Mods API.
2026-06-25,nexus,17489,CPF-STARBORN POWER FIST UNITY,https://www.nexusmods.com/starfield/mods/17489,https://staticdelivery.nexusmods.com/mods/4187/images/17489/17489-1781703543-86285545.png,153,151,2,7,0,Collected via Nexus Mods API.
2026-06-25,nexus,17500,CPF-STARBORN  POWER FIST OMEGA,https://www.nexusmods.com/starfield/mods/17500,https://staticdelivery.nexusmods.com/mods/4187/images/17500/17500-1781842553-1785018540.png,142,129,3,5,0,Collected via Nexus Mods API.
2026-06-25,nexus,17501,CPF-CRIMSON FLEET POWER FIST HELLHOUND,https://www.nexusmods.com/starfield/mods/17501,https://staticdelivery.nexusmods.com/mods/4187/images/17501/17501-1781854590-1310759891.png,85,81,1,3,0,Collected via Nexus Mods API.
2026-06-25,nexus,17521,CASSILIAs Trainning Dummy,https://www.nexusmods.com/starfield/mods/17521,https://staticdelivery.nexusmods.com/mods/4187/images/17521/17521-1782131371-2132304027.png,25,23,2,2,0,Collected via Nexus Mods API.
2026-06-26,nexus,17070,TGGs Sexy Black Lingerie,https://www.nexusmods.com/starfield/mods/17070,https://staticdelivery.nexusmods.com/mods/4187/images/17070/17070-1778687683-1944088645.png,420,375,4,24,0,Collected via Nexus Mods API.
2026-06-26,nexus,17126,THE TERMINUS,https://www.nexusmods.com/starfield/mods/17126,https://staticdelivery.nexusmods.com/mods/4187/images/17126/17126-1779071888-668213181.png,1410,713,11,29,0,Collected via Nexus Mods API.
2026-06-26,nexus,17251,Nebula Protocol Suit,https://www.nexusmods.com/starfield/mods/17251,https://staticdelivery.nexusmods.com/mods/4187/images/17251/17251-1779804128-1212319096.png,390,352,6,19,0,Collected via Nexus Mods API.
2026-06-26,nexus,17285,CASSILIAs SOUL,https://www.nexusmods.com/starfield/mods/17285,https://staticdelivery.nexusmods.com/mods/4187/images/17285/17285-1780066726-1556236471.png,329,237,2,7,0,Collected via Nexus Mods API.
2026-06-26,nexus,17362,TGG Cloth-DVA bodysuit,https://www.nexusmods.com/starfield/mods/17362,https://staticdelivery.nexusmods.com/mods/4187/images/17362/17362-1780583435-1843506797.png,485,379,12,24,0,Collected via Nexus Mods API.
2026-06-26,nexus,17387,Cassilia's Old Constellation Uniform,https://www.nexusmods.com/starfield/mods/17387,https://staticdelivery.nexusmods.com/mods/4187/images/17387/17387-1780911831-1036925630.png,2491,1860,58,105,0,Collected via Nexus Mods API.
2026-06-26,nexus,17461,CASSILIAs POWER FIST,https://www.nexusmods.com/starfield/mods/17461,https://staticdelivery.nexusmods.com/mods/4187/images/17461/17461-1781423403-782378004.png,392,353,5,13,0,Collected via Nexus Mods API.
2026-06-26,nexus,17479,CPF-UC VANGUARD POWER FIST MK2,https://www.nexusmods.com/starfield/mods/17479,https://staticdelivery.nexusmods.com/mods/4187/images/17479/17479-1781621856-615818030.png,128,121,1,5,0,Collected via Nexus Mods API.
2026-06-26,nexus,17489,CPF-STARBORN POWER FIST UNITY,https://www.nexusmods.com/starfield/mods/17489,https://staticdelivery.nexusmods.com/mods/4187/images/17489/17489-1781703543-86285545.png,155,153,2,7,0,Collected via Nexus Mods API.
2026-06-26,nexus,17500,CPF-STARBORN  POWER FIST OMEGA,https://www.nexusmods.com/starfield/mods/17500,https://staticdelivery.nexusmods.com/mods/4187/images/17500/17500-1781842553-1785018540.png,143,130,1,5,0,Collected via Nexus Mods API.
2026-06-26,nexus,17501,CPF-CRIMSON FLEET POWER FIST HELLHOUND,https://www.nexusmods.com/starfield/mods/17501,https://staticdelivery.nexusmods.com/mods/4187/images/17501/17501-1781854590-1310759891.png,85,81,0,3,0,Collected via Nexus Mods API.
2026-06-26,nexus,17521,CASSILIAs Trainning Dummy,https://www.nexusmods.com/starfield/mods/17521,https://staticdelivery.nexusmods.com/mods/4187/images/17521/17521-1782131371-2132304027.png,25,23,0,2,0,Collected via Nexus Mods API.
2026-06-26,nexus,17575,Realistic Helmet 1st Person Vision,https://www.nexusmods.com/starfield/mods/17575,https://staticdelivery.nexusmods.com/mods/4187/images/17575/17575-1782455739-853488750.png,128,83,0,4,0,Collected via Nexus Mods API.
2026-06-27,nexus,17070,TGGs Sexy Black Lingerie,https://www.nexusmods.com/starfield/mods/17070,https://staticdelivery.nexusmods.com/mods/4187/images/17070/17070-1778687683-1944088645.png,424,379,4,25,0,Collected via Nexus Mods API.
2026-06-27,nexus,17126,THE TERMINUS,https://www.nexusmods.com/starfield/mods/17126,https://staticdelivery.nexusmods.com/mods/4187/images/17126/17126-1779071888-668213181.png,1422,721,12,29,0,Collected via Nexus Mods API.
2026-06-27,nexus,17251,Nebula Protocol Suit,https://www.nexusmods.com/starfield/mods/17251,https://staticdelivery.nexusmods.com/mods/4187/images/17251/17251-1779804128-1212319096.png,397,359,7,19,0,Collected via Nexus Mods API.
2026-06-27,nexus,17285,CASSILIAs SOUL,https://www.nexusmods.com/starfield/mods/17285,https://staticdelivery.nexusmods.com/mods/4187/images/17285/17285-1780066726-1556236471.png,337,241,8,7,0,Collected via Nexus Mods API.
2026-06-27,nexus,17362,TGG Cloth-DVA bodysuit,https://www.nexusmods.com/starfield/mods/17362,https://staticdelivery.nexusmods.com/mods/4187/images/17362/17362-1780583435-1843506797.png,490,384,5,24,0,Collected via Nexus Mods API.
2026-06-27,nexus,17387,Cassilia's Old Constellation Uniform,https://www.nexusmods.com/starfield/mods/17387,https://staticdelivery.nexusmods.com/mods/4187/images/17387/17387-1780911831-1036925630.png,2541,1884,50,105,0,Collected via Nexus Mods API.
2026-06-27,nexus,17461,CASSILIAs POWER FIST,https://www.nexusmods.com/starfield/mods/17461,https://staticdelivery.nexusmods.com/mods/4187/images/17461/17461-1781423403-782378004.png,404,362,12,13,0,Collected via Nexus Mods API.
2026-06-27,nexus,17479,CPF-UC VANGUARD POWER FIST MK2,https://www.nexusmods.com/starfield/mods/17479,https://staticdelivery.nexusmods.com/mods/4187/images/17479/17479-1781621856-615818030.png,133,125,5,5,0,Collected via Nexus Mods API.
2026-06-27,nexus,17489,CPF-STARBORN POWER FIST UNITY,https://www.nexusmods.com/starfield/mods/17489,https://staticdelivery.nexusmods.com/mods/4187/images/17489/17489-1781703543-86285545.png,160,156,5,7,0,Collected via Nexus Mods API.
2026-06-27,nexus,17500,CPF-STARBORN  POWER FIST OMEGA,https://www.nexusmods.com/starfield/mods/17500,https://staticdelivery.nexusmods.com/mods/4187/images/17500/17500-1781842553-1785018540.png,149,134,6,5,0,Collected via Nexus Mods API.
2026-06-27,nexus,17501,CPF-CRIMSON FLEET POWER FIST HELLHOUND,https://www.nexusmods.com/starfield/mods/17501,https://staticdelivery.nexusmods.com/mods/4187/images/17501/17501-1781854590-1310759891.png,91,86,6,3,0,Collected via Nexus Mods API.
2026-06-27,nexus,17521,CASSILIAs Trainning Dummy,https://www.nexusmods.com/starfield/mods/17521,https://staticdelivery.nexusmods.com/mods/4187/images/17521/17521-1782131371-2132304027.png,25,23,0,2,0,Collected via Nexus Mods API.
2026-06-27,nexus,17575,Realistic Helmet 1st Person Vision,https://www.nexusmods.com/starfield/mods/17575,https://staticdelivery.nexusmods.com/mods/4187/images/17575/17575-1782455739-853488750.png,225,145,97,6,0,Collected via Nexus Mods API.
2026-06-28,nexus,17070,TGGs Sexy Black Lingerie,https://www.nexusmods.com/starfield/mods/17070,https://staticdelivery.nexusmods.com/mods/4187/images/17070/17070-1778687683-1944088645.png,426,381,2,25,0,Collected via Nexus Mods API.
2026-06-28,nexus,17126,THE TERMINUS,https://www.nexusmods.com/starfield/mods/17126,https://staticdelivery.nexusmods.com/mods/4187/images/17126/17126-1779071888-668213181.png,1427,725,5,30,0,Collected via Nexus Mods API.
2026-06-28,nexus,17251,Nebula Protocol Suit,https://www.nexusmods.com/starfield/mods/17251,https://staticdelivery.nexusmods.com/mods/4187/images/17251/17251-1779804128-1212319096.png,404,365,7,19,0,Collected via Nexus Mods API.
2026-06-28,nexus,17285,CASSILIAs SOUL,https://www.nexusmods.com/starfield/mods/17285,https://staticdelivery.nexusmods.com/mods/4187/images/17285/17285-1780066726-1556236471.png,340,243,3,7,0,Collected via Nexus Mods API.
2026-06-28,nexus,17362,TGG Cloth-DVA bodysuit,https://www.nexusmods.com/starfield/mods/17362,https://staticdelivery.nexusmods.com/mods/4187/images/17362/17362-1780583435-1843506797.png,497,387,7,24,0,Collected via Nexus Mods API.
2026-06-28,nexus,17387,Cassilia's Old Constellation Uniform,https://www.nexusmods.com/starfield/mods/17387,https://staticdelivery.nexusmods.com/mods/4187/images/17387/17387-1780911831-1036925630.png,2598,1909,57,107,0,Collected via Nexus Mods API.
2026-06-28,nexus,17461,CASSILIAs POWER FIST,https://www.nexusmods.com/starfield/mods/17461,https://staticdelivery.nexusmods.com/mods/4187/images/17461/17461-1781423403-782378004.png,411,369,7,13,0,Collected via Nexus Mods API.
2026-06-28,nexus,17479,CPF-UC VANGUARD POWER FIST MK2,https://www.nexusmods.com/starfield/mods/17479,https://staticdelivery.nexusmods.com/mods/4187/images/17479/17479-1781621856-615818030.png,136,128,3,5,0,Collected via Nexus Mods API.
2026-06-28,nexus,17489,CPF-STARBORN POWER FIST UNITY,https://www.nexusmods.com/starfield/mods/17489,https://staticdelivery.nexusmods.com/mods/4187/images/17489/17489-1781703543-86285545.png,166,162,6,7,0,Collected via Nexus Mods API.
2026-06-28,nexus,17500,CPF-STARBORN  POWER FIST OMEGA,https://www.nexusmods.com/starfield/mods/17500,https://staticdelivery.nexusmods.com/mods/4187/images/17500/17500-1781842553-1785018540.png,157,142,8,5,0,Collected via Nexus Mods API.
2026-06-28,nexus,17501,CPF-CRIMSON FLEET POWER FIST HELLHOUND,https://www.nexusmods.com/starfield/mods/17501,https://staticdelivery.nexusmods.com/mods/4187/images/17501/17501-1781854590-1310759891.png,94,89,3,3,0,Collected via Nexus Mods API.
2026-06-28,nexus,17521,CASSILIAs Trainning Dummy,https://www.nexusmods.com/starfield/mods/17521,https://staticdelivery.nexusmods.com/mods/4187/images/17521/17521-1782131371-2132304027.png,25,23,0,2,0,Collected via Nexus Mods API.
2026-06-28,nexus,17575,Realistic Helmet 1st Person Vision,https://www.nexusmods.com/starfield/mods/17575,https://staticdelivery.nexusmods.com/mods/4187/images/17575/17575-1782455739-853488750.png,307,185,82,7,0,Collected via Nexus Mods API.
2026-06-29,nexus,17070,TGGs Sexy Black Lingerie,https://www.nexusmods.com/starfield/mods/17070,https://staticdelivery.nexusmods.com/mods/4187/images/17070/17070-1778687683-1944088645.png,430,385,4,25,0,Collected via Nexus Mods API.
2026-06-29,nexus,17126,THE TERMINUS,https://www.nexusmods.com/starfield/mods/17126,https://staticdelivery.nexusmods.com/mods/4187/images/17126/17126-1779071888-668213181.png,1430,727,3,31,0,Collected via Nexus Mods API.
2026-06-29,nexus,17251,Nebula Protocol Suit,https://www.nexusmods.com/starfield/mods/17251,https://staticdelivery.nexusmods.com/mods/4187/images/17251/17251-1779804128-1212319096.png,405,366,1,19,0,Collected via Nexus Mods API.
2026-06-29,nexus,17285,CASSILIAs SOUL,https://www.nexusmods.com/starfield/mods/17285,https://staticdelivery.nexusmods.com/mods/4187/images/17285/17285-1780066726-1556236471.png,343,245,3,8,0,Collected via Nexus Mods API.
2026-06-29,nexus,17362,TGG Cloth-DVA bodysuit,https://www.nexusmods.com/starfield/mods/17362,https://staticdelivery.nexusmods.com/mods/4187/images/17362/17362-1780583435-1843506797.png,501,391,4,24,0,Collected via Nexus Mods API.
2026-06-29,nexus,17387,Cassilia's Old Constellation Uniform,https://www.nexusmods.com/starfield/mods/17387,https://staticdelivery.nexusmods.com/mods/4187/images/17387/17387-1780911831-1036925630.png,2632,1921,34,112,0,Collected via Nexus Mods API.
2026-06-29,nexus,17461,CASSILIAs POWER FIST,https://www.nexusmods.com/starfield/mods/17461,https://staticdelivery.nexusmods.com/mods/4187/images/17461/17461-1781423403-782378004.png,421,376,10,13,0,Collected via Nexus Mods API.
2026-06-29,nexus,17479,CPF-UC VANGUARD POWER FIST MK2,https://www.nexusmods.com/starfield/mods/17479,https://staticdelivery.nexusmods.com/mods/4187/images/17479/17479-1781621856-615818030.png,139,131,3,5,0,Collected via Nexus Mods API.
2026-06-29,nexus,17489,CPF-STARBORN POWER FIST UNITY,https://www.nexusmods.com/starfield/mods/17489,https://staticdelivery.nexusmods.com/mods/4187/images/17489/17489-1781703543-86285545.png,172,166,6,7,0,Collected via Nexus Mods API.
2026-06-29,nexus,17500,CPF-STARBORN  POWER FIST OMEGA,https://www.nexusmods.com/starfield/mods/17500,https://staticdelivery.nexusmods.com/mods/4187/images/17500/17500-1781842553-1785018540.png,163,145,6,5,0,Collected via Nexus Mods API.
2026-06-29,nexus,17501,CPF-CRIMSON FLEET POWER FIST HELLHOUND,https://www.nexusmods.com/starfield/mods/17501,https://staticdelivery.nexusmods.com/mods/4187/images/17501/17501-1781854590-1310759891.png,97,92,3,3,0,Collected via Nexus Mods API.
2026-06-29,nexus,17521,CASSILIAs Trainning Dummy,https://www.nexusmods.com/starfield/mods/17521,https://staticdelivery.nexusmods.com/mods/4187/images/17521/17521-1782131371-2132304027.png,26,24,1,2,0,Collected via Nexus Mods API.
2026-06-29,nexus,17575,Realistic Helmet 1st Person Vision,https://www.nexusmods.com/starfield/mods/17575,https://staticdelivery.nexusmods.com/mods/4187/images/17575/17575-1782455739-853488750.png,379,223,72,8,0,Collected via Nexus Mods API.
2026-06-30,nexus,17070,TGGs Sexy Black Lingerie,https://www.nexusmods.com/starfield/mods/17070,https://staticdelivery.nexusmods.com/mods/4187/images/17070/17070-1778687683-1944088645.png,435,389,5,25,0,Collected via Nexus Mods API.
2026-06-30,nexus,17126,THE TERMINUS,https://www.nexusmods.com/starfield/mods/17126,https://staticdelivery.nexusmods.com/mods/4187/images/17126/17126-1779071888-668213181.png,1434,729,4,31,0,Collected via Nexus Mods API.
2026-06-30,nexus,17251,Nebula Protocol Suit,https://www.nexusmods.com/starfield/mods/17251,https://staticdelivery.nexusmods.com/mods/4187/images/17251/17251-1779804128-1212319096.png,410,371,5,19,0,Collected via Nexus Mods API.
2026-06-30,nexus,17285,CASSILIAs SOUL,https://www.nexusmods.com/starfield/mods/17285,https://staticdelivery.nexusmods.com/mods/4187/images/17285/17285-1780066726-1556236471.png,346,247,3,9,0,Collected via Nexus Mods API.
2026-06-30,nexus,17362,TGG Cloth-DVA bodysuit,https://www.nexusmods.com/starfield/mods/17362,https://staticdelivery.nexusmods.com/mods/4187/images/17362/17362-1780583435-1843506797.png,506,395,5,24,0,Collected via Nexus Mods API.
2026-06-30,nexus,17387,Cassilia's Old Constellation Uniform,https://www.nexusmods.com/starfield/mods/17387,https://staticdelivery.nexusmods.com/mods/4187/images/17387/17387-1780911831-1036925630.png,2664,1937,32,112,0,Collected via Nexus Mods API.
2026-06-30,nexus,17461,CASSILIAs POWER FIST,https://www.nexusmods.com/starfield/mods/17461,https://staticdelivery.nexusmods.com/mods/4187/images/17461/17461-1781423403-782378004.png,430,383,9,14,0,Collected via Nexus Mods API.
2026-06-30,nexus,17479,CPF-UC VANGUARD POWER FIST MK2,https://www.nexusmods.com/starfield/mods/17479,https://staticdelivery.nexusmods.com/mods/4187/images/17479/17479-1781621856-615818030.png,142,134,3,5,0,Collected via Nexus Mods API.
2026-06-30,nexus,17489,CPF-STARBORN POWER FIST UNITY,https://www.nexusmods.com/starfield/mods/17489,https://staticdelivery.nexusmods.com/mods/4187/images/17489/17489-1781703543-86285545.png,174,168,2,7,0,Collected via Nexus Mods API.
2026-06-30,nexus,17500,CPF-STARBORN  POWER FIST OMEGA,https://www.nexusmods.com/starfield/mods/17500,https://staticdelivery.nexusmods.com/mods/4187/images/17500/17500-1781842553-1785018540.png,167,148,4,5,0,Collected via Nexus Mods API.
2026-06-30,nexus,17501,CPF-CRIMSON FLEET POWER FIST HELLHOUND,https://www.nexusmods.com/starfield/mods/17501,https://staticdelivery.nexusmods.com/mods/4187/images/17501/17501-1781854590-1310759891.png,99,94,2,3,0,Collected via Nexus Mods API.
2026-06-30,nexus,17521,CASSILIAs Trainning Dummy,https://www.nexusmods.com/starfield/mods/17521,https://staticdelivery.nexusmods.com/mods/4187/images/17521/17521-1782131371-2132304027.png,26,24,0,2,0,Collected via Nexus Mods API.
2026-06-30,nexus,17575,Realistic Helmet 1st Person Vision,https://www.nexusmods.com/starfield/mods/17575,https://staticdelivery.nexusmods.com/mods/4187/images/17575/17575-1782455739-853488750.png,470,276,91,10,0,Collected via Nexus Mods API.
2026-07-01,nexus,17070,TGGs Sexy Black Lingerie,https://www.nexusmods.com/starfield/mods/17070,https://staticdelivery.nexusmods.com/mods/4187/images/17070/17070-1778687683-1944088645.png,441,395,6,25,0,Collected via Nexus Mods API.
2026-07-01,nexus,17126,THE TERMINUS,https://www.nexusmods.com/starfield/mods/17126,https://staticdelivery.nexusmods.com/mods/4187/images/17126/17126-1779071888-668213181.png,1439,733,5,31,0,Collected via Nexus Mods API.
2026-07-01,nexus,17251,Nebula Protocol Suit,https://www.nexusmods.com/starfield/mods/17251,https://staticdelivery.nexusmods.com/mods/4187/images/17251/17251-1779804128-1212319096.png,411,372,1,19,0,Collected via Nexus Mods API.
2026-07-01,nexus,17285,CASSILIAs SOUL,https://www.nexusmods.com/starfield/mods/17285,https://staticdelivery.nexusmods.com/mods/4187/images/17285/17285-1780066726-1556236471.png,348,247,2,9,0,Collected via Nexus Mods API.
2026-07-01,nexus,17362,TGG Cloth-DVA bodysuit,https://www.nexusmods.com/starfield/mods/17362,https://staticdelivery.nexusmods.com/mods/4187/images/17362/17362-1780583435-1843506797.png,507,396,1,24,0,Collected via Nexus Mods API.
2026-07-01,nexus,17387,Cassilia's Old Constellation Uniform,https://www.nexusmods.com/starfield/mods/17387,https://staticdelivery.nexusmods.com/mods/4187/images/17387/17387-1780911831-1036925630.png,2686,1950,22,114,0,Collected via Nexus Mods API.
2026-07-01,nexus,17461,CASSILIAs POWER FIST,https://www.nexusmods.com/starfield/mods/17461,https://staticdelivery.nexusmods.com/mods/4187/images/17461/17461-1781423403-782378004.png,437,389,7,15,0,Collected via Nexus Mods API.
2026-07-01,nexus,17479,CPF-UC VANGUARD POWER FIST MK2,https://www.nexusmods.com/starfield/mods/17479,https://staticdelivery.nexusmods.com/mods/4187/images/17479/17479-1781621856-615818030.png,144,136,2,5,0,Collected via Nexus Mods API.
2026-07-01,nexus,17489,CPF-STARBORN POWER FIST UNITY,https://www.nexusmods.com/starfield/mods/17489,https://staticdelivery.nexusmods.com/mods/4187/images/17489/17489-1781703543-86285545.png,179,173,5,7,0,Collected via Nexus Mods API.
2026-07-01,nexus,17500,CPF-STARBORN  POWER FIST OMEGA,https://www.nexusmods.com/starfield/mods/17500,https://staticdelivery.nexusmods.com/mods/4187/images/17500/17500-1781842553-1785018540.png,173,152,6,6,0,Collected via Nexus Mods API.
2026-07-01,nexus,17501,CPF-CRIMSON FLEET POWER FIST HELLHOUND,https://www.nexusmods.com/starfield/mods/17501,https://staticdelivery.nexusmods.com/mods/4187/images/17501/17501-1781854590-1310759891.png,103,98,4,3,0,Collected via Nexus Mods API.
2026-07-01,nexus,17521,CASSILIAs Trainning Dummy,https://www.nexusmods.com/starfield/mods/17521,https://staticdelivery.nexusmods.com/mods/4187/images/17521/17521-1782131371-2132304027.png,27,25,1,2,0,Collected via Nexus Mods API.
2026-07-01,nexus,17575,Realistic Helmet 1st Person Vision,https://www.nexusmods.com/starfield/mods/17575,https://staticdelivery.nexusmods.com/mods/4187/images/17575/17575-1782455739-853488750.png,548,318,78,10,0,Collected via Nexus Mods API.
2026-07-02,nexus,17070,TGGs Sexy Black Lingerie,https://www.nexusmods.com/starfield/mods/17070,https://staticdelivery.nexusmods.com/mods/4187/images/17070/17070-1778687683-1944088645.png,447,401,6,25,0,Collected via Nexus Mods API.
2026-07-02,nexus,17126,THE TERMINUS,https://www.nexusmods.com/starfield/mods/17126,https://staticdelivery.nexusmods.com/mods/4187/images/17126/17126-1779071888-668213181.png,1442,736,3,31,0,Collected via Nexus Mods API.
2026-07-02,nexus,17251,Nebula Protocol Suit,https://www.nexusmods.com/starfield/mods/17251,https://staticdelivery.nexusmods.com/mods/4187/images/17251/17251-1779804128-1212319096.png,414,373,3,19,0,Collected via Nexus Mods API.
2026-07-02,nexus,17285,CASSILIAs SOUL,https://www.nexusmods.com/starfield/mods/17285,https://staticdelivery.nexusmods.com/mods/4187/images/17285/17285-1780066726-1556236471.png,352,251,4,9,0,Collected via Nexus Mods API.
2026-07-02,nexus,17362,TGG Cloth-DVA bodysuit,https://www.nexusmods.com/starfield/mods/17362,https://staticdelivery.nexusmods.com/mods/4187/images/17362/17362-1780583435-1843506797.png,514,400,7,24,0,Collected via Nexus Mods API.
2026-07-02,nexus,17387,Cassilia's Old Constellation Uniform,https://www.nexusmods.com/starfield/mods/17387,https://staticdelivery.nexusmods.com/mods/4187/images/17387/17387-1780911831-1036925630.png,2713,1969,27,115,0,Collected via Nexus Mods API.
2026-07-02,nexus,17461,CASSILIAs POWER FIST,https://www.nexusmods.com/starfield/mods/17461,https://staticdelivery.nexusmods.com/mods/4187/images/17461/17461-1781423403-782378004.png,446,396,9,16,0,Collected via Nexus Mods API.
2026-07-02,nexus,17479,CPF-UC VANGUARD POWER FIST MK2,https://www.nexusmods.com/starfield/mods/17479,https://staticdelivery.nexusmods.com/mods/4187/images/17479/17479-1781621856-615818030.png,146,137,2,5,0,Collected via Nexus Mods API.
2026-07-02,nexus,17489,CPF-STARBORN POWER FIST UNITY,https://www.nexusmods.com/starfield/mods/17489,https://staticdelivery.nexusmods.com/mods/4187/images/17489/17489-1781703543-86285545.png,183,176,4,8,0,Collected via Nexus Mods API.
2026-07-02,nexus,17500,CPF-STARBORN  POWER FIST OMEGA,https://www.nexusmods.com/starfield/mods/17500,https://staticdelivery.nexusmods.com/mods/4187/images/17500/17500-1781842553-1785018540.png,177,155,4,7,0,Collected via Nexus Mods API.
2026-07-02,nexus,17501,CPF-CRIMSON FLEET POWER FIST HELLHOUND,https://www.nexusmods.com/starfield/mods/17501,https://staticdelivery.nexusmods.com/mods/4187/images/17501/17501-1781854590-1310759891.png,105,99,2,4,0,Collected via Nexus Mods API.
2026-07-02,nexus,17521,CASSILIAs Trainning Dummy,https://www.nexusmods.com/starfield/mods/17521,https://staticdelivery.nexusmods.com/mods/4187/images/17521/17521-1782131371-2132304027.png,27,25,0,2,0,Collected via Nexus Mods API.
2026-07-02,nexus,17575,Realistic Helmet 1st Person Vision,https://www.nexusmods.com/starfield/mods/17575,https://staticdelivery.nexusmods.com/mods/4187/images/17575/17575-1782455739-853488750.png,629,364,81,12,0,Collected via Nexus Mods API.
2026-07-03,nexus,17070,TGGs Sexy Black Lingerie,https://www.nexusmods.com/starfield/mods/17070,https://staticdelivery.nexusmods.com/mods/4187/images/17070/17070-1778687683-1944088645.png,449,403,2,25,0,Collected via Nexus Mods API.
2026-07-03,nexus,17126,THE TERMINUS,https://www.nexusmods.com/starfield/mods/17126,https://staticdelivery.nexusmods.com/mods/4187/images/17126/17126-1779071888-668213181.png,1446,739,4,31,0,Collected via Nexus Mods API.
2026-07-03,nexus,17251,Nebula Protocol Suit,https://www.nexusmods.com/starfield/mods/17251,https://staticdelivery.nexusmods.com/mods/4187/images/17251/17251-1779804128-1212319096.png,415,374,1,19,0,Collected via Nexus Mods API.
2026-07-03,nexus,17285,CASSILIAs SOUL,https://www.nexusmods.com/starfield/mods/17285,https://staticdelivery.nexusmods.com/mods/4187/images/17285/17285-1780066726-1556236471.png,352,251,0,9,0,Collected via Nexus Mods API.
2026-07-03,nexus,17362,TGG Cloth-DVA bodysuit,https://www.nexusmods.com/starfield/mods/17362,https://staticdelivery.nexusmods.com/mods/4187/images/17362/17362-1780583435-1843506797.png,517,403,3,24,0,Collected via Nexus Mods API.
2026-07-03,nexus,17387,Cassilia's Old Constellation Uniform,https://www.nexusmods.com/starfield/mods/17387,https://staticdelivery.nexusmods.com/mods/4187/images/17387/17387-1780911831-1036925630.png,2739,1984,26,117,0,Collected via Nexus Mods API.
2026-07-03,nexus,17461,CASSILIAs POWER FIST,https://www.nexusmods.com/starfield/mods/17461,https://staticdelivery.nexusmods.com/mods/4187/images/17461/17461-1781423403-782378004.png,449,397,3,16,0,Collected via Nexus Mods API.
2026-07-03,nexus,17479,CPF-UC VANGUARD POWER FIST MK2,https://www.nexusmods.com/starfield/mods/17479,https://staticdelivery.nexusmods.com/mods/4187/images/17479/17479-1781621856-615818030.png,148,138,2,5,0,Collected via Nexus Mods API.
2026-07-03,nexus,17489,CPF-STARBORN POWER FIST UNITY,https://www.nexusmods.com/starfield/mods/17489,https://staticdelivery.nexusmods.com/mods/4187/images/17489/17489-1781703543-86285545.png,183,176,0,8,0,Collected via Nexus Mods API.
2026-07-03,nexus,17500,CPF-STARBORN  POWER FIST OMEGA,https://www.nexusmods.com/starfield/mods/17500,https://staticdelivery.nexusmods.com/mods/4187/images/17500/17500-1781842553-1785018540.png,178,156,1,7,0,Collected via Nexus Mods API.
2026-07-03,nexus,17501,CPF-CRIMSON FLEET POWER FIST HELLHOUND,https://www.nexusmods.com/starfield/mods/17501,https://staticdelivery.nexusmods.com/mods/4187/images/17501/17501-1781854590-1310759891.png,107,100,2,4,0,Collected via Nexus Mods API.
2026-07-03,nexus,17521,CASSILIAs Trainning Dummy,https://www.nexusmods.com/starfield/mods/17521,https://staticdelivery.nexusmods.com/mods/4187/images/17521/17521-1782131371-2132304027.png,27,25,0,2,0,Collected via Nexus Mods API.
2026-07-03,nexus,17575,Realistic Helmet 1st Person Vision,https://www.nexusmods.com/starfield/mods/17575,https://staticdelivery.nexusmods.com/mods/4187/images/17575/17575-1782455739-853488750.png,677,392,48,13,0,Collected via Nexus Mods API.
2026-07-03,nexus,17625,TGG Texture Forge - Starfield DDS Converter,https://www.nexusmods.com/starfield/mods/17625,https://staticdelivery.nexusmods.com/mods/4187/images/17625/17625-1783086268-2069741715.png,21,21,0,0,0,Collected via Nexus Mods API.
2026-07-04,nexus,17070,TGGs Sexy Black Lingerie,https://www.nexusmods.com/starfield/mods/17070,https://staticdelivery.nexusmods.com/mods/4187/images/17070/17070-1778687683-1944088645.png,451,405,2,26,0,Collected via Nexus Mods API.
2026-07-04,nexus,17126,THE TERMINUS,https://www.nexusmods.com/starfield/mods/17126,https://staticdelivery.nexusmods.com/mods/4187/images/17126/17126-1779071888-668213181.png,1452,744,6,31,0,Collected via Nexus Mods API.
2026-07-04,nexus,17251,Nebula Protocol Suit,https://www.nexusmods.com/starfield/mods/17251,https://staticdelivery.nexusmods.com/mods/4187/images/17251/17251-1779804128-1212319096.png,421,379,6,19,0,Collected via Nexus Mods API.
2026-07-04,nexus,17285,CASSILIAs SOUL,https://www.nexusmods.com/starfield/mods/17285,https://staticdelivery.nexusmods.com/mods/4187/images/17285/17285-1780066726-1556236471.png,358,256,6,9,0,Collected via Nexus Mods API.
2026-07-04,nexus,17362,TGG Cloth-DVA bodysuit,https://www.nexusmods.com/starfield/mods/17362,https://staticdelivery.nexusmods.com/mods/4187/images/17362/17362-1780583435-1843506797.png,525,410,8,25,0,Collected via Nexus Mods API.
2026-07-04,nexus,17387,Cassilia's Old Constellation Uniform,https://www.nexusmods.com/starfield/mods/17387,https://staticdelivery.nexusmods.com/mods/4187/images/17387/17387-1780911831-1036925630.png,2760,2000,21,120,0,Collected via Nexus Mods API.
2026-07-04,nexus,17461,CASSILIAs POWER FIST,https://www.nexusmods.com/starfield/mods/17461,https://staticdelivery.nexusmods.com/mods/4187/images/17461/17461-1781423403-782378004.png,469,414,20,16,0,Collected via Nexus Mods API.
2026-07-04,nexus,17479,CPF-UC VANGUARD POWER FIST MK2,https://www.nexusmods.com/starfield/mods/17479,https://staticdelivery.nexusmods.com/mods/4187/images/17479/17479-1781621856-615818030.png,154,143,6,5,0,Collected via Nexus Mods API.
2026-07-04,nexus,17489,CPF-STARBORN POWER FIST UNITY,https://www.nexusmods.com/starfield/mods/17489,https://staticdelivery.nexusmods.com/mods/4187/images/17489/17489-1781703543-86285545.png,189,182,6,8,0,Collected via Nexus Mods API.
2026-07-04,nexus,17500,CPF-STARBORN  POWER FIST OMEGA,https://www.nexusmods.com/starfield/mods/17500,https://staticdelivery.nexusmods.com/mods/4187/images/17500/17500-1781842553-1785018540.png,184,162,6,7,0,Collected via Nexus Mods API.
2026-07-04,nexus,17501,CPF-CRIMSON FLEET POWER FIST HELLHOUND,https://www.nexusmods.com/starfield/mods/17501,https://staticdelivery.nexusmods.com/mods/4187/images/17501/17501-1781854590-1310759891.png,114,106,7,4,0,Collected via Nexus Mods API.
2026-07-04,nexus,17521,CASSILIAs Trainning Dummy,https://www.nexusmods.com/starfield/mods/17521,https://staticdelivery.nexusmods.com/mods/4187/images/17521/17521-1782131371-2132304027.png,29,27,2,2,0,Collected via Nexus Mods API.
2026-07-04,nexus,17575,Realistic Helmet 1st Person Vision,https://www.nexusmods.com/starfield/mods/17575,https://staticdelivery.nexusmods.com/mods/4187/images/17575/17575-1782455739-853488750.png,713,412,36,13,0,Collected via Nexus Mods API.
2026-07-04,nexus,17625,TGG Texture Forge - Starfield DDS Converter,https://www.nexusmods.com/starfield/mods/17625,https://staticdelivery.nexusmods.com/mods/4187/images/17625/17625-1783086268-2069741715.png,31,28,10,3,0,Collected via Nexus Mods API.
2026-07-04,nexus,17632,CPF-RYUJIN DEATH CLAW,https://www.nexusmods.com/starfield/mods/17632,https://staticdelivery.nexusmods.com/mods/4187/images/17632/17632-1783125559-925033020.png,51,47,0,1,0,Collected via Nexus Mods API.
2026-07-05,nexus,17070,TGGs Sexy Black Lingerie,https://www.nexusmods.com/starfield/mods/17070,https://staticdelivery.nexusmods.com/mods/4187/images/17070/17070-1778687683-1944088645.png,458,410,7,27,0,Collected via Nexus Mods API.
2026-07-05,nexus,17126,THE TERMINUS,https://www.nexusmods.com/starfield/mods/17126,https://staticdelivery.nexusmods.com/mods/4187/images/17126/17126-1779071888-668213181.png,1458,747,6,31,0,Collected via Nexus Mods API.
2026-07-05,nexus,17251,Nebula Protocol Suit,https://www.nexusmods.com/starfield/mods/17251,https://staticdelivery.nexusmods.com/mods/4187/images/17251/17251-1779804128-1212319096.png,425,382,4,20,0,Collected via Nexus Mods API.
2026-07-05,nexus,17285,CASSILIAs SOUL,https://www.nexusmods.com/starfield/mods/17285,https://staticdelivery.nexusmods.com/mods/4187/images/17285/17285-1780066726-1556236471.png,361,257,3,9,0,Collected via Nexus Mods API.
2026-07-05,nexus,17362,TGG Cloth-DVA bodysuit,https://www.nexusmods.com/starfield/mods/17362,https://staticdelivery.nexusmods.com/mods/4187/images/17362/17362-1780583435-1843506797.png,533,415,8,25,0,Collected via Nexus Mods API.
2026-07-05,nexus,17387,Cassilia's Old Constellation Uniform,https://www.nexusmods.com/starfield/mods/17387,https://staticdelivery.nexusmods.com/mods/4187/images/17387/17387-1780911831-1036925630.png,2794,2022,34,121,0,Collected via Nexus Mods API.
2026-07-05,nexus,17461,CASSILIAs POWER FIST,https://www.nexusmods.com/starfield/mods/17461,https://staticdelivery.nexusmods.com/mods/4187/images/17461/17461-1781423403-782378004.png,484,427,15,17,0,Collected via Nexus Mods API.
2026-07-05,nexus,17479,CPF-UC VANGUARD POWER FIST MK2,https://www.nexusmods.com/starfield/mods/17479,https://staticdelivery.nexusmods.com/mods/4187/images/17479/17479-1781621856-615818030.png,157,146,3,5,0,Collected via Nexus Mods API.
2026-07-05,nexus,17489,CPF-STARBORN POWER FIST UNITY,https://www.nexusmods.com/starfield/mods/17489,https://staticdelivery.nexusmods.com/mods/4187/images/17489/17489-1781703543-86285545.png,193,186,4,8,0,Collected via Nexus Mods API.
2026-07-05,nexus,17500,CPF-STARBORN  POWER FIST OMEGA,https://www.nexusmods.com/starfield/mods/17500,https://staticdelivery.nexusmods.com/mods/4187/images/17500/17500-1781842553-1785018540.png,187,165,3,7,0,Collected via Nexus Mods API.
2026-07-05,nexus,17501,CPF-CRIMSON FLEET POWER FIST HELLHOUND,https://www.nexusmods.com/starfield/mods/17501,https://staticdelivery.nexusmods.com/mods/4187/images/17501/17501-1781854590-1310759891.png,116,108,2,4,0,Collected via Nexus Mods API.
2026-07-05,nexus,17521,CASSILIAs Trainning Dummy,https://www.nexusmods.com/starfield/mods/17521,https://staticdelivery.nexusmods.com/mods/4187/images/17521/17521-1782131371-2132304027.png,31,29,2,2,0,Collected via Nexus Mods API.
2026-07-05,nexus,17575,Realistic Helmet 1st Person Vision,https://www.nexusmods.com/starfield/mods/17575,https://staticdelivery.nexusmods.com/mods/4187/images/17575/17575-1782455739-853488750.png,735,423,22,14,0,Collected via Nexus Mods API.
2026-07-05,nexus,17625,TGG Texture Forge - Starfield DDS Converter,https://www.nexusmods.com/starfield/mods/17625,https://staticdelivery.nexusmods.com/mods/4187/images/17625/17625-1783086268-2069741715.png,45,35,14,4,0,Collected via Nexus Mods API.
2026-07-05,nexus,17632,CPF-RYUJIN DEATH CLAW,https://www.nexusmods.com/starfield/mods/17632,https://staticdelivery.nexusmods.com/mods/4187/images/17632/17632-1783125559-925033020.png,70,62,19,2,0,Collected via Nexus Mods API.
2026-07-06,nexus,17070,TGGs Sexy Black Lingerie,https://www.nexusmods.com/starfield/mods/17070,https://staticdelivery.nexusmods.com/mods/4187/images/17070/17070-1778687683-1944088645.png,460,412,2,28,0,Collected via Nexus Mods API.
2026-07-06,nexus,17126,THE TERMINUS,https://www.nexusmods.com/starfield/mods/17126,https://staticdelivery.nexusmods.com/mods/4187/images/17126/17126-1779071888-668213181.png,1464,752,6,31,0,Collected via Nexus Mods API.
2026-07-06,nexus,17251,Nebula Protocol Suit,https://www.nexusmods.com/starfield/mods/17251,https://staticdelivery.nexusmods.com/mods/4187/images/17251/17251-1779804128-1212319096.png,428,385,3,20,0,Collected via Nexus Mods API.
2026-07-06,nexus,17285,CASSILIAs SOUL,https://www.nexusmods.com/starfield/mods/17285,https://staticdelivery.nexusmods.com/mods/4187/images/17285/17285-1780066726-1556236471.png,363,258,2,9,0,Collected via Nexus Mods API.
2026-07-06,nexus,17362,TGG Cloth-DVA bodysuit,https://www.nexusmods.com/starfield/mods/17362,https://staticdelivery.nexusmods.com/mods/4187/images/17362/17362-1780583435-1843506797.png,537,418,4,25,0,Collected via Nexus Mods API.
2026-07-06,nexus,17387,Cassilia's Old Constellation Uniform,https://www.nexusmods.com/starfield/mods/17387,https://staticdelivery.nexusmods.com/mods/4187/images/17387/17387-1780911831-1036925630.png,2820,2040,26,122,0,Collected via Nexus Mods API.
2026-07-06,nexus,17461,CASSILIAs POWER FIST,https://www.nexusmods.com/starfield/mods/17461,https://staticdelivery.nexusmods.com/mods/4187/images/17461/17461-1781423403-782378004.png,492,434,8,17,0,Collected via Nexus Mods API.
2026-07-06,nexus,17479,CPF-UC VANGUARD POWER FIST MK2,https://www.nexusmods.com/starfield/mods/17479,https://staticdelivery.nexusmods.com/mods/4187/images/17479/17479-1781621856-615818030.png,159,148,2,5,0,Collected via Nexus Mods API.
2026-07-06,nexus,17489,CPF-STARBORN POWER FIST UNITY,https://www.nexusmods.com/starfield/mods/17489,https://staticdelivery.nexusmods.com/mods/4187/images/17489/17489-1781703543-86285545.png,196,189,3,8,0,Collected via Nexus Mods API.
2026-07-06,nexus,17500,CPF-STARBORN  POWER FIST OMEGA,https://www.nexusmods.com/starfield/mods/17500,https://staticdelivery.nexusmods.com/mods/4187/images/17500/17500-1781842553-1785018540.png,193,170,6,7,0,Collected via Nexus Mods API.
2026-07-06,nexus,17501,CPF-CRIMSON FLEET POWER FIST HELLHOUND,https://www.nexusmods.com/starfield/mods/17501,https://staticdelivery.nexusmods.com/mods/4187/images/17501/17501-1781854590-1310759891.png,120,112,4,4,0,Collected via Nexus Mods API.
2026-07-06,nexus,17521,CASSILIAs Trainning Dummy,https://www.nexusmods.com/starfield/mods/17521,https://staticdelivery.nexusmods.com/mods/4187/images/17521/17521-1782131371-2132304027.png,31,29,0,2,0,Collected via Nexus Mods API.
2026-07-06,nexus,17575,Realistic Helmet 1st Person Vision,https://www.nexusmods.com/starfield/mods/17575,https://staticdelivery.nexusmods.com/mods/4187/images/17575/17575-1782455739-853488750.png,767,439,32,14,0,Collected via Nexus Mods API.
2026-07-06,nexus,17625,TGG Texture Forge - Starfield DDS Converter,https://www.nexusmods.com/starfield/mods/17625,https://staticdelivery.nexusmods.com/mods/4187/images/17625/17625-1783086268-2069741715.png,52,41,7,5,0,Collected via Nexus Mods API.
2026-07-06,nexus,17632,CPF-RYUJIN DEATH CLAW,https://www.nexusmods.com/starfield/mods/17632,https://staticdelivery.nexusmods.com/mods/4187/images/17632/17632-1783125559-925033020.png,82,74,12,2,0,Collected via Nexus Mods API.
2026-07-07,nexus,17070,TGGs Sexy Black Lingerie,https://www.nexusmods.com/starfield/mods/17070,https://staticdelivery.nexusmods.com/mods/4187/images/17070/17070-1778687683-1944088645.png,462,413,2,28,0,Collected via Nexus Mods API.
2026-07-07,nexus,17126,THE TERMINUS,https://www.nexusmods.com/starfield/mods/17126,https://staticdelivery.nexusmods.com/mods/4187/images/17126/17126-1779071888-668213181.png,1466,754,2,31,0,Collected via Nexus Mods API.
2026-07-07,nexus,17251,Nebula Protocol Suit,https://www.nexusmods.com/starfield/mods/17251,https://staticdelivery.nexusmods.com/mods/4187/images/17251/17251-1779804128-1212319096.png,435,390,7,20,0,Collected via Nexus Mods API.
2026-07-07,nexus,17285,CASSILIAs SOUL,https://www.nexusmods.com/starfield/mods/17285,https://staticdelivery.nexusmods.com/mods/4187/images/17285/17285-1780066726-1556236471.png,363,258,0,9,0,Collected via Nexus Mods API.
2026-07-07,nexus,17362,TGG Cloth-DVA bodysuit,https://www.nexusmods.com/starfield/mods/17362,https://staticdelivery.nexusmods.com/mods/4187/images/17362/17362-1780583435-1843506797.png,539,420,2,26,0,Collected via Nexus Mods API.
2026-07-07,nexus,17387,Cassilia's Old Constellation Uniform,https://www.nexusmods.com/starfield/mods/17387,https://staticdelivery.nexusmods.com/mods/4187/images/17387/17387-1780911831-1036925630.png,2842,2055,22,123,0,Collected via Nexus Mods API.
2026-07-07,nexus,17461,CASSILIAs POWER FIST,https://www.nexusmods.com/starfield/mods/17461,https://staticdelivery.nexusmods.com/mods/4187/images/17461/17461-1781423403-782378004.png,498,439,6,18,0,Collected via Nexus Mods API.
2026-07-07,nexus,17479,CPF-UC VANGUARD POWER FIST MK2,https://www.nexusmods.com/starfield/mods/17479,https://staticdelivery.nexusmods.com/mods/4187/images/17479/17479-1781621856-615818030.png,160,148,1,6,0,Collected via Nexus Mods API.
2026-07-07,nexus,17489,CPF-STARBORN POWER FIST UNITY,https://www.nexusmods.com/starfield/mods/17489,https://staticdelivery.nexusmods.com/mods/4187/images/17489/17489-1781703543-86285545.png,197,190,1,9,0,Collected via Nexus Mods API.
2026-07-07,nexus,17500,CPF-STARBORN  POWER FIST OMEGA,https://www.nexusmods.com/starfield/mods/17500,https://staticdelivery.nexusmods.com/mods/4187/images/17500/17500-1781842553-1785018540.png,194,171,1,8,0,Collected via Nexus Mods API.
2026-07-07,nexus,17501,CPF-CRIMSON FLEET POWER FIST HELLHOUND,https://www.nexusmods.com/starfield/mods/17501,https://staticdelivery.nexusmods.com/mods/4187/images/17501/17501-1781854590-1310759891.png,120,112,0,4,0,Collected via Nexus Mods API.
2026-07-07,nexus,17521,CASSILIAs Trainning Dummy,https://www.nexusmods.com/starfield/mods/17521,https://staticdelivery.nexusmods.com/mods/4187/images/17521/17521-1782131371-2132304027.png,33,30,2,2,0,Collected via Nexus Mods API.
2026-07-07,nexus,17575,Realistic Helmet 1st Person Vision,https://www.nexusmods.com/starfield/mods/17575,https://staticdelivery.nexusmods.com/mods/4187/images/17575/17575-1782455739-853488750.png,784,448,17,14,0,Collected via Nexus Mods API.
2026-07-07,nexus,17625,TGG Texture Forge - Starfield DDS Converter,https://www.nexusmods.com/starfield/mods/17625,https://staticdelivery.nexusmods.com/mods/4187/images/17625/17625-1783086268-2069741715.png,54,42,2,5,0,Collected via Nexus Mods API.
2026-07-07,nexus,17632,CPF-RYUJIN DEATH CLAW,https://www.nexusmods.com/starfield/mods/17632,https://staticdelivery.nexusmods.com/mods/4187/images/17632/17632-1783125559-925033020.png,85,77,3,4,0,Collected via Nexus Mods API.
2026-07-08,nexus,17070,TGGs Sexy Black Lingerie,https://www.nexusmods.com/starfield/mods/17070,https://staticdelivery.nexusmods.com/mods/4187/images/17070/17070-1778687683-1944088645.png,468,418,6,28,0,Collected via Nexus Mods API.
2026-07-08,nexus,17126,THE TERMINUS,https://www.nexusmods.com/starfield/mods/17126,https://staticdelivery.nexusmods.com/mods/4187/images/17126/17126-1779071888-668213181.png,1470,755,4,31,0,Collected via Nexus Mods API.
2026-07-08,nexus,17251,Nebula Protocol Suit,https://www.nexusmods.com/starfield/mods/17251,https://staticdelivery.nexusmods.com/mods/4187/images/17251/17251-1779804128-1212319096.png,440,393,5,20,0,Collected via Nexus Mods API.
2026-07-08,nexus,17285,CASSILIAs SOUL,https://www.nexusmods.com/starfield/mods/17285,https://staticdelivery.nexusmods.com/mods/4187/images/17285/17285-1780066726-1556236471.png,366,259,3,9,0,Collected via Nexus Mods API.
2026-07-08,nexus,17362,TGG Cloth-DVA bodysuit,https://www.nexusmods.com/starfield/mods/17362,https://staticdelivery.nexusmods.com/mods/4187/images/17362/17362-1780583435-1843506797.png,542,422,3,26,0,Collected via Nexus Mods API.
2026-07-08,nexus,17387,Cassilia's Old Constellation Uniform,https://www.nexusmods.com/starfield/mods/17387,https://staticdelivery.nexusmods.com/mods/4187/images/17387/17387-1780911831-1036925630.png,2862,2065,20,124,0,Collected via Nexus Mods API.
2026-07-08,nexus,17461,CASSILIAs POWER FIST,https://www.nexusmods.com/starfield/mods/17461,https://staticdelivery.nexusmods.com/mods/4187/images/17461/17461-1781423403-782378004.png,505,445,7,18,0,Collected via Nexus Mods API.
2026-07-08,nexus,17479,CPF-UC VANGUARD POWER FIST MK2,https://www.nexusmods.com/starfield/mods/17479,https://staticdelivery.nexusmods.com/mods/4187/images/17479/17479-1781621856-615818030.png,163,150,3,6,0,Collected via Nexus Mods API.
2026-07-08,nexus,17489,CPF-STARBORN POWER FIST UNITY,https://www.nexusmods.com/starfield/mods/17489,https://staticdelivery.nexusmods.com/mods/4187/images/17489/17489-1781703543-86285545.png,200,193,3,9,0,Collected via Nexus Mods API.
2026-07-08,nexus,17500,CPF-STARBORN  POWER FIST OMEGA,https://www.nexusmods.com/starfield/mods/17500,https://staticdelivery.nexusmods.com/mods/4187/images/17500/17500-1781842553-1785018540.png,197,174,3,8,0,Collected via Nexus Mods API.
2026-07-08,nexus,17501,CPF-CRIMSON FLEET POWER FIST HELLHOUND,https://www.nexusmods.com/starfield/mods/17501,https://staticdelivery.nexusmods.com/mods/4187/images/17501/17501-1781854590-1310759891.png,124,115,4,4,0,Collected via Nexus Mods API.
2026-07-08,nexus,17521,CASSILIAs Trainning Dummy,https://www.nexusmods.com/starfield/mods/17521,https://staticdelivery.nexusmods.com/mods/4187/images/17521/17521-1782131371-2132304027.png,33,30,0,2,0,Collected via Nexus Mods API.
2026-07-08,nexus,17575,Realistic Helmet 1st Person Vision,https://www.nexusmods.com/starfield/mods/17575,https://staticdelivery.nexusmods.com/mods/4187/images/17575/17575-1782455739-853488750.png,801,457,17,15,0,Collected via Nexus Mods API.
2026-07-08,nexus,17625,TGG Texture Forge - Starfield DDS Converter,https://www.nexusmods.com/starfield/mods/17625,https://staticdelivery.nexusmods.com/mods/4187/images/17625/17625-1783086268-2069741715.png,55,43,1,5,0,Collected via Nexus Mods API.
2026-07-08,nexus,17632,CPF-RYUJIN DEATH CLAW,https://www.nexusmods.com/starfield/mods/17632,https://staticdelivery.nexusmods.com/mods/4187/images/17632/17632-1783125559-925033020.png,90,82,5,4,0,Collected via Nexus Mods API.
2026-07-09,nexus,17070,TGGs Sexy Black Lingerie,https://www.nexusmods.com/starfield/mods/17070,https://staticdelivery.nexusmods.com/mods/4187/images/17070/17070-1778687683-1944088645.png,470,420,2,28,0,Collected via Nexus Mods API.
2026-07-09,nexus,17126,THE TERMINUS,https://www.nexusmods.com/starfield/mods/17126,https://staticdelivery.nexusmods.com/mods/4187/images/17126/17126-1779071888-668213181.png,1474,759,4,31,0,Collected via Nexus Mods API.
2026-07-09,nexus,17251,Nebula Protocol Suit,https://www.nexusmods.com/starfield/mods/17251,https://staticdelivery.nexusmods.com/mods/4187/images/17251/17251-1779804128-1212319096.png,447,400,7,20,0,Collected via Nexus Mods API.
2026-07-09,nexus,17285,CASSILIAs SOUL,https://www.nexusmods.com/starfield/mods/17285,https://staticdelivery.nexusmods.com/mods/4187/images/17285/17285-1780066726-1556236471.png,369,262,3,9,0,Collected via Nexus Mods API.
2026-07-09,nexus,17362,TGG Cloth-DVA bodysuit,https://www.nexusmods.com/starfield/mods/17362,https://staticdelivery.nexusmods.com/mods/4187/images/17362/17362-1780583435-1843506797.png,548,428,6,28,0,Collected via Nexus Mods API.
2026-07-09,nexus,17387,Cassilia's Old Constellation Uniform,https://www.nexusmods.com/starfield/mods/17387,https://staticdelivery.nexusmods.com/mods/4187/images/17387/17387-1780911831-1036925630.png,2893,2090,31,126,0,Collected via Nexus Mods API.
2026-07-09,nexus,17461,CASSILIAs POWER FIST,https://www.nexusmods.com/starfield/mods/17461,https://staticdelivery.nexusmods.com/mods/4187/images/17461/17461-1781423403-782378004.png,555,456,50,19,0,Collected via Nexus Mods API.
2026-07-09,nexus,17479,CPF-UC VANGUARD POWER FIST MK2,https://www.nexusmods.com/starfield/mods/17479,https://staticdelivery.nexusmods.com/mods/4187/images/17479/17479-1781621856-615818030.png,166,153,3,6,0,Collected via Nexus Mods API.
2026-07-09,nexus,17489,CPF-STARBORN POWER FIST UNITY,https://www.nexusmods.com/starfield/mods/17489,https://staticdelivery.nexusmods.com/mods/4187/images/17489/17489-1781703543-86285545.png,205,198,5,9,0,Collected via Nexus Mods API.
2026-07-09,nexus,17500,CPF-STARBORN  POWER FIST OMEGA,https://www.nexusmods.com/starfield/mods/17500,https://staticdelivery.nexusmods.com/mods/4187/images/17500/17500-1781842553-1785018540.png,201,178,4,8,0,Collected via Nexus Mods API.
2026-07-09,nexus,17501,CPF-CRIMSON FLEET POWER FIST HELLHOUND,https://www.nexusmods.com/starfield/mods/17501,https://staticdelivery.nexusmods.com/mods/4187/images/17501/17501-1781854590-1310759891.png,126,117,2,4,0,Collected via Nexus Mods API.
2026-07-09,nexus,17521,CASSILIAs Trainning Dummy,https://www.nexusmods.com/starfield/mods/17521,https://staticdelivery.nexusmods.com/mods/4187/images/17521/17521-1782131371-2132304027.png,33,30,0,2,0,Collected via Nexus Mods API.
2026-07-09,nexus,17575,Realistic Helmet 1st Person Vision,https://www.nexusmods.com/starfield/mods/17575,https://staticdelivery.nexusmods.com/mods/4187/images/17575/17575-1782455739-853488750.png,815,464,14,17,0,Collected via Nexus Mods API.
2026-07-09,nexus,17625,TGG Texture Forge - Starfield DDS Converter,https://www.nexusmods.com/starfield/mods/17625,https://staticdelivery.nexusmods.com/mods/4187/images/17625/17625-1783086268-2069741715.png,55,43,0,5,0,Collected via Nexus Mods API.
2026-07-09,nexus,17632,CPF-RYUJIN DEATH CLAW,https://www.nexusmods.com/starfield/mods/17632,https://staticdelivery.nexusmods.com/mods/4187/images/17632/17632-1783125559-925033020.png,96,88,6,4,0,Collected via Nexus Mods API.
2026-07-10,nexus,17070,TGGs Sexy Black Lingerie,https://www.nexusmods.com/starfield/mods/17070,https://staticdelivery.nexusmods.com/mods/4187/images/17070/17070-1778687683-1944088645.png,471,421,1,28,0,Collected via Nexus Mods API.
2026-07-10,nexus,17126,THE TERMINUS,https://www.nexusmods.com/starfield/mods/17126,https://staticdelivery.nexusmods.com/mods/4187/images/17126/17126-1779071888-668213181.png,1475,759,1,32,0,Collected via Nexus Mods API.
2026-07-10,nexus,17251,Nebula Protocol Suit,https://www.nexusmods.com/starfield/mods/17251,https://staticdelivery.nexusmods.com/mods/4187/images/17251/17251-1779804128-1212319096.png,451,404,4,20,0,Collected via Nexus Mods API.
2026-07-10,nexus,17285,CASSILIAs SOUL,https://www.nexusmods.com/starfield/mods/17285,https://staticdelivery.nexusmods.com/mods/4187/images/17285/17285-1780066726-1556236471.png,369,262,0,10,0,Collected via Nexus Mods API.
2026-07-10,nexus,17362,TGG Cloth-DVA bodysuit,https://www.nexusmods.com/starfield/mods/17362,https://staticdelivery.nexusmods.com/mods/4187/images/17362/17362-1780583435-1843506797.png,556,435,8,28,0,Collected via Nexus Mods API.
2026-07-10,nexus,17387,Cassilia's Old Constellation Uniform,https://www.nexusmods.com/starfield/mods/17387,https://staticdelivery.nexusmods.com/mods/4187/images/17387/17387-1780911831-1036925630.png,2908,2099,15,126,0,Collected via Nexus Mods API.
2026-07-10,nexus,17461,CASSILIAs POWER FIST,https://www.nexusmods.com/starfield/mods/17461,https://staticdelivery.nexusmods.com/mods/4187/images/17461/17461-1781423403-782378004.png,583,462,28,20,0,Collected via Nexus Mods API.
2026-07-10,nexus,17479,CPF-UC VANGUARD POWER FIST MK2,https://www.nexusmods.com/starfield/mods/17479,https://staticdelivery.nexusmods.com/mods/4187/images/17479/17479-1781621856-615818030.png,168,155,2,6,0,Collected via Nexus Mods API.
2026-07-10,nexus,17489,CPF-STARBORN POWER FIST UNITY,https://www.nexusmods.com/starfield/mods/17489,https://staticdelivery.nexusmods.com/mods/4187/images/17489/17489-1781703543-86285545.png,207,200,2,9,0,Collected via Nexus Mods API.
2026-07-10,nexus,17500,CPF-STARBORN  POWER FIST OMEGA,https://www.nexusmods.com/starfield/mods/17500,https://staticdelivery.nexusmods.com/mods/4187/images/17500/17500-1781842553-1785018540.png,201,178,0,8,0,Collected via Nexus Mods API.
2026-07-10,nexus,17501,CPF-CRIMSON FLEET POWER FIST HELLHOUND,https://www.nexusmods.com/starfield/mods/17501,https://staticdelivery.nexusmods.com/mods/4187/images/17501/17501-1781854590-1310759891.png,127,118,1,4,0,Collected via Nexus Mods API.
2026-07-10,nexus,17521,CASSILIAs Trainning Dummy,https://www.nexusmods.com/starfield/mods/17521,https://staticdelivery.nexusmods.com/mods/4187/images/17521/17521-1782131371-2132304027.png,33,30,0,2,0,Collected via Nexus Mods API.
2026-07-10,nexus,17575,Realistic Helmet 1st Person Vision,https://www.nexusmods.com/starfield/mods/17575,https://staticdelivery.nexusmods.com/mods/4187/images/17575/17575-1782455739-853488750.png,832,472,17,17,0,Collected via Nexus Mods API.
2026-07-10,nexus,17625,TGG Texture Forge - Starfield DDS Converter,https://www.nexusmods.com/starfield/mods/17625,https://staticdelivery.nexusmods.com/mods/4187/images/17625/17625-1783086268-2069741715.png,55,43,0,5,0,Collected via Nexus Mods API.
2026-07-10,nexus,17632,CPF-RYUJIN DEATH CLAW,https://www.nexusmods.com/starfield/mods/17632,https://staticdelivery.nexusmods.com/mods/4187/images/17632/17632-1783125559-925033020.png,98,90,2,4,0,Collected via Nexus Mods API.
2026-07-11,nexus,17070,TGGs Sexy Black Lingerie,https://www.nexusmods.com/starfield/mods/17070,https://staticdelivery.nexusmods.com/mods/4187/images/17070/17070-1778687683-1944088645.png,474,424,3,29,0,Collected via Nexus Mods API.
2026-07-11,nexus,17126,THE TERMINUS,https://www.nexusmods.com/starfield/mods/17126,https://staticdelivery.nexusmods.com/mods/4187/images/17126/17126-1779071888-668213181.png,1480,762,5,32,0,Collected via Nexus Mods API.
2026-07-11,nexus,17251,Nebula Protocol Suit,https://www.nexusmods.com/starfield/mods/17251,https://staticdelivery.nexusmods.com/mods/4187/images/17251/17251-1779804128-1212319096.png,457,408,6,20,0,Collected via Nexus Mods API.
2026-07-11,nexus,17285,CASSILIAs SOUL,https://www.nexusmods.com/starfield/mods/17285,https://staticdelivery.nexusmods.com/mods/4187/images/17285/17285-1780066726-1556236471.png,373,265,4,10,0,Collected via Nexus Mods API.
2026-07-11,nexus,17362,TGG Cloth-DVA bodysuit,https://www.nexusmods.com/starfield/mods/17362,https://staticdelivery.nexusmods.com/mods/4187/images/17362/17362-1780583435-1843506797.png,560,437,4,28,0,Collected via Nexus Mods API.
2026-07-11,nexus,17387,Cassilia's Old Constellation Uniform,https://www.nexusmods.com/starfield/mods/17387,https://staticdelivery.nexusmods.com/mods/4187/images/17387/17387-1780911831-1036925630.png,2930,2114,22,126,0,Collected via Nexus Mods API.
2026-07-11,nexus,17461,CASSILIAs POWER FIST,https://www.nexusmods.com/starfield/mods/17461,https://staticdelivery.nexusmods.com/mods/4187/images/17461/17461-1781423403-782378004.png,606,468,23,21,0,Collected via Nexus Mods API.
2026-07-11,nexus,17479,CPF-UC VANGUARD POWER FIST MK2,https://www.nexusmods.com/starfield/mods/17479,https://staticdelivery.nexusmods.com/mods/4187/images/17479/17479-1781621856-615818030.png,169,156,1,7,0,Collected via Nexus Mods API.
2026-07-11,nexus,17489,CPF-STARBORN POWER FIST UNITY,https://www.nexusmods.com/starfield/mods/17489,https://staticdelivery.nexusmods.com/mods/4187/images/17489/17489-1781703543-86285545.png,208,201,1,10,0,Collected via Nexus Mods API.
2026-07-11,nexus,17500,CPF-STARBORN  POWER FIST OMEGA,https://www.nexusmods.com/starfield/mods/17500,https://staticdelivery.nexusmods.com/mods/4187/images/17500/17500-1781842553-1785018540.png,203,180,2,9,0,Collected via Nexus Mods API.
2026-07-11,nexus,17501,CPF-CRIMSON FLEET POWER FIST HELLHOUND,https://www.nexusmods.com/starfield/mods/17501,https://staticdelivery.nexusmods.com/mods/4187/images/17501/17501-1781854590-1310759891.png,128,119,1,5,0,Collected via Nexus Mods API.
2026-07-11,nexus,17521,CASSILIAs Trainning Dummy,https://www.nexusmods.com/starfield/mods/17521,https://staticdelivery.nexusmods.com/mods/4187/images/17521/17521-1782131371-2132304027.png,33,30,0,2,0,Collected via Nexus Mods API.
2026-07-11,nexus,17575,Realistic Helmet 1st Person Vision,https://www.nexusmods.com/starfield/mods/17575,https://staticdelivery.nexusmods.com/mods/4187/images/17575/17575-1782455739-853488750.png,854,482,22,18,0,Collected via Nexus Mods API.
2026-07-11,nexus,17625,TGG Texture Forge - Starfield DDS Converter,https://www.nexusmods.com/starfield/mods/17625,https://staticdelivery.nexusmods.com/mods/4187/images/17625/17625-1783086268-2069741715.png,55,43,0,5,0,Collected via Nexus Mods API.
2026-07-11,nexus,17632,CPF-RYUJIN DEATH CLAW,https://www.nexusmods.com/starfield/mods/17632,https://staticdelivery.nexusmods.com/mods/4187/images/17632/17632-1783125559-925033020.png,103,95,5,5,0,Collected via Nexus Mods API.
2026-07-12,nexus,17070,TGGs Sexy Black Lingerie,https://www.nexusmods.com/starfield/mods/17070,https://staticdelivery.nexusmods.com/mods/4187/images/17070/17070-1778687683-1944088645.png,476,426,2,30,0,Collected via Nexus Mods API.
2026-07-12,nexus,17126,THE TERMINUS,https://www.nexusmods.com/starfield/mods/17126,https://staticdelivery.nexusmods.com/mods/4187/images/17126/17126-1779071888-668213181.png,1488,766,8,32,0,Collected via Nexus Mods API.
2026-07-12,nexus,17251,Nebula Protocol Suit,https://www.nexusmods.com/starfield/mods/17251,https://staticdelivery.nexusmods.com/mods/4187/images/17251/17251-1779804128-1212319096.png,462,412,5,21,0,Collected via Nexus Mods API.
2026-07-12,nexus,17285,CASSILIAs SOUL,https://www.nexusmods.com/starfield/mods/17285,https://staticdelivery.nexusmods.com/mods/4187/images/17285/17285-1780066726-1556236471.png,375,267,2,10,0,Collected via Nexus Mods API.
2026-07-12,nexus,17362,TGG Cloth-DVA bodysuit,https://www.nexusmods.com/starfield/mods/17362,https://staticdelivery.nexusmods.com/mods/4187/images/17362/17362-1780583435-1843506797.png,566,443,6,29,0,Collected via Nexus Mods API.
2026-07-12,nexus,17387,Cassilia's Old Constellation Uniform,https://www.nexusmods.com/starfield/mods/17387,https://staticdelivery.nexusmods.com/mods/4187/images/17387/17387-1780911831-1036925630.png,2954,2132,24,126,0,Collected via Nexus Mods API.
2026-07-12,nexus,17461,CASSILIAs POWER FIST,https://www.nexusmods.com/starfield/mods/17461,https://staticdelivery.nexusmods.com/mods/4187/images/17461/17461-1781423403-782378004.png,618,475,12,21,0,Collected via Nexus Mods API.
2026-07-12,nexus,17479,CPF-UC VANGUARD POWER FIST MK2,https://www.nexusmods.com/starfield/mods/17479,https://staticdelivery.nexusmods.com/mods/4187/images/17479/17479-1781621856-615818030.png,171,158,2,7,0,Collected via Nexus Mods API.
2026-07-12,nexus,17489,CPF-STARBORN POWER FIST UNITY,https://www.nexusmods.com/starfield/mods/17489,https://staticdelivery.nexusmods.com/mods/4187/images/17489/17489-1781703543-86285545.png,210,203,2,10,0,Collected via Nexus Mods API.
2026-07-12,nexus,17500,CPF-STARBORN  POWER FIST OMEGA,https://www.nexusmods.com/starfield/mods/17500,https://staticdelivery.nexusmods.com/mods/4187/images/17500/17500-1781842553-1785018540.png,206,182,3,9,0,Collected via Nexus Mods API.
2026-07-12,nexus,17501,CPF-CRIMSON FLEET POWER FIST HELLHOUND,https://www.nexusmods.com/starfield/mods/17501,https://staticdelivery.nexusmods.com/mods/4187/images/17501/17501-1781854590-1310759891.png,132,123,4,5,0,Collected via Nexus Mods API.
2026-07-12,nexus,17521,CASSILIAs Trainning Dummy,https://www.nexusmods.com/starfield/mods/17521,https://staticdelivery.nexusmods.com/mods/4187/images/17521/17521-1782131371-2132304027.png,33,30,0,2,0,Collected via Nexus Mods API.
2026-07-12,nexus,17575,Realistic Helmet 1st Person Vision,https://www.nexusmods.com/starfield/mods/17575,https://staticdelivery.nexusmods.com/mods/4187/images/17575/17575-1782455739-853488750.png,875,494,21,19,0,Collected via Nexus Mods API.
2026-07-12,nexus,17625,TGG Texture Forge - Starfield DDS Converter,https://www.nexusmods.com/starfield/mods/17625,https://staticdelivery.nexusmods.com/mods/4187/images/17625/17625-1783086268-2069741715.png,55,43,0,5,0,Collected via Nexus Mods API.
2026-07-12,nexus,17632,CPF-RYUJIN DEATH CLAW,https://www.nexusmods.com/starfield/mods/17632,https://staticdelivery.nexusmods.com/mods/4187/images/17632/17632-1783125559-925033020.png,107,99,4,5,0,Collected via Nexus Mods API.
2026-07-13,nexus,17070,TGGs Sexy Black Lingerie,https://www.nexusmods.com/starfield/mods/17070,https://staticdelivery.nexusmods.com/mods/4187/images/17070/17070-1778687683-1944088645.png,479,429,3,30,0,Collected via Nexus Mods API.
2026-07-13,nexus,17126,THE TERMINUS,https://www.nexusmods.com/starfield/mods/17126,https://staticdelivery.nexusmods.com/mods/4187/images/17126/17126-1779071888-668213181.png,1491,768,3,32,0,Collected via Nexus Mods API.
2026-07-13,nexus,17251,Nebula Protocol Suit,https://www.nexusmods.com/starfield/mods/17251,https://staticdelivery.nexusmods.com/mods/4187/images/17251/17251-1779804128-1212319096.png,469,419,7,22,0,Collected via Nexus Mods API.
2026-07-13,nexus,17285,CASSILIAs SOUL,https://www.nexusmods.com/starfield/mods/17285,https://staticdelivery.nexusmods.com/mods/4187/images/17285/17285-1780066726-1556236471.png,375,267,0,10,0,Collected via Nexus Mods API.
2026-07-13,nexus,17362,TGG Cloth-DVA bodysuit,https://www.nexusmods.com/starfield/mods/17362,https://staticdelivery.nexusmods.com/mods/4187/images/17362/17362-1780583435-1843506797.png,572,448,6,29,0,Collected via Nexus Mods API.
2026-07-13,nexus,17387,Cassilia's Old Constellation Uniform,https://www.nexusmods.com/starfield/mods/17387,https://staticdelivery.nexusmods.com/mods/4187/images/17387/17387-1780911831-1036925630.png,2973,2145,19,127,0,Collected via Nexus Mods API.
2026-07-13,nexus,17461,CASSILIAs POWER FIST,https://www.nexusmods.com/starfield/mods/17461,https://staticdelivery.nexusmods.com/mods/4187/images/17461/17461-1781423403-782378004.png,626,479,8,21,0,Collected via Nexus Mods API.
2026-07-13,nexus,17479,CPF-UC VANGUARD POWER FIST MK2,https://www.nexusmods.com/starfield/mods/17479,https://staticdelivery.nexusmods.com/mods/4187/images/17479/17479-1781621856-615818030.png,172,159,1,7,0,Collected via Nexus Mods API.
2026-07-13,nexus,17489,CPF-STARBORN POWER FIST UNITY,https://www.nexusmods.com/starfield/mods/17489,https://staticdelivery.nexusmods.com/mods/4187/images/17489/17489-1781703543-86285545.png,211,204,1,10,0,Collected via Nexus Mods API.
2026-07-13,nexus,17500,CPF-STARBORN  POWER FIST OMEGA,https://www.nexusmods.com/starfield/mods/17500,https://staticdelivery.nexusmods.com/mods/4187/images/17500/17500-1781842553-1785018540.png,209,185,3,9,0,Collected via Nexus Mods API.
2026-07-13,nexus,17501,CPF-CRIMSON FLEET POWER FIST HELLHOUND,https://www.nexusmods.com/starfield/mods/17501,https://staticdelivery.nexusmods.com/mods/4187/images/17501/17501-1781854590-1310759891.png,132,123,0,5,0,Collected via Nexus Mods API.
2026-07-13,nexus,17521,CASSILIAs Trainning Dummy,https://www.nexusmods.com/starfield/mods/17521,https://staticdelivery.nexusmods.com/mods/4187/images/17521/17521-1782131371-2132304027.png,33,30,0,2,0,Collected via Nexus Mods API.
2026-07-13,nexus,17575,Realistic Helmet 1st Person Vision,https://www.nexusmods.com/starfield/mods/17575,https://staticdelivery.nexusmods.com/mods/4187/images/17575/17575-1782455739-853488750.png,886,499,11,19,0,Collected via Nexus Mods API.
2026-07-13,nexus,17625,TGG Texture Forge - Starfield DDS Converter,https://www.nexusmods.com/starfield/mods/17625,https://staticdelivery.nexusmods.com/mods/4187/images/17625/17625-1783086268-2069741715.png,55,43,0,5,0,Collected via Nexus Mods API.
2026-07-13,nexus,17632,CPF-RYUJIN DEATH CLAW,https://www.nexusmods.com/starfield/mods/17632,https://staticdelivery.nexusmods.com/mods/4187/images/17632/17632-1783125559-925033020.png,108,100,1,5,0,Collected via Nexus Mods API.
2026-07-14,nexus,17070,TGGs Sexy Black Lingerie,https://www.nexusmods.com/starfield/mods/17070,https://staticdelivery.nexusmods.com/mods/4187/images/17070/17070-1778687683-1944088645.png,480,430,1,30,0,Collected via Nexus Mods API.
2026-07-14,nexus,17126,THE TERMINUS,https://www.nexusmods.com/starfield/mods/17126,https://staticdelivery.nexusmods.com/mods/4187/images/17126/17126-1779071888-668213181.png,1495,770,4,32,0,Collected via Nexus Mods API.
2026-07-14,nexus,17251,Nebula Protocol Suit,https://www.nexusmods.com/starfield/mods/17251,https://staticdelivery.nexusmods.com/mods/4187/images/17251/17251-1779804128-1212319096.png,475,424,6,22,0,Collected via Nexus Mods API.
2026-07-14,nexus,17285,CASSILIAs SOUL,https://www.nexusmods.com/starfield/mods/17285,https://staticdelivery.nexusmods.com/mods/4187/images/17285/17285-1780066726-1556236471.png,376,268,1,10,0,Collected via Nexus Mods API.
2026-07-14,nexus,17362,TGG Cloth-DVA bodysuit,https://www.nexusmods.com/starfield/mods/17362,https://staticdelivery.nexusmods.com/mods/4187/images/17362/17362-1780583435-1843506797.png,574,450,2,30,0,Collected via Nexus Mods API.
2026-07-14,nexus,17387,Cassilia's Old Constellation Uniform,https://www.nexusmods.com/starfield/mods/17387,https://staticdelivery.nexusmods.com/mods/4187/images/17387/17387-1780911831-1036925630.png,2985,2153,12,130,0,Collected via Nexus Mods API.
2026-07-14,nexus,17461,CASSILIAs POWER FIST,https://www.nexusmods.com/starfield/mods/17461,https://staticdelivery.nexusmods.com/mods/4187/images/17461/17461-1781423403-782378004.png,640,484,14,21,0,Collected via Nexus Mods API.
2026-07-14,nexus,17479,CPF-UC VANGUARD POWER FIST MK2,https://www.nexusmods.com/starfield/mods/17479,https://staticdelivery.nexusmods.com/mods/4187/images/17479/17479-1781621856-615818030.png,173,160,1,7,0,Collected via Nexus Mods API.
2026-07-14,nexus,17489,CPF-STARBORN POWER FIST UNITY,https://www.nexusmods.com/starfield/mods/17489,https://staticdelivery.nexusmods.com/mods/4187/images/17489/17489-1781703543-86285545.png,213,205,2,10,0,Collected via Nexus Mods API.
2026-07-14,nexus,17500,CPF-STARBORN  POWER FIST OMEGA,https://www.nexusmods.com/starfield/mods/17500,https://staticdelivery.nexusmods.com/mods/4187/images/17500/17500-1781842553-1785018540.png,210,186,1,9,0,Collected via Nexus Mods API.
2026-07-14,nexus,17501,CPF-CRIMSON FLEET POWER FIST HELLHOUND,https://www.nexusmods.com/starfield/mods/17501,https://staticdelivery.nexusmods.com/mods/4187/images/17501/17501-1781854590-1310759891.png,133,124,1,5,0,Collected via Nexus Mods API.
2026-07-14,nexus,17521,CASSILIAs Trainning Dummy,https://www.nexusmods.com/starfield/mods/17521,https://staticdelivery.nexusmods.com/mods/4187/images/17521/17521-1782131371-2132304027.png,34,31,1,2,0,Collected via Nexus Mods API.
2026-07-14,nexus,17575,Realistic Helmet 1st Person Vision,https://www.nexusmods.com/starfield/mods/17575,https://staticdelivery.nexusmods.com/mods/4187/images/17575/17575-1782455739-853488750.png,895,501,9,21,0,Collected via Nexus Mods API.
2026-07-14,nexus,17625,TGG Texture Forge - Starfield DDS Converter,https://www.nexusmods.com/starfield/mods/17625,https://staticdelivery.nexusmods.com/mods/4187/images/17625/17625-1783086268-2069741715.png,56,44,1,5,0,Collected via Nexus Mods API.
2026-07-14,nexus,17632,CPF-RYUJIN DEATH CLAW,https://www.nexusmods.com/starfield/mods/17632,https://staticdelivery.nexusmods.com/mods/4187/images/17632/17632-1783125559-925033020.png,113,104,5,5,0,Collected via Nexus Mods API.
2026-07-15,nexus,17070,TGGs Sexy Black Lingerie,https://www.nexusmods.com/starfield/mods/17070,https://staticdelivery.nexusmods.com/mods/4187/images/17070/17070-1778687683-1944088645.png,482,430,2,30,0,Collected via Nexus Mods API.
2026-07-15,nexus,17126,THE TERMINUS,https://www.nexusmods.com/starfield/mods/17126,https://staticdelivery.nexusmods.com/mods/4187/images/17126/17126-1779071888-668213181.png,1499,772,4,32,0,Collected via Nexus Mods API.
2026-07-15,nexus,17251,Nebula Protocol Suit,https://www.nexusmods.com/starfield/mods/17251,https://staticdelivery.nexusmods.com/mods/4187/images/17251/17251-1779804128-1212319096.png,477,425,2,22,0,Collected via Nexus Mods API.
2026-07-15,nexus,17285,CASSILIAs SOUL,https://www.nexusmods.com/starfield/mods/17285,https://staticdelivery.nexusmods.com/mods/4187/images/17285/17285-1780066726-1556236471.png,378,270,2,10,0,Collected via Nexus Mods API.
2026-07-15,nexus,17362,TGG Cloth-DVA bodysuit,https://www.nexusmods.com/starfield/mods/17362,https://staticdelivery.nexusmods.com/mods/4187/images/17362/17362-1780583435-1843506797.png,580,456,6,30,0,Collected via Nexus Mods API.
2026-07-15,nexus,17387,Cassilia's Old Constellation Uniform,https://www.nexusmods.com/starfield/mods/17387,https://staticdelivery.nexusmods.com/mods/4187/images/17387/17387-1780911831-1036925630.png,3002,2166,17,131,0,Collected via Nexus Mods API.
2026-07-15,nexus,17461,CASSILIAs POWER FIST,https://www.nexusmods.com/starfield/mods/17461,https://staticdelivery.nexusmods.com/mods/4187/images/17461/17461-1781423403-782378004.png,655,493,15,21,0,Collected via Nexus Mods API.
2026-07-15,nexus,17479,CPF-UC VANGUARD POWER FIST MK2,https://www.nexusmods.com/starfield/mods/17479,https://staticdelivery.nexusmods.com/mods/4187/images/17479/17479-1781621856-615818030.png,175,162,2,7,0,Collected via Nexus Mods API.
2026-07-15,nexus,17489,CPF-STARBORN POWER FIST UNITY,https://www.nexusmods.com/starfield/mods/17489,https://staticdelivery.nexusmods.com/mods/4187/images/17489/17489-1781703543-86285545.png,217,209,4,10,0,Collected via Nexus Mods API.
2026-07-15,nexus,17500,CPF-STARBORN  POWER FIST OMEGA,https://www.nexusmods.com/starfield/mods/17500,https://staticdelivery.nexusmods.com/mods/4187/images/17500/17500-1781842553-1785018540.png,215,190,5,9,0,Collected via Nexus Mods API.
2026-07-15,nexus,17501,CPF-CRIMSON FLEET POWER FIST HELLHOUND,https://www.nexusmods.com/starfield/mods/17501,https://staticdelivery.nexusmods.com/mods/4187/images/17501/17501-1781854590-1310759891.png,136,127,3,5,0,Collected via Nexus Mods API.
2026-07-15,nexus,17521,CASSILIAs Trainning Dummy,https://www.nexusmods.com/starfield/mods/17521,https://staticdelivery.nexusmods.com/mods/4187/images/17521/17521-1782131371-2132304027.png,36,33,2,2,0,Collected via Nexus Mods API.
2026-07-15,nexus,17575,Realistic Helmet 1st Person Vision,https://www.nexusmods.com/starfield/mods/17575,https://staticdelivery.nexusmods.com/mods/4187/images/17575/17575-1782455739-853488750.png,907,507,12,22,0,Collected via Nexus Mods API.
2026-07-15,nexus,17625,TGG Texture Forge - Starfield DDS Converter,https://www.nexusmods.com/starfield/mods/17625,https://staticdelivery.nexusmods.com/mods/4187/images/17625/17625-1783086268-2069741715.png,57,45,1,5,0,Collected via Nexus Mods API.
2026-07-15,nexus,17632,CPF-RYUJIN DEATH CLAW,https://www.nexusmods.com/starfield/mods/17632,https://staticdelivery.nexusmods.com/mods/4187/images/17632/17632-1783125559-925033020.png,118,109,5,5,0,Collected via Nexus Mods API.
2026-07-16,nexus,17070,TGGs Sexy Black Lingerie,https://www.nexusmods.com/starfield/mods/17070,https://staticdelivery.nexusmods.com/mods/4187/images/17070/17070-1778687683-1944088645.png,483,431,1,30,0,Collected via Nexus Mods API.
2026-07-16,nexus,17126,THE TERMINUS,https://www.nexusmods.com/starfield/mods/17126,https://staticdelivery.nexusmods.com/mods/4187/images/17126/17126-1779071888-668213181.png,1499,772,0,32,0,Collected via Nexus Mods API.
2026-07-16,nexus,17251,Nebula Protocol Suit,https://www.nexusmods.com/starfield/mods/17251,https://staticdelivery.nexusmods.com/mods/4187/images/17251/17251-1779804128-1212319096.png,480,427,3,22,0,Collected via Nexus Mods API.
2026-07-16,nexus,17285,CASSILIAs SOUL,https://www.nexusmods.com/starfield/mods/17285,https://staticdelivery.nexusmods.com/mods/4187/images/17285/17285-1780066726-1556236471.png,378,270,0,10,0,Collected via Nexus Mods API.
2026-07-16,nexus,17362,TGG Cloth-DVA bodysuit,https://www.nexusmods.com/starfield/mods/17362,https://staticdelivery.nexusmods.com/mods/4187/images/17362/17362-1780583435-1843506797.png,583,458,3,30,0,Collected via Nexus Mods API.
2026-07-16,nexus,17387,Cassilia's Old Constellation Uniform,https://www.nexusmods.com/starfield/mods/17387,https://staticdelivery.nexusmods.com/mods/4187/images/17387/17387-1780911831-1036925630.png,3020,2178,18,132,0,Collected via Nexus Mods API.
2026-07-16,nexus,17461,CASSILIAs POWER FIST,https://www.nexusmods.com/starfield/mods/17461,https://staticdelivery.nexusmods.com/mods/4187/images/17461/17461-1781423403-782378004.png,666,501,11,22,0,Collected via Nexus Mods API.
2026-07-16,nexus,17479,CPF-UC VANGUARD POWER FIST MK2,https://www.nexusmods.com/starfield/mods/17479,https://staticdelivery.nexusmods.com/mods/4187/images/17479/17479-1781621856-615818030.png,176,163,1,8,0,Collected via Nexus Mods API.
2026-07-16,nexus,17489,CPF-STARBORN POWER FIST UNITY,https://www.nexusmods.com/starfield/mods/17489,https://staticdelivery.nexusmods.com/mods/4187/images/17489/17489-1781703543-86285545.png,220,212,3,10,0,Collected via Nexus Mods API.
2026-07-16,nexus,17500,CPF-STARBORN  POWER FIST OMEGA,https://www.nexusmods.com/starfield/mods/17500,https://staticdelivery.nexusmods.com/mods/4187/images/17500/17500-1781842553-1785018540.png,217,192,2,10,0,Collected via Nexus Mods API.
2026-07-16,nexus,17501,CPF-CRIMSON FLEET POWER FIST HELLHOUND,https://www.nexusmods.com/starfield/mods/17501,https://staticdelivery.nexusmods.com/mods/4187/images/17501/17501-1781854590-1310759891.png,136,127,0,5,0,Collected via Nexus Mods API.
2026-07-16,nexus,17521,CASSILIAs Trainning Dummy,https://www.nexusmods.com/starfield/mods/17521,https://staticdelivery.nexusmods.com/mods/4187/images/17521/17521-1782131371-2132304027.png,36,33,0,2,0,Collected via Nexus Mods API.
2026-07-16,nexus,17575,Realistic Helmet 1st Person Vision,https://www.nexusmods.com/starfield/mods/17575,https://staticdelivery.nexusmods.com/mods/4187/images/17575/17575-1782455739-853488750.png,925,517,18,23,0,Collected via Nexus Mods API.
2026-07-16,nexus,17625,TGG Texture Forge - Starfield DDS Converter,https://www.nexusmods.com/starfield/mods/17625,https://staticdelivery.nexusmods.com/mods/4187/images/17625/17625-1783086268-2069741715.png,57,45,0,5,0,Collected via Nexus Mods API.
2026-07-16,nexus,17632,CPF-RYUJIN DEATH CLAW,https://www.nexusmods.com/starfield/mods/17632,https://staticdelivery.nexusmods.com/mods/4187/images/17632/17632-1783125559-925033020.png,118,109,0,6,0,Collected via Nexus Mods API.
2026-07-17,nexus,17070,TGGs Sexy Black Lingerie,https://www.nexusmods.com/starfield/mods/17070,https://staticdelivery.nexusmods.com/mods/4187/images/17070/17070-1778687683-1944088645.png,485,433,2,30,0,Collected via Nexus Mods API.
2026-07-17,nexus,17126,THE TERMINUS,https://www.nexusmods.com/starfield/mods/17126,https://staticdelivery.nexusmods.com/mods/4187/images/17126/17126-1779071888-668213181.png,1504,775,5,32,0,Collected via Nexus Mods API.
2026-07-17,nexus,17251,Nebula Protocol Suit,https://www.nexusmods.com/starfield/mods/17251,https://staticdelivery.nexusmods.com/mods/4187/images/17251/17251-1779804128-1212319096.png,486,431,6,22,0,Collected via Nexus Mods API.
2026-07-17,nexus,17285,CASSILIAs SOUL,https://www.nexusmods.com/starfield/mods/17285,https://staticdelivery.nexusmods.com/mods/4187/images/17285/17285-1780066726-1556236471.png,381,272,3,10,0,Collected via Nexus Mods API.
2026-07-17,nexus,17362,TGG Cloth-DVA bodysuit,https://www.nexusmods.com/starfield/mods/17362,https://staticdelivery.nexusmods.com/mods/4187/images/17362/17362-1780583435-1843506797.png,620,469,37,33,0,Collected via Nexus Mods API.
2026-07-17,nexus,17387,Cassilia's Old Constellation Uniform,https://www.nexusmods.com/starfield/mods/17387,https://staticdelivery.nexusmods.com/mods/4187/images/17387/17387-1780911831-1036925630.png,3040,2191,20,133,0,Collected via Nexus Mods API.
2026-07-17,nexus,17461,CASSILIAs POWER FIST,https://www.nexusmods.com/starfield/mods/17461,https://staticdelivery.nexusmods.com/mods/4187/images/17461/17461-1781423403-782378004.png,674,503,8,22,0,Collected via Nexus Mods API.
2026-07-17,nexus,17479,CPF-UC VANGUARD POWER FIST MK2,https://www.nexusmods.com/starfield/mods/17479,https://staticdelivery.nexusmods.com/mods/4187/images/17479/17479-1781621856-615818030.png,179,166,3,8,0,Collected via Nexus Mods API.
2026-07-17,nexus,17489,CPF-STARBORN POWER FIST UNITY,https://www.nexusmods.com/starfield/mods/17489,https://staticdelivery.nexusmods.com/mods/4187/images/17489/17489-1781703543-86285545.png,221,213,1,10,0,Collected via Nexus Mods API.
2026-07-17,nexus,17500,CPF-STARBORN  POWER FIST OMEGA,https://www.nexusmods.com/starfield/mods/17500,https://staticdelivery.nexusmods.com/mods/4187/images/17500/17500-1781842553-1785018540.png,218,193,1,10,0,Collected via Nexus Mods API.
2026-07-17,nexus,17501,CPF-CRIMSON FLEET POWER FIST HELLHOUND,https://www.nexusmods.com/starfield/mods/17501,https://staticdelivery.nexusmods.com/mods/4187/images/17501/17501-1781854590-1310759891.png,137,128,1,5,0,Collected via Nexus Mods API.
2026-07-17,nexus,17521,CASSILIAs Trainning Dummy,https://www.nexusmods.com/starfield/mods/17521,https://staticdelivery.nexusmods.com/mods/4187/images/17521/17521-1782131371-2132304027.png,36,33,0,2,0,Collected via Nexus Mods API.
2026-07-17,nexus,17575,Realistic Helmet 1st Person Vision,https://www.nexusmods.com/starfield/mods/17575,https://staticdelivery.nexusmods.com/mods/4187/images/17575/17575-1782455739-853488750.png,938,523,13,23,0,Collected via Nexus Mods API.
2026-07-17,nexus,17625,TGG Texture Forge - Starfield DDS Converter,https://www.nexusmods.com/starfield/mods/17625,https://staticdelivery.nexusmods.com/mods/4187/images/17625/17625-1783086268-2069741715.png,57,45,0,5,0,Collected via Nexus Mods API.
2026-07-17,nexus,17632,CPF-RYUJIN DEATH CLAW,https://www.nexusmods.com/starfield/mods/17632,https://staticdelivery.nexusmods.com/mods/4187/images/17632/17632-1783125559-925033020.png,123,113,5,6,0,Collected via Nexus Mods API.
2026-07-18,nexus,17070,TGGs Sexy Black Lingerie,https://www.nexusmods.com/starfield/mods/17070,https://staticdelivery.nexusmods.com/mods/4187/images/17070/17070-1778687683-1944088645.png,489,435,4,30,0,Collected via Nexus Mods API.
2026-07-18,nexus,17126,THE TERMINUS,https://www.nexusmods.com/starfield/mods/17126,https://staticdelivery.nexusmods.com/mods/4187/images/17126/17126-1779071888-668213181.png,1509,779,5,33,0,Collected via Nexus Mods API.
2026-07-18,nexus,17251,Nebula Protocol Suit,https://www.nexusmods.com/starfield/mods/17251,https://staticdelivery.nexusmods.com/mods/4187/images/17251/17251-1779804128-1212319096.png,489,433,3,22,0,Collected via Nexus Mods API.
2026-07-18,nexus,17285,CASSILIAs SOUL,https://www.nexusmods.com/starfield/mods/17285,https://staticdelivery.nexusmods.com/mods/4187/images/17285/17285-1780066726-1556236471.png,384,274,3,10,0,Collected via Nexus Mods API.
2026-07-18,nexus,17362,TGG Cloth-DVA bodysuit,https://www.nexusmods.com/starfield/mods/17362,https://staticdelivery.nexusmods.com/mods/4187/images/17362/17362-1780583435-1843506797.png,634,474,14,33,0,Collected via Nexus Mods API.
2026-07-18,nexus,17387,Cassilia's Old Constellation Uniform,https://www.nexusmods.com/starfield/mods/17387,https://staticdelivery.nexusmods.com/mods/4187/images/17387/17387-1780911831-1036925630.png,3060,2202,20,135,0,Collected via Nexus Mods API.
2026-07-18,nexus,17461,CASSILIAs POWER FIST,https://www.nexusmods.com/starfield/mods/17461,https://staticdelivery.nexusmods.com/mods/4187/images/17461/17461-1781423403-782378004.png,681,507,7,22,0,Collected via Nexus Mods API.
2026-07-18,nexus,17479,CPF-UC VANGUARD POWER FIST MK2,https://www.nexusmods.com/starfield/mods/17479,https://staticdelivery.nexusmods.com/mods/4187/images/17479/17479-1781621856-615818030.png,180,166,1,8,0,Collected via Nexus Mods API.
2026-07-18,nexus,17489,CPF-STARBORN POWER FIST UNITY,https://www.nexusmods.com/starfield/mods/17489,https://staticdelivery.nexusmods.com/mods/4187/images/17489/17489-1781703543-86285545.png,223,215,2,10,0,Collected via Nexus Mods API.
2026-07-18,nexus,17500,CPF-STARBORN  POWER FIST OMEGA,https://www.nexusmods.com/starfield/mods/17500,https://staticdelivery.nexusmods.com/mods/4187/images/17500/17500-1781842553-1785018540.png,220,195,2,10,0,Collected via Nexus Mods API.
2026-07-18,nexus,17501,CPF-CRIMSON FLEET POWER FIST HELLHOUND,https://www.nexusmods.com/starfield/mods/17501,https://staticdelivery.nexusmods.com/mods/4187/images/17501/17501-1781854590-1310759891.png,139,130,2,5,0,Collected via Nexus Mods API.
2026-07-18,nexus,17521,CASSILIAs Trainning Dummy,https://www.nexusmods.com/starfield/mods/17521,https://staticdelivery.nexusmods.com/mods/4187/images/17521/17521-1782131371-2132304027.png,36,33,0,2,0,Collected via Nexus Mods API.
2026-07-18,nexus,17575,Realistic Helmet 1st Person Vision,https://www.nexusmods.com/starfield/mods/17575,https://staticdelivery.nexusmods.com/mods/4187/images/17575/17575-1782455739-853488750.png,953,532,15,23,0,Collected via Nexus Mods API.
2026-07-18,nexus,17625,TGG Texture Forge - Starfield DDS Converter,https://www.nexusmods.com/starfield/mods/17625,https://staticdelivery.nexusmods.com/mods/4187/images/17625/17625-1783086268-2069741715.png,58,46,1,5,0,Collected via Nexus Mods API.
2026-07-18,nexus,17632,CPF-RYUJIN DEATH CLAW,https://www.nexusmods.com/starfield/mods/17632,https://staticdelivery.nexusmods.com/mods/4187/images/17632/17632-1783125559-925033020.png,125,114,2,6,0,Collected via Nexus Mods API.
2026-07-19,nexus,17070,TGGs Sexy Black Lingerie,https://www.nexusmods.com/starfield/mods/17070,https://staticdelivery.nexusmods.com/mods/4187/images/17070/17070-1778687683-1944088645.png,521,443,32,30,0,Collected via Nexus Mods API.
2026-07-19,nexus,17126,THE TERMINUS,https://www.nexusmods.com/starfield/mods/17126,https://staticdelivery.nexusmods.com/mods/4187/images/17126/17126-1779071888-668213181.png,1517,787,8,33,0,Collected via Nexus Mods API.
2026-07-19,nexus,17251,Nebula Protocol Suit,https://www.nexusmods.com/starfield/mods/17251,https://staticdelivery.nexusmods.com/mods/4187/images/17251/17251-1779804128-1212319096.png,496,439,7,22,0,Collected via Nexus Mods API.
2026-07-19,nexus,17285,CASSILIAs SOUL,https://www.nexusmods.com/starfield/mods/17285,https://staticdelivery.nexusmods.com/mods/4187/images/17285/17285-1780066726-1556236471.png,390,279,6,10,0,Collected via Nexus Mods API.
2026-07-19,nexus,17362,TGG Cloth-DVA bodysuit,https://www.nexusmods.com/starfield/mods/17362,https://staticdelivery.nexusmods.com/mods/4187/images/17362/17362-1780583435-1843506797.png,660,481,26,34,0,Collected via Nexus Mods API.
2026-07-19,nexus,17387,Cassilia's Old Constellation Uniform,https://www.nexusmods.com/starfield/mods/17387,https://staticdelivery.nexusmods.com/mods/4187/images/17387/17387-1780911831-1036925630.png,3092,2223,32,137,0,Collected via Nexus Mods API.
2026-07-19,nexus,17461,CASSILIAs POWER FIST,https://www.nexusmods.com/starfield/mods/17461,https://staticdelivery.nexusmods.com/mods/4187/images/17461/17461-1781423403-782378004.png,697,519,16,23,0,Collected via Nexus Mods API.
2026-07-19,nexus,17479,CPF-UC VANGUARD POWER FIST MK2,https://www.nexusmods.com/starfield/mods/17479,https://staticdelivery.nexusmods.com/mods/4187/images/17479/17479-1781621856-615818030.png,183,169,3,8,0,Collected via Nexus Mods API.
2026-07-19,nexus,17489,CPF-STARBORN POWER FIST UNITY,https://www.nexusmods.com/starfield/mods/17489,https://staticdelivery.nexusmods.com/mods/4187/images/17489/17489-1781703543-86285545.png,228,220,5,11,0,Collected via Nexus Mods API.
2026-07-19,nexus,17500,CPF-STARBORN  POWER FIST OMEGA,https://www.nexusmods.com/starfield/mods/17500,https://staticdelivery.nexusmods.com/mods/4187/images/17500/17500-1781842553-1785018540.png,225,200,5,11,0,Collected via Nexus Mods API.
2026-07-19,nexus,17501,CPF-CRIMSON FLEET POWER FIST HELLHOUND,https://www.nexusmods.com/starfield/mods/17501,https://staticdelivery.nexusmods.com/mods/4187/images/17501/17501-1781854590-1310759891.png,142,133,3,6,0,Collected via Nexus Mods API.
2026-07-19,nexus,17521,CASSILIAs Trainning Dummy,https://www.nexusmods.com/starfield/mods/17521,https://staticdelivery.nexusmods.com/mods/4187/images/17521/17521-1782131371-2132304027.png,37,34,1,2,0,Collected via Nexus Mods API.
2026-07-19,nexus,17575,Realistic Helmet 1st Person Vision,https://www.nexusmods.com/starfield/mods/17575,https://staticdelivery.nexusmods.com/mods/4187/images/17575/17575-1782455739-853488750.png,981,546,28,23,0,Collected via Nexus Mods API.
2026-07-19,nexus,17625,TGG Texture Forge - Starfield DDS Converter,https://www.nexusmods.com/starfield/mods/17625,https://staticdelivery.nexusmods.com/mods/4187/images/17625/17625-1783086268-2069741715.png,58,46,0,5,0,Collected via Nexus Mods API.
2026-07-19,nexus,17632,CPF-RYUJIN DEATH CLAW,https://www.nexusmods.com/starfield/mods/17632,https://staticdelivery.nexusmods.com/mods/4187/images/17632/17632-1783125559-925033020.png,129,118,4,6,0,Collected via Nexus Mods API.
2026-07-19,nexus,17727,TGG BA2 Platform Watcher,https://www.nexusmods.com/starfield/mods/17727,https://staticdelivery.nexusmods.com/mods/4187/images/17727/17727-1784439369-1623894850.png,9,9,0,0,0,Collected via Nexus Mods API.
2026-07-20,nexus,17070,TGGs Sexy Black Lingerie,https://www.nexusmods.com/starfield/mods/17070,https://staticdelivery.nexusmods.com/mods/4187/images/17070/17070-1778687683-1944088645.png,538,448,17,30,0,Collected via Nexus Mods API.
2026-07-20,nexus,17126,THE TERMINUS,https://www.nexusmods.com/starfield/mods/17126,https://staticdelivery.nexusmods.com/mods/4187/images/17126/17126-1779071888-668213181.png,1531,797,14,33,0,Collected via Nexus Mods API.
2026-07-20,nexus,17251,Nebula Protocol Suit,https://www.nexusmods.com/starfield/mods/17251,https://staticdelivery.nexusmods.com/mods/4187/images/17251/17251-1779804128-1212319096.png,509,451,13,22,0,Collected via Nexus Mods API.
2026-07-20,nexus,17285,CASSILIAs SOUL,https://www.nexusmods.com/starfield/mods/17285,https://staticdelivery.nexusmods.com/mods/4187/images/17285/17285-1780066726-1556236471.png,395,283,5,10,0,Collected via Nexus Mods API.
2026-07-20,nexus,17362,TGG Cloth-DVA bodysuit,https://www.nexusmods.com/starfield/mods/17362,https://staticdelivery.nexusmods.com/mods/4187/images/17362/17362-1780583435-1843506797.png,678,489,18,34,0,Collected via Nexus Mods API.
2026-07-20,nexus,17387,Cassilia's Old Constellation Uniform,https://www.nexusmods.com/starfield/mods/17387,https://staticdelivery.nexusmods.com/mods/4187/images/17387/17387-1780911831-1036925630.png,3134,2249,42,137,0,Collected via Nexus Mods API.
2026-07-20,nexus,17461,CASSILIAs POWER FIST,https://www.nexusmods.com/starfield/mods/17461,https://staticdelivery.nexusmods.com/mods/4187/images/17461/17461-1781423403-782378004.png,712,529,15,23,0,Collected via Nexus Mods API.
2026-07-20,nexus,17479,CPF-UC VANGUARD POWER FIST MK2,https://www.nexusmods.com/starfield/mods/17479,https://staticdelivery.nexusmods.com/mods/4187/images/17479/17479-1781621856-615818030.png,186,171,3,8,0,Collected via Nexus Mods API.
2026-07-20,nexus,17489,CPF-STARBORN POWER FIST UNITY,https://www.nexusmods.com/starfield/mods/17489,https://staticdelivery.nexusmods.com/mods/4187/images/17489/17489-1781703543-86285545.png,231,223,3,11,0,Collected via Nexus Mods API.
2026-07-20,nexus,17500,CPF-STARBORN  POWER FIST OMEGA,https://www.nexusmods.com/starfield/mods/17500,https://staticdelivery.nexusmods.com/mods/4187/images/17500/17500-1781842553-1785018540.png,230,204,5,11,0,Collected via Nexus Mods API.
2026-07-20,nexus,17501,CPF-CRIMSON FLEET POWER FIST HELLHOUND,https://www.nexusmods.com/starfield/mods/17501,https://staticdelivery.nexusmods.com/mods/4187/images/17501/17501-1781854590-1310759891.png,144,135,2,6,0,Collected via Nexus Mods API.
2026-07-20,nexus,17521,CASSILIAs Trainning Dummy,https://www.nexusmods.com/starfield/mods/17521,https://staticdelivery.nexusmods.com/mods/4187/images/17521/17521-1782131371-2132304027.png,37,34,0,2,0,Collected via Nexus Mods API.
2026-07-20,nexus,17575,Realistic Helmet 1st Person Vision,https://www.nexusmods.com/starfield/mods/17575,https://staticdelivery.nexusmods.com/mods/4187/images/17575/17575-1782455739-853488750.png,999,554,18,24,0,Collected via Nexus Mods API.
2026-07-20,nexus,17625,TGG Texture Forge - Starfield DDS Converter,https://www.nexusmods.com/starfield/mods/17625,https://staticdelivery.nexusmods.com/mods/4187/images/17625/17625-1783086268-2069741715.png,61,49,3,5,0,Collected via Nexus Mods API.
2026-07-20,nexus,17632,CPF-RYUJIN DEATH CLAW,https://www.nexusmods.com/starfield/mods/17632,https://staticdelivery.nexusmods.com/mods/4187/images/17632/17632-1783125559-925033020.png,134,122,5,6,0,Collected via Nexus Mods API.
2026-07-20,nexus,17727,TGG BA2 Platform Watcher,https://www.nexusmods.com/starfield/mods/17727,https://staticdelivery.nexusmods.com/mods/4187/images/17727/17727-1784439369-1623894850.png,12,11,3,0,0,Collected via Nexus Mods API.
2026-07-20,nexus,17735,CASSILIA's MANTIS UNDERSUIT,https://www.nexusmods.com/starfield/mods/17735,https://staticdelivery.nexusmods.com/mods/4187/images/17735/17735-1784536941-1636927580.png,161,151,0,6,0,Collected via Nexus Mods API.
2026-07-21,nexus,17070,TGGs Sexy Black Lingerie,https://www.nexusmods.com/starfield/mods/17070,https://staticdelivery.nexusmods.com/mods/4187/images/17070/17070-1778687683-1944088645.png,551,452,13,32,0,Collected via Nexus Mods API.
2026-07-21,nexus,17126,THE TERMINUS,https://www.nexusmods.com/starfield/mods/17126,https://staticdelivery.nexusmods.com/mods/4187/images/17126/17126-1779071888-668213181.png,1540,804,9,33,0,Collected via Nexus Mods API.
2026-07-21,nexus,17251,Nebula Protocol Suit,https://www.nexusmods.com/starfield/mods/17251,https://staticdelivery.nexusmods.com/mods/4187/images/17251/17251-1779804128-1212319096.png,514,455,5,22,0,Collected via Nexus Mods API.
2026-07-21,nexus,17285,CASSILIAs SOUL,https://www.nexusmods.com/starfield/mods/17285,https://staticdelivery.nexusmods.com/mods/4187/images/17285/17285-1780066726-1556236471.png,398,285,3,10,0,Collected via Nexus Mods API.
2026-07-21,nexus,17362,TGG Cloth-DVA bodysuit,https://www.nexusmods.com/starfield/mods/17362,https://staticdelivery.nexusmods.com/mods/4187/images/17362/17362-1780583435-1843506797.png,695,501,17,34,0,Collected via Nexus Mods API.
2026-07-21,nexus,17387,Cassilia's Old Constellation Uniform,https://www.nexusmods.com/starfield/mods/17387,https://staticdelivery.nexusmods.com/mods/4187/images/17387/17387-1780911831-1036925630.png,3165,2268,31,138,0,Collected via Nexus Mods API.
2026-07-21,nexus,17461,CASSILIAs POWER FIST,https://www.nexusmods.com/starfield/mods/17461,https://staticdelivery.nexusmods.com/mods/4187/images/17461/17461-1781423403-782378004.png,754,536,42,23,0,Collected via Nexus Mods API.
2026-07-21,nexus,17479,CPF-UC VANGUARD POWER FIST MK2,https://www.nexusmods.com/starfield/mods/17479,https://staticdelivery.nexusmods.com/mods/4187/images/17479/17479-1781621856-615818030.png,187,172,1,8,0,Collected via Nexus Mods API.
2026-07-21,nexus,17489,CPF-STARBORN POWER FIST UNITY,https://www.nexusmods.com/starfield/mods/17489,https://staticdelivery.nexusmods.com/mods/4187/images/17489/17489-1781703543-86285545.png,233,225,2,11,0,Collected via Nexus Mods API.
2026-07-21,nexus,17500,CPF-STARBORN  POWER FIST OMEGA,https://www.nexusmods.com/starfield/mods/17500,https://staticdelivery.nexusmods.com/mods/4187/images/17500/17500-1781842553-1785018540.png,231,205,1,11,0,Collected via Nexus Mods API.
2026-07-21,nexus,17501,CPF-CRIMSON FLEET POWER FIST HELLHOUND,https://www.nexusmods.com/starfield/mods/17501,https://staticdelivery.nexusmods.com/mods/4187/images/17501/17501-1781854590-1310759891.png,145,136,1,6,0,Collected via Nexus Mods API.
2026-07-21,nexus,17521,CASSILIAs Trainning Dummy,https://www.nexusmods.com/starfield/mods/17521,https://staticdelivery.nexusmods.com/mods/4187/images/17521/17521-1782131371-2132304027.png,37,34,0,2,0,Collected via Nexus Mods API.
2026-07-21,nexus,17575,Realistic Helmet 1st Person Vision,https://www.nexusmods.com/starfield/mods/17575,https://staticdelivery.nexusmods.com/mods/4187/images/17575/17575-1782455739-853488750.png,1024,564,25,24,0,Collected via Nexus Mods API.
2026-07-21,nexus,17625,TGG Texture Forge - Starfield DDS Converter,https://www.nexusmods.com/starfield/mods/17625,https://staticdelivery.nexusmods.com/mods/4187/images/17625/17625-1783086268-2069741715.png,61,49,0,5,0,Collected via Nexus Mods API.
2026-07-21,nexus,17632,CPF-RYUJIN DEATH CLAW,https://www.nexusmods.com/starfield/mods/17632,https://staticdelivery.nexusmods.com/mods/4187/images/17632/17632-1783125559-925033020.png,136,124,2,6,0,Collected via Nexus Mods API.
2026-07-21,nexus,17727,TGG BA2 Platform Watcher,https://www.nexusmods.com/starfield/mods/17727,https://staticdelivery.nexusmods.com/mods/4187/images/17727/17727-1784439369-1623894850.png,15,13,3,0,0,Collected via Nexus Mods API.
2026-07-21,nexus,17735,CASSILIA's MANTIS UNDERSUIT,https://www.nexusmods.com/starfield/mods/17735,https://staticdelivery.nexusmods.com/mods/4187/images/17735/17735-1784536941-1636927580.png,234,217,73,11,0,Collected via Nexus Mods API.
2026-07-22,nexus,17070,TGGs Sexy Black Lingerie,https://www.nexusmods.com/starfield/mods/17070,https://staticdelivery.nexusmods.com/mods/4187/images/17070/17070-1778687683-1944088645.png,557,456,6,32,0,Collected via Nexus Mods API.
2026-07-22,nexus,17126,THE TERMINUS,https://www.nexusmods.com/starfield/mods/17126,https://staticdelivery.nexusmods.com/mods/4187/images/17126/17126-1779071888-668213181.png,1543,806,3,33,0,Collected via Nexus Mods API.
2026-07-22,nexus,17251,Nebula Protocol Suit,https://www.nexusmods.com/starfield/mods/17251,https://staticdelivery.nexusmods.com/mods/4187/images/17251/17251-1779804128-1212319096.png,519,460,5,23,0,Collected via Nexus Mods API.
2026-07-22,nexus,17285,CASSILIAs SOUL,https://www.nexusmods.com/starfield/mods/17285,https://staticdelivery.nexusmods.com/mods/4187/images/17285/17285-1780066726-1556236471.png,401,288,3,10,0,Collected via Nexus Mods API.
2026-07-22,nexus,17362,TGG Cloth-DVA bodysuit,https://www.nexusmods.com/starfield/mods/17362,https://staticdelivery.nexusmods.com/mods/4187/images/17362/17362-1780583435-1843506797.png,708,508,13,36,0,Collected via Nexus Mods API.
2026-07-22,nexus,17387,Cassilia's Old Constellation Uniform,https://www.nexusmods.com/starfield/mods/17387,https://staticdelivery.nexusmods.com/mods/4187/images/17387/17387-1780911831-1036925630.png,3182,2280,17,139,0,Collected via Nexus Mods API.
2026-07-22,nexus,17461,CASSILIAs POWER FIST,https://www.nexusmods.com/starfield/mods/17461,https://staticdelivery.nexusmods.com/mods/4187/images/17461/17461-1781423403-782378004.png,777,542,23,23,0,Collected via Nexus Mods API.
2026-07-22,nexus,17479,CPF-UC VANGUARD POWER FIST MK2,https://www.nexusmods.com/starfield/mods/17479,https://staticdelivery.nexusmods.com/mods/4187/images/17479/17479-1781621856-615818030.png,189,174,2,8,0,Collected via Nexus Mods API.
2026-07-22,nexus,17489,CPF-STARBORN POWER FIST UNITY,https://www.nexusmods.com/starfield/mods/17489,https://staticdelivery.nexusmods.com/mods/4187/images/17489/17489-1781703543-86285545.png,240,231,7,11,0,Collected via Nexus Mods API.
2026-07-22,nexus,17500,CPF-STARBORN  POWER FIST OMEGA,https://www.nexusmods.com/starfield/mods/17500,https://staticdelivery.nexusmods.com/mods/4187/images/17500/17500-1781842553-1785018540.png,233,207,2,11,0,Collected via Nexus Mods API.
2026-07-22,nexus,17501,CPF-CRIMSON FLEET POWER FIST HELLHOUND,https://www.nexusmods.com/starfield/mods/17501,https://staticdelivery.nexusmods.com/mods/4187/images/17501/17501-1781854590-1310759891.png,146,137,1,6,0,Collected via Nexus Mods API.
2026-07-22,nexus,17521,CASSILIAs Trainning Dummy,https://www.nexusmods.com/starfield/mods/17521,https://staticdelivery.nexusmods.com/mods/4187/images/17521/17521-1782131371-2132304027.png,37,34,0,2,0,Collected via Nexus Mods API.
2026-07-22,nexus,17575,Realistic Helmet 1st Person Vision,https://www.nexusmods.com/starfield/mods/17575,https://staticdelivery.nexusmods.com/mods/4187/images/17575/17575-1782455739-853488750.png,1040,571,16,24,0,Collected via Nexus Mods API.
2026-07-22,nexus,17625,TGG Texture Forge - Starfield DDS Converter,https://www.nexusmods.com/starfield/mods/17625,https://staticdelivery.nexusmods.com/mods/4187/images/17625/17625-1783086268-2069741715.png,72,51,11,5,0,Collected via Nexus Mods API.
2026-07-22,nexus,17632,CPF-RYUJIN DEATH CLAW,https://www.nexusmods.com/starfield/mods/17632,https://staticdelivery.nexusmods.com/mods/4187/images/17632/17632-1783125559-925033020.png,138,126,2,6,0,Collected via Nexus Mods API.
2026-07-22,nexus,17727,TGG BA2 Platform Watcher,https://www.nexusmods.com/starfield/mods/17727,https://staticdelivery.nexusmods.com/mods/4187/images/17727/17727-1784439369-1623894850.png,15,13,0,0,0,Collected via Nexus Mods API.
2026-07-22,nexus,17735,CASSILIA's MANTIS UNDERSUIT,https://www.nexusmods.com/starfield/mods/17735,https://staticdelivery.nexusmods.com/mods/4187/images/17735/17735-1784536941-1636927580.png,285,260,51,14,0,Collected via Nexus Mods API.
2026-07-23,nexus,17070,TGGs Sexy Black Lingerie,https://www.nexusmods.com/starfield/mods/17070,https://staticdelivery.nexusmods.com/mods/4187/images/17070/17070-1778687683-1944088645.png,563,457,6,32,0,Collected via Nexus Mods API.
2026-07-23,nexus,17126,THE TERMINUS,https://www.nexusmods.com/starfield/mods/17126,https://staticdelivery.nexusmods.com/mods/4187/images/17126/17126-1779071888-668213181.png,1553,815,10,33,0,Collected via Nexus Mods API.
2026-07-23,nexus,17251,Nebula Protocol Suit,https://www.nexusmods.com/starfield/mods/17251,https://staticdelivery.nexusmods.com/mods/4187/images/17251/17251-1779804128-1212319096.png,524,462,5,23,0,Collected via Nexus Mods API.
2026-07-23,nexus,17285,CASSILIAs SOUL,https://www.nexusmods.com/starfield/mods/17285,https://staticdelivery.nexusmods.com/mods/4187/images/17285/17285-1780066726-1556236471.png,404,290,3,10,0,Collected via Nexus Mods API.
2026-07-23,nexus,17362,TGG Cloth-DVA bodysuit,https://www.nexusmods.com/starfield/mods/17362,https://staticdelivery.nexusmods.com/mods/4187/images/17362/17362-1780583435-1843506797.png,718,513,10,36,0,Collected via Nexus Mods API.
2026-07-23,nexus,17387,Cassilia's Old Constellation Uniform,https://www.nexusmods.com/starfield/mods/17387,https://staticdelivery.nexusmods.com/mods/4187/images/17387/17387-1780911831-1036925630.png,3291,2295,109,142,0,Collected via Nexus Mods API.
2026-07-23,nexus,17461,CASSILIAs POWER FIST,https://www.nexusmods.com/starfield/mods/17461,https://staticdelivery.nexusmods.com/mods/4187/images/17461/17461-1781423403-782378004.png,821,566,44,23,0,Collected via Nexus Mods API.
2026-07-23,nexus,17479,CPF-UC VANGUARD POWER FIST MK2,https://www.nexusmods.com/starfield/mods/17479,https://staticdelivery.nexusmods.com/mods/4187/images/17479/17479-1781621856-615818030.png,191,176,2,8,0,Collected via Nexus Mods API.
2026-07-23,nexus,17489,CPF-STARBORN POWER FIST UNITY,https://www.nexusmods.com/starfield/mods/17489,https://staticdelivery.nexusmods.com/mods/4187/images/17489/17489-1781703543-86285545.png,245,236,5,11,0,Collected via Nexus Mods API.
2026-07-23,nexus,17500,CPF-STARBORN  POWER FIST OMEGA,https://www.nexusmods.com/starfield/mods/17500,https://staticdelivery.nexusmods.com/mods/4187/images/17500/17500-1781842553-1785018540.png,237,211,4,11,0,Collected via Nexus Mods API.
2026-07-23,nexus,17501,CPF-CRIMSON FLEET POWER FIST HELLHOUND,https://www.nexusmods.com/starfield/mods/17501,https://staticdelivery.nexusmods.com/mods/4187/images/17501/17501-1781854590-1310759891.png,148,139,2,6,0,Collected via Nexus Mods API.
2026-07-23,nexus,17521,CASSILIAs Trainning Dummy,https://www.nexusmods.com/starfield/mods/17521,https://staticdelivery.nexusmods.com/mods/4187/images/17521/17521-1782131371-2132304027.png,37,34,0,2,0,Collected via Nexus Mods API.
2026-07-23,nexus,17575,Realistic Helmet 1st Person Vision,https://www.nexusmods.com/starfield/mods/17575,https://staticdelivery.nexusmods.com/mods/4187/images/17575/17575-1782455739-853488750.png,1052,576,12,26,0,Collected via Nexus Mods API.
2026-07-23,nexus,17625,TGG Texture Forge - Starfield DDS Converter,https://www.nexusmods.com/starfield/mods/17625,https://staticdelivery.nexusmods.com/mods/4187/images/17625/17625-1783086268-2069741715.png,79,54,7,6,0,Collected via Nexus Mods API.
2026-07-23,nexus,17632,CPF-RYUJIN DEATH CLAW,https://www.nexusmods.com/starfield/mods/17632,https://staticdelivery.nexusmods.com/mods/4187/images/17632/17632-1783125559-925033020.png,141,129,3,6,0,Collected via Nexus Mods API.
2026-07-23,nexus,17727,TGG BA2 Platform Watcher,https://www.nexusmods.com/starfield/mods/17727,https://staticdelivery.nexusmods.com/mods/4187/images/17727/17727-1784439369-1623894850.png,15,13,0,0,0,Collected via Nexus Mods API.
2026-07-23,nexus,17735,CASSILIA's MANTIS UNDERSUIT,https://www.nexusmods.com/starfield/mods/17735,https://staticdelivery.nexusmods.com/mods/4187/images/17735/17735-1784536941-1636927580.png,310,283,25,14,0,Collected via Nexus Mods API.
2026-07-23,nexus,17753,CPF-MANTIS BLADE,https://www.nexusmods.com/starfield/mods/17753,https://staticdelivery.nexusmods.com/mods/4187/images/17753/17753-1784809939-2078300811.png,38,36,0,1,0,Collected via Nexus Mods API.
2026-07-24,nexus,17070,TGGs Sexy Black Lingerie,https://www.nexusmods.com/starfield/mods/17070,https://staticdelivery.nexusmods.com/mods/4187/images/17070/17070-1778687683-1944088645.png,568,462,5,32,0,Collected via Nexus Mods API.
2026-07-24,nexus,17126,THE TERMINUS,https://www.nexusmods.com/starfield/mods/17126,https://staticdelivery.nexusmods.com/mods/4187/images/17126/17126-1779071888-668213181.png,1557,818,4,34,0,Collected via Nexus Mods API.
2026-07-24,nexus,17251,Nebula Protocol Suit,https://www.nexusmods.com/starfield/mods/17251,https://staticdelivery.nexusmods.com/mods/4187/images/17251/17251-1779804128-1212319096.png,531,466,7,23,0,Collected via Nexus Mods API.
2026-07-24,nexus,17285,CASSILIAs SOUL,https://www.nexusmods.com/starfield/mods/17285,https://staticdelivery.nexusmods.com/mods/4187/images/17285/17285-1780066726-1556236471.png,406,291,2,10,0,Collected via Nexus Mods API.
2026-07-24,nexus,17362,TGG Cloth-DVA bodysuit,https://www.nexusmods.com/starfield/mods/17362,https://staticdelivery.nexusmods.com/mods/4187/images/17362/17362-1780583435-1843506797.png,729,520,11,36,0,Collected via Nexus Mods API.
2026-07-24,nexus,17387,Cassilia's Old Constellation Uniform,https://www.nexusmods.com/starfield/mods/17387,https://staticdelivery.nexusmods.com/mods/4187/images/17387/17387-1780911831-1036925630.png,3360,2313,69,143,0,Collected via Nexus Mods API.
2026-07-24,nexus,17461,CASSILIAs POWER FIST,https://www.nexusmods.com/starfield/mods/17461,https://staticdelivery.nexusmods.com/mods/4187/images/17461/17461-1781423403-782378004.png,848,576,27,23,0,Collected via Nexus Mods API.
2026-07-24,nexus,17479,CPF-UC VANGUARD POWER FIST MK2,https://www.nexusmods.com/starfield/mods/17479,https://staticdelivery.nexusmods.com/mods/4187/images/17479/17479-1781621856-615818030.png,192,177,1,8,0,Collected via Nexus Mods API.
2026-07-24,nexus,17489,CPF-STARBORN POWER FIST UNITY,https://www.nexusmods.com/starfield/mods/17489,https://staticdelivery.nexusmods.com/mods/4187/images/17489/17489-1781703543-86285545.png,248,238,3,11,0,Collected via Nexus Mods API.
2026-07-24,nexus,17500,CPF-STARBORN  POWER FIST OMEGA,https://www.nexusmods.com/starfield/mods/17500,https://staticdelivery.nexusmods.com/mods/4187/images/17500/17500-1781842553-1785018540.png,241,213,4,11,0,Collected via Nexus Mods API.
2026-07-24,nexus,17501,CPF-CRIMSON FLEET POWER FIST HELLHOUND,https://www.nexusmods.com/starfield/mods/17501,https://staticdelivery.nexusmods.com/mods/4187/images/17501/17501-1781854590-1310759891.png,151,141,3,6,0,Collected via Nexus Mods API.
2026-07-24,nexus,17521,CASSILIAs Trainning Dummy,https://www.nexusmods.com/starfield/mods/17521,https://staticdelivery.nexusmods.com/mods/4187/images/17521/17521-1782131371-2132304027.png,37,34,0,2,0,Collected via Nexus Mods API.
2026-07-24,nexus,17575,Realistic Helmet 1st Person Vision,https://www.nexusmods.com/starfield/mods/17575,https://staticdelivery.nexusmods.com/mods/4187/images/17575/17575-1782455739-853488750.png,1075,589,23,27,0,Collected via Nexus Mods API.
2026-07-24,nexus,17625,TGG Texture Forge - Starfield DDS Converter,https://www.nexusmods.com/starfield/mods/17625,https://staticdelivery.nexusmods.com/mods/4187/images/17625/17625-1783086268-2069741715.png,81,56,2,6,0,Collected via Nexus Mods API.
2026-07-24,nexus,17632,CPF-RYUJIN DEATH CLAW,https://www.nexusmods.com/starfield/mods/17632,https://staticdelivery.nexusmods.com/mods/4187/images/17632/17632-1783125559-925033020.png,143,131,2,6,0,Collected via Nexus Mods API.
2026-07-24,nexus,17727,TGG BA2 Platform Watcher,https://www.nexusmods.com/starfield/mods/17727,https://staticdelivery.nexusmods.com/mods/4187/images/17727/17727-1784439369-1623894850.png,15,13,0,0,0,Collected via Nexus Mods API.
2026-07-24,nexus,17735,CASSILIA's MANTIS UNDERSUIT,https://www.nexusmods.com/starfield/mods/17735,https://staticdelivery.nexusmods.com/mods/4187/images/17735/17735-1784536941-1636927580.png,346,318,36,16,0,Collected via Nexus Mods API.
2026-07-24,nexus,17753,CPF-MANTIS BLADE,https://www.nexusmods.com/starfield/mods/17753,https://staticdelivery.nexusmods.com/mods/4187/images/17753/17753-1784809939-2078300811.png,64,61,26,2,0,Collected via Nexus Mods API.
2026-07-25,nexus,17070,TGGs Sexy Black Lingerie,https://www.nexusmods.com/starfield/mods/17070,https://staticdelivery.nexusmods.com/mods/4187/images/17070/17070-1778687683-1944088645.png,577,467,9,32,0,Collected via Nexus Mods API.
2026-07-25,nexus,17126,THE TERMINUS,https://www.nexusmods.com/starfield/mods/17126,https://staticdelivery.nexusmods.com/mods/4187/images/17126/17126-1779071888-668213181.png,1561,822,4,35,0,Collected via Nexus Mods API.
2026-07-25,nexus,17251,Nebula Protocol Suit,https://www.nexusmods.com/starfield/mods/17251,https://staticdelivery.nexusmods.com/mods/4187/images/17251/17251-1779804128-1212319096.png,540,474,9,23,0,Collected via Nexus Mods API.
2026-07-25,nexus,17285,CASSILIAs SOUL,https://www.nexusmods.com/starfield/mods/17285,https://staticdelivery.nexusmods.com/mods/4187/images/17285/17285-1780066726-1556236471.png,409,294,3,10,0,Collected via Nexus Mods API.
2026-07-25,nexus,17362,TGG Cloth-DVA bodysuit,https://www.nexusmods.com/starfield/mods/17362,https://staticdelivery.nexusmods.com/mods/4187/images/17362/17362-1780583435-1843506797.png,743,528,14,36,0,Collected via Nexus Mods API.
2026-07-25,nexus,17387,Cassilia's Old Constellation Uniform,https://www.nexusmods.com/starfield/mods/17387,https://staticdelivery.nexusmods.com/mods/4187/images/17387/17387-1780911831-1036925630.png,3413,2333,53,143,0,Collected via Nexus Mods API.
2026-07-25,nexus,17461,CASSILIAs POWER FIST,https://www.nexusmods.com/starfield/mods/17461,https://staticdelivery.nexusmods.com/mods/4187/images/17461/17461-1781423403-782378004.png,868,589,20,23,0,Collected via Nexus Mods API.
2026-07-25,nexus,17479,CPF-UC VANGUARD POWER FIST MK2,https://www.nexusmods.com/starfield/mods/17479,https://staticdelivery.nexusmods.com/mods/4187/images/17479/17479-1781621856-615818030.png,193,178,1,9,0,Collected via Nexus Mods API.
2026-07-25,nexus,17489,CPF-STARBORN POWER FIST UNITY,https://www.nexusmods.com/starfield/mods/17489,https://staticdelivery.nexusmods.com/mods/4187/images/17489/17489-1781703543-86285545.png,252,242,4,12,0,Collected via Nexus Mods API.
2026-07-25,nexus,17500,CPF-STARBORN  POWER FIST OMEGA,https://www.nexusmods.com/starfield/mods/17500,https://staticdelivery.nexusmods.com/mods/4187/images/17500/17500-1781842553-1785018540.png,242,214,1,12,0,Collected via Nexus Mods API.
2026-07-25,nexus,17501,CPF-CRIMSON FLEET POWER FIST HELLHOUND,https://www.nexusmods.com/starfield/mods/17501,https://staticdelivery.nexusmods.com/mods/4187/images/17501/17501-1781854590-1310759891.png,152,142,1,7,0,Collected via Nexus Mods API.
2026-07-25,nexus,17521,CASSILIAs Trainning Dummy,https://www.nexusmods.com/starfield/mods/17521,https://staticdelivery.nexusmods.com/mods/4187/images/17521/17521-1782131371-2132304027.png,37,34,0,2,0,Collected via Nexus Mods API.
2026-07-25,nexus,17575,Realistic Helmet 1st Person Vision,https://www.nexusmods.com/starfield/mods/17575,https://staticdelivery.nexusmods.com/mods/4187/images/17575/17575-1782455739-853488750.png,1091,597,16,27,0,Collected via Nexus Mods API.
2026-07-25,nexus,17625,TGG Texture Forge - Starfield DDS Converter,https://www.nexusmods.com/starfield/mods/17625,https://staticdelivery.nexusmods.com/mods/4187/images/17625/17625-1783086268-2069741715.png,81,56,0,6,0,Collected via Nexus Mods API.
2026-07-25,nexus,17632,CPF-RYUJIN DEATH CLAW,https://www.nexusmods.com/starfield/mods/17632,https://staticdelivery.nexusmods.com/mods/4187/images/17632/17632-1783125559-925033020.png,146,134,3,7,0,Collected via Nexus Mods API.
2026-07-25,nexus,17727,TGG BA2 Platform Watcher,https://www.nexusmods.com/starfield/mods/17727,https://staticdelivery.nexusmods.com/mods/4187/images/17727/17727-1784439369-1623894850.png,15,13,0,0,0,Collected via Nexus Mods API.
2026-07-25,nexus,17735,CASSILIA's MANTIS UNDERSUIT,https://www.nexusmods.com/starfield/mods/17735,https://staticdelivery.nexusmods.com/mods/4187/images/17735/17735-1784536941-1636927580.png,368,337,22,18,0,Collected via Nexus Mods API.
2026-07-25,nexus,17753,CPF-MANTIS BLADE,https://www.nexusmods.com/starfield/mods/17753,https://staticdelivery.nexusmods.com/mods/4187/images/17753/17753-1784809939-2078300811.png,77,74,13,2,0,Collected via Nexus Mods API.
2026-07-26,nexus,17070,TGGs Sexy Black Lingerie,https://www.nexusmods.com/starfield/mods/17070,https://staticdelivery.nexusmods.com/mods/4187/images/17070/17070-1778687683-1944088645.png,584,471,7,32,0,Collected via Nexus Mods API.
2026-07-26,nexus,17126,THE TERMINUS,https://www.nexusmods.com/starfield/mods/17126,https://staticdelivery.nexusmods.com/mods/4187/images/17126/17126-1779071888-668213181.png,1568,828,7,35,0,Collected via Nexus Mods API.
2026-07-26,nexus,17251,Nebula Protocol Suit,https://www.nexusmods.com/starfield/mods/17251,https://staticdelivery.nexusmods.com/mods/4187/images/17251/17251-1779804128-1212319096.png,546,480,6,23,0,Collected via Nexus Mods API.
2026-07-26,nexus,17285,CASSILIAs SOUL,https://www.nexusmods.com/starfield/mods/17285,https://staticdelivery.nexusmods.com/mods/4187/images/17285/17285-1780066726-1556236471.png,411,296,2,10,0,Collected via Nexus Mods API.
2026-07-26,nexus,17362,TGG Cloth-DVA bodysuit,https://www.nexusmods.com/starfield/mods/17362,https://staticdelivery.nexusmods.com/mods/4187/images/17362/17362-1780583435-1843506797.png,754,537,11,36,0,Collected via Nexus Mods API.
2026-07-26,nexus,17387,Cassilia's Old Constellation Uniform,https://www.nexusmods.com/starfield/mods/17387,https://staticdelivery.nexusmods.com/mods/4187/images/17387/17387-1780911831-1036925630.png,3466,2361,53,147,0,Collected via Nexus Mods API.
2026-07-26,nexus,17461,CASSILIAs POWER FIST,https://www.nexusmods.com/starfield/mods/17461,https://staticdelivery.nexusmods.com/mods/4187/images/17461/17461-1781423403-782378004.png,878,595,10,23,0,Collected via Nexus Mods API.
2026-07-26,nexus,17479,CPF-UC VANGUARD POWER FIST MK2,https://www.nexusmods.com/starfield/mods/17479,https://staticdelivery.nexusmods.com/mods/4187/images/17479/17479-1781621856-615818030.png,196,180,3,9,0,Collected via Nexus Mods API.
2026-07-26,nexus,17489,CPF-STARBORN POWER FIST UNITY,https://www.nexusmods.com/starfield/mods/17489,https://staticdelivery.nexusmods.com/mods/4187/images/17489/17489-1781703543-86285545.png,253,243,1,12,0,Collected via Nexus Mods API.
2026-07-26,nexus,17500,CPF-STARBORN  POWER FIST OMEGA,https://www.nexusmods.com/starfield/mods/17500,https://staticdelivery.nexusmods.com/mods/4187/images/17500/17500-1781842553-1785018540.png,244,215,2,12,0,Collected via Nexus Mods API.
2026-07-26,nexus,17501,CPF-CRIMSON FLEET POWER FIST HELLHOUND,https://www.nexusmods.com/starfield/mods/17501,https://staticdelivery.nexusmods.com/mods/4187/images/17501/17501-1781854590-1310759891.png,155,144,3,7,0,Collected via Nexus Mods API.
2026-07-26,nexus,17521,CASSILIAs Trainning Dummy,https://www.nexusmods.com/starfield/mods/17521,https://staticdelivery.nexusmods.com/mods/4187/images/17521/17521-1782131371-2132304027.png,38,35,1,2,0,Collected via Nexus Mods API.
2026-07-26,nexus,17575,Realistic Helmet 1st Person Vision,https://www.nexusmods.com/starfield/mods/17575,https://staticdelivery.nexusmods.com/mods/4187/images/17575/17575-1782455739-853488750.png,1105,606,14,27,0,Collected via Nexus Mods API.
2026-07-26,nexus,17625,TGG Texture Forge - Starfield DDS Converter,https://www.nexusmods.com/starfield/mods/17625,https://staticdelivery.nexusmods.com/mods/4187/images/17625/17625-1783086268-2069741715.png,82,57,1,6,0,Collected via Nexus Mods API.
2026-07-26,nexus,17632,CPF-RYUJIN DEATH CLAW,https://www.nexusmods.com/starfield/mods/17632,https://staticdelivery.nexusmods.com/mods/4187/images/17632/17632-1783125559-925033020.png,148,136,2,7,0,Collected via Nexus Mods API.
2026-07-26,nexus,17727,TGG BA2 Platform Watcher,https://www.nexusmods.com/starfield/mods/17727,https://staticdelivery.nexusmods.com/mods/4187/images/17727/17727-1784439369-1623894850.png,15,13,0,0,0,Collected via Nexus Mods API.
2026-07-26,nexus,17735,CASSILIA's MANTIS UNDERSUIT,https://www.nexusmods.com/starfield/mods/17735,https://staticdelivery.nexusmods.com/mods/4187/images/17735/17735-1784536941-1636927580.png,413,378,45,20,0,Collected via Nexus Mods API.
2026-07-26,nexus,17753,CPF-MANTIS BLADE,https://www.nexusmods.com/starfield/mods/17753,https://staticdelivery.nexusmods.com/mods/4187/images/17753/17753-1784809939-2078300811.png,86,83,9,2,0,Collected via Nexus Mods API.
2026-07-26,nexus,17777,Cassilias Casual Outfit and Glasses,https://www.nexusmods.com/starfield/mods/17777,https://staticdelivery.nexusmods.com/mods/4187/images/17777/17777-1785074310-1262931634.png,45,44,0,2,0,Collected via Nexus Mods API.
2026-07-27,nexus,17070,TGGs Sexy Black Lingerie,https://www.nexusmods.com/starfield/mods/17070,https://staticdelivery.nexusmods.com/mods/4187/images/17070/17070-1778687683-1944088645.png,594,475,10,32,0,Collected via Nexus Mods API.
2026-07-27,nexus,17126,THE TERMINUS,https://www.nexusmods.com/starfield/mods/17126,https://staticdelivery.nexusmods.com/mods/4187/images/17126/17126-1779071888-668213181.png,1575,833,7,35,0,Collected via Nexus Mods API.
2026-07-27,nexus,17251,Nebula Protocol Suit,https://www.nexusmods.com/starfield/mods/17251,https://staticdelivery.nexusmods.com/mods/4187/images/17251/17251-1779804128-1212319096.png,554,488,8,23,0,Collected via Nexus Mods API.
2026-07-27,nexus,17285,CASSILIAs SOUL,https://www.nexusmods.com/starfield/mods/17285,https://staticdelivery.nexusmods.com/mods/4187/images/17285/17285-1780066726-1556236471.png,413,298,2,10,0,Collected via Nexus Mods API.
2026-07-27,nexus,17362,TGG Cloth-DVA bodysuit,https://www.nexusmods.com/starfield/mods/17362,https://staticdelivery.nexusmods.com/mods/4187/images/17362/17362-1780583435-1843506797.png,756,538,2,36,0,Collected via Nexus Mods API.
2026-07-27,nexus,17387,Cassilia's Old Constellation Uniform,https://www.nexusmods.com/starfield/mods/17387,https://staticdelivery.nexusmods.com/mods/4187/images/17387/17387-1780911831-1036925630.png,3507,2383,41,152,0,Collected via Nexus Mods API.
2026-07-27,nexus,17461,CASSILIAs POWER FIST,https://www.nexusmods.com/starfield/mods/17461,https://staticdelivery.nexusmods.com/mods/4187/images/17461/17461-1781423403-782378004.png,891,601,13,23,0,Collected via Nexus Mods API.
2026-07-27,nexus,17479,CPF-UC VANGUARD POWER FIST MK2,https://www.nexusmods.com/starfield/mods/17479,https://staticdelivery.nexusmods.com/mods/4187/images/17479/17479-1781621856-615818030.png,199,182,3,9,0,Collected via Nexus Mods API.
2026-07-27,nexus,17489,CPF-STARBORN POWER FIST UNITY,https://www.nexusmods.com/starfield/mods/17489,https://staticdelivery.nexusmods.com/mods/4187/images/17489/17489-1781703543-86285545.png,257,247,4,12,0,Collected via Nexus Mods API.
2026-07-27,nexus,17500,CPF-STARBORN  POWER FIST OMEGA,https://www.nexusmods.com/starfield/mods/17500,https://staticdelivery.nexusmods.com/mods/4187/images/17500/17500-1781842553-1785018540.png,246,217,2,12,0,Collected via Nexus Mods API.
2026-07-27,nexus,17501,CPF-CRIMSON FLEET POWER FIST HELLHOUND,https://www.nexusmods.com/starfield/mods/17501,https://staticdelivery.nexusmods.com/mods/4187/images/17501/17501-1781854590-1310759891.png,157,146,2,7,0,Collected via Nexus Mods API.
2026-07-27,nexus,17521,CASSILIAs Trainning Dummy,https://www.nexusmods.com/starfield/mods/17521,https://staticdelivery.nexusmods.com/mods/4187/images/17521/17521-1782131371-2132304027.png,38,35,0,2,0,Collected via Nexus Mods API.
2026-07-27,nexus,17575,Realistic Helmet 1st Person Vision,https://www.nexusmods.com/starfield/mods/17575,https://staticdelivery.nexusmods.com/mods/4187/images/17575/17575-1782455739-853488750.png,1122,615,17,27,0,Collected via Nexus Mods API.
2026-07-27,nexus,17625,TGG Texture Forge - Starfield DDS Converter,https://www.nexusmods.com/starfield/mods/17625,https://staticdelivery.nexusmods.com/mods/4187/images/17625/17625-1783086268-2069741715.png,82,57,0,6,0,Collected via Nexus Mods API.
2026-07-27,nexus,17632,CPF-RYUJIN DEATH CLAW,https://www.nexusmods.com/starfield/mods/17632,https://staticdelivery.nexusmods.com/mods/4187/images/17632/17632-1783125559-925033020.png,152,140,4,7,0,Collected via Nexus Mods API.
2026-07-27,nexus,17727,TGG BA2 Platform Watcher,https://www.nexusmods.com/starfield/mods/17727,https://staticdelivery.nexusmods.com/mods/4187/images/17727/17727-1784439369-1623894850.png,15,13,0,0,0,Collected via Nexus Mods API.
2026-07-27,nexus,17735,CASSILIA's MANTIS UNDERSUIT,https://www.nexusmods.com/starfield/mods/17735,https://staticdelivery.nexusmods.com/mods/4187/images/17735/17735-1784536941-1636927580.png,445,405,32,23,0,Collected via Nexus Mods API.
2026-07-27,nexus,17753,CPF-MANTIS BLADE,https://www.nexusmods.com/starfield/mods/17753,https://staticdelivery.nexusmods.com/mods/4187/images/17753/17753-1784809939-2078300811.png,94,89,8,2,0,Collected via Nexus Mods API.
2026-07-27,nexus,17777,Cassilias Casual Outfit and Glasses,https://www.nexusmods.com/starfield/mods/17777,https://staticdelivery.nexusmods.com/mods/4187/images/17777/17777-1785074310-1262931634.png,96,73,51,5,0,Collected via Nexus Mods API.
2026-07-28,nexus,17070,TGGs Sexy Black Lingerie,https://www.nexusmods.com/starfield/mods/17070,https://staticdelivery.nexusmods.com/mods/4187/images/17070/17070-1778687683-1944088645.png,598,477,4,32,0,Collected via Nexus Mods API.
2026-07-28,nexus,17126,THE TERMINUS,https://www.nexusmods.com/starfield/mods/17126,https://staticdelivery.nexusmods.com/mods/4187/images/17126/17126-1779071888-668213181.png,1576,834,1,35,0,Collected via Nexus Mods API.
2026-07-28,nexus,17251,Nebula Protocol Suit,https://www.nexusmods.com/starfield/mods/17251,https://staticdelivery.nexusmods.com/mods/4187/images/17251/17251-1779804128-1212319096.png,563,497,9,23,0,Collected via Nexus Mods API.
2026-07-28,nexus,17285,CASSILIAs SOUL,https://www.nexusmods.com/starfield/mods/17285,https://staticdelivery.nexusmods.com/mods/4187/images/17285/17285-1780066726-1556236471.png,413,298,0,10,0,Collected via Nexus Mods API.
2026-07-28,nexus,17362,TGG Cloth-DVA bodysuit,https://www.nexusmods.com/starfield/mods/17362,https://staticdelivery.nexusmods.com/mods/4187/images/17362/17362-1780583435-1843506797.png,763,543,7,36,0,Collected via Nexus Mods API.
2026-07-28,nexus,17387,Cassilia's Old Constellation Uniform,https://www.nexusmods.com/starfield/mods/17387,https://staticdelivery.nexusmods.com/mods/4187/images/17387/17387-1780911831-1036925630.png,3543,2404,36,154,0,Collected via Nexus Mods API.
2026-07-28,nexus,17461,CASSILIAs POWER FIST,https://www.nexusmods.com/starfield/mods/17461,https://staticdelivery.nexusmods.com/mods/4187/images/17461/17461-1781423403-782378004.png,902,610,11,24,0,Collected via Nexus Mods API.
2026-07-28,nexus,17479,CPF-UC VANGUARD POWER FIST MK2,https://www.nexusmods.com/starfield/mods/17479,https://staticdelivery.nexusmods.com/mods/4187/images/17479/17479-1781621856-615818030.png,201,184,2,9,0,Collected via Nexus Mods API.
2026-07-28,nexus,17489,CPF-STARBORN POWER FIST UNITY,https://www.nexusmods.com/starfield/mods/17489,https://staticdelivery.nexusmods.com/mods/4187/images/17489/17489-1781703543-86285545.png,260,250,3,12,0,Collected via Nexus Mods API.
2026-07-28,nexus,17500,CPF-STARBORN  POWER FIST OMEGA,https://www.nexusmods.com/starfield/mods/17500,https://staticdelivery.nexusmods.com/mods/4187/images/17500/17500-1781842553-1785018540.png,247,218,1,12,0,Collected via Nexus Mods API.
2026-07-28,nexus,17501,CPF-CRIMSON FLEET POWER FIST HELLHOUND,https://www.nexusmods.com/starfield/mods/17501,https://staticdelivery.nexusmods.com/mods/4187/images/17501/17501-1781854590-1310759891.png,159,148,2,7,0,Collected via Nexus Mods API.
2026-07-28,nexus,17521,CASSILIAs Trainning Dummy,https://www.nexusmods.com/starfield/mods/17521,https://staticdelivery.nexusmods.com/mods/4187/images/17521/17521-1782131371-2132304027.png,39,36,1,2,0,Collected via Nexus Mods API.
2026-07-28,nexus,17575,Realistic Helmet 1st Person Vision,https://www.nexusmods.com/starfield/mods/17575,https://staticdelivery.nexusmods.com/mods/4187/images/17575/17575-1782455739-853488750.png,1136,622,14,28,0,Collected via Nexus Mods API.
2026-07-28,nexus,17625,TGG Texture Forge - Starfield DDS Converter,https://www.nexusmods.com/starfield/mods/17625,https://staticdelivery.nexusmods.com/mods/4187/images/17625/17625-1783086268-2069741715.png,83,58,1,7,0,Collected via Nexus Mods API.
2026-07-28,nexus,17632,CPF-RYUJIN DEATH CLAW,https://www.nexusmods.com/starfield/mods/17632,https://staticdelivery.nexusmods.com/mods/4187/images/17632/17632-1783125559-925033020.png,155,143,3,7,0,Collected via Nexus Mods API.
2026-07-28,nexus,17727,TGG BA2 Platform Watcher,https://www.nexusmods.com/starfield/mods/17727,https://staticdelivery.nexusmods.com/mods/4187/images/17727/17727-1784439369-1623894850.png,15,13,0,0,0,Collected via Nexus Mods API.
2026-07-28,nexus,17735,CASSILIA's MANTIS UNDERSUIT,https://www.nexusmods.com/starfield/mods/17735,https://staticdelivery.nexusmods.com/mods/4187/images/17735/17735-1784536941-1636927580.png,471,427,26,23,0,Collected via Nexus Mods API.
2026-07-28,nexus,17753,CPF-MANTIS BLADE,https://www.nexusmods.com/starfield/mods/17753,https://staticdelivery.nexusmods.com/mods/4187/images/17753/17753-1784809939-2078300811.png,100,95,6,2,0,Collected via Nexus Mods API.
2026-07-28,nexus,17777,Cassilias Casual Outfit and Glasses,https://www.nexusmods.com/starfield/mods/17777,https://staticdelivery.nexusmods.com/mods/4187/images/17777/17777-1785074310-1262931634.png,171,121,75,8,0,Collected via Nexus Mods API.
2026-07-29,nexus,17070,TGGs Sexy Black Lingerie,https://www.nexusmods.com/starfield/mods/17070,https://staticdelivery.nexusmods.com/mods/4187/images/17070/17070-1778687683-1944088645.png,604,479,6,34,0,Collected via Nexus Mods API.
2026-07-29,nexus,17126,THE TERMINUS,https://www.nexusmods.com/starfield/mods/17126,https://staticdelivery.nexusmods.com/mods/4187/images/17126/17126-1779071888-668213181.png,1577,835,1,35,0,Collected via Nexus Mods API.
2026-07-29,nexus,17251,Nebula Protocol Suit,https://www.nexusmods.com/starfield/mods/17251,https://staticdelivery.nexusmods.com/mods/4187/images/17251/17251-1779804128-1212319096.png,568,499,5,24,0,Collected via Nexus Mods API.
2026-07-29,nexus,17285,CASSILIAs SOUL,https://www.nexusmods.com/starfield/mods/17285,https://staticdelivery.nexusmods.com/mods/4187/images/17285/17285-1780066726-1556236471.png,413,298,0,10,0,Collected via Nexus Mods API.
2026-07-29,nexus,17362,TGG Cloth-DVA bodysuit,https://www.nexusmods.com/starfield/mods/17362,https://staticdelivery.nexusmods.com/mods/4187/images/17362/17362-1780583435-1843506797.png,774,546,11,37,0,Collected via Nexus Mods API.
2026-07-29,nexus,17387,Cassilia's Old Constellation Uniform,https://www.nexusmods.com/starfield/mods/17387,https://staticdelivery.nexusmods.com/mods/4187/images/17387/17387-1780911831-1036925630.png,3566,2416,23,156,0,Collected via Nexus Mods API.
2026-07-29,nexus,17461,CASSILIAs POWER FIST,https://www.nexusmods.com/starfield/mods/17461,https://staticdelivery.nexusmods.com/mods/4187/images/17461/17461-1781423403-782378004.png,911,614,9,25,0,Collected via Nexus Mods API.
2026-07-29,nexus,17479,CPF-UC VANGUARD POWER FIST MK2,https://www.nexusmods.com/starfield/mods/17479,https://staticdelivery.nexusmods.com/mods/4187/images/17479/17479-1781621856-615818030.png,202,185,1,9,0,Collected via Nexus Mods API.
2026-07-29,nexus,17489,CPF-STARBORN POWER FIST UNITY,https://www.nexusmods.com/starfield/mods/17489,https://staticdelivery.nexusmods.com/mods/4187/images/17489/17489-1781703543-86285545.png,260,250,0,12,0,Collected via Nexus Mods API.
2026-07-29,nexus,17500,CPF-STARBORN  POWER FIST OMEGA,https://www.nexusmods.com/starfield/mods/17500,https://staticdelivery.nexusmods.com/mods/4187/images/17500/17500-1781842553-1785018540.png,247,218,0,12,0,Collected via Nexus Mods API.
2026-07-29,nexus,17501,CPF-CRIMSON FLEET POWER FIST HELLHOUND,https://www.nexusmods.com/starfield/mods/17501,https://staticdelivery.nexusmods.com/mods/4187/images/17501/17501-1781854590-1310759891.png,160,149,1,7,0,Collected via Nexus Mods API.
2026-07-29,nexus,17521,CASSILIAs Trainning Dummy,https://www.nexusmods.com/starfield/mods/17521,https://staticdelivery.nexusmods.com/mods/4187/images/17521/17521-1782131371-2132304027.png,39,36,0,2,0,Collected via Nexus Mods API.
2026-07-29,nexus,17575,Realistic Helmet 1st Person Vision,https://www.nexusmods.com/starfield/mods/17575,https://staticdelivery.nexusmods.com/mods/4187/images/17575/17575-1782455739-853488750.png,1144,624,8,28,0,Collected via Nexus Mods API.
2026-07-29,nexus,17625,TGG Texture Forge - Starfield DDS Converter,https://www.nexusmods.com/starfield/mods/17625,https://staticdelivery.nexusmods.com/mods/4187/images/17625/17625-1783086268-2069741715.png,83,58,0,7,0,Collected via Nexus Mods API.
2026-07-29,nexus,17632,CPF-RYUJIN DEATH CLAW,https://www.nexusmods.com/starfield/mods/17632,https://staticdelivery.nexusmods.com/mods/4187/images/17632/17632-1783125559-925033020.png,157,145,2,7,0,Collected via Nexus Mods API.
2026-07-29,nexus,17727,TGG BA2 Platform Watcher,https://www.nexusmods.com/starfield/mods/17727,https://staticdelivery.nexusmods.com/mods/4187/images/17727/17727-1784439369-1623894850.png,15,13,0,0,0,Collected via Nexus Mods API.
2026-07-29,nexus,17735,CASSILIA's MANTIS UNDERSUIT,https://www.nexusmods.com/starfield/mods/17735,https://staticdelivery.nexusmods.com/mods/4187/images/17735/17735-1784536941-1636927580.png,478,434,7,25,0,Collected via Nexus Mods API.
2026-07-29,nexus,17753,CPF-MANTIS BLADE,https://www.nexusmods.com/starfield/mods/17753,https://staticdelivery.nexusmods.com/mods/4187/images/17753/17753-1784809939-2078300811.png,103,98,3,2,0,Collected via Nexus Mods API.
2026-07-29,nexus,17777,Cassilias Casual Outfit and Glasses,https://www.nexusmods.com/starfield/mods/17777,https://staticdelivery.nexusmods.com/mods/4187/images/17777/17777-1785074310-1262931634.png,200,134,29,8,0,Collected via Nexus Mods API.
2026-07-30,nexus,17070,TGGs Sexy Black Lingerie,https://www.nexusmods.com/starfield/mods/17070,https://staticdelivery.nexusmods.com/mods/4187/images/17070/17070-1778687683-1944088645.png,607,480,3,35,0,Collected via Nexus Mods API.
2026-07-30,nexus,17126,THE TERMINUS,https://www.nexusmods.com/starfield/mods/17126,https://staticdelivery.nexusmods.com/mods/4187/images/17126/17126-1779071888-668213181.png,1579,837,2,36,0,Collected via Nexus Mods API.
2026-07-30,nexus,17251,Nebula Protocol Suit,https://www.nexusmods.com/starfield/mods/17251,https://staticdelivery.nexusmods.com/mods/4187/images/17251/17251-1779804128-1212319096.png,572,502,4,25,0,Collected via Nexus Mods API.
2026-07-30,nexus,17285,CASSILIAs SOUL,https://www.nexusmods.com/starfield/mods/17285,https://staticdelivery.nexusmods.com/mods/4187/images/17285/17285-1780066726-1556236471.png,413,298,0,11,0,Collected via Nexus Mods API.
2026-07-30,nexus,17362,TGG Cloth-DVA bodysuit,https://www.nexusmods.com/starfield/mods/17362,https://staticdelivery.nexusmods.com/mods/4187/images/17362/17362-1780583435-1843506797.png,778,550,4,39,0,Collected via Nexus Mods API.
2026-07-30,nexus,17387,Cassilia's Old Constellation Uniform,https://www.nexusmods.com/starfield/mods/17387,https://staticdelivery.nexusmods.com/mods/4187/images/17387/17387-1780911831-1036925630.png,3583,2425,17,157,0,Collected via Nexus Mods API.
2026-07-30,nexus,17461,CASSILIAs POWER FIST,https://www.nexusmods.com/starfield/mods/17461,https://staticdelivery.nexusmods.com/mods/4187/images/17461/17461-1781423403-782378004.png,915,616,4,26,0,Collected via Nexus Mods API.
2026-07-30,nexus,17479,CPF-UC VANGUARD POWER FIST MK2,https://www.nexusmods.com/starfield/mods/17479,https://staticdelivery.nexusmods.com/mods/4187/images/17479/17479-1781621856-615818030.png,202,185,0,10,0,Collected via Nexus Mods API.
2026-07-30,nexus,17489,CPF-STARBORN POWER FIST UNITY,https://www.nexusmods.com/starfield/mods/17489,https://staticdelivery.nexusmods.com/mods/4187/images/17489/17489-1781703543-86285545.png,262,252,2,13,0,Collected via Nexus Mods API.
2026-07-30,nexus,17500,CPF-STARBORN  POWER FIST OMEGA,https://www.nexusmods.com/starfield/mods/17500,https://staticdelivery.nexusmods.com/mods/4187/images/17500/17500-1781842553-1785018540.png,247,218,0,13,0,Collected via Nexus Mods API.
2026-07-30,nexus,17501,CPF-CRIMSON FLEET POWER FIST HELLHOUND,https://www.nexusmods.com/starfield/mods/17501,https://staticdelivery.nexusmods.com/mods/4187/images/17501/17501-1781854590-1310759891.png,160,149,0,9,0,Collected via Nexus Mods API.
2026-07-30,nexus,17521,CASSILIAs Trainning Dummy,https://www.nexusmods.com/starfield/mods/17521,https://staticdelivery.nexusmods.com/mods/4187/images/17521/17521-1782131371-2132304027.png,39,36,0,3,0,Collected via Nexus Mods API.
2026-07-30,nexus,17575,Realistic Helmet 1st Person Vision,https://www.nexusmods.com/starfield/mods/17575,https://staticdelivery.nexusmods.com/mods/4187/images/17575/17575-1782455739-853488750.png,1153,629,9,29,0,Collected via Nexus Mods API.
2026-07-30,nexus,17625,TGG Texture Forge - Starfield DDS Converter,https://www.nexusmods.com/starfield/mods/17625,https://staticdelivery.nexusmods.com/mods/4187/images/17625/17625-1783086268-2069741715.png,83,58,0,9,0,Collected via Nexus Mods API.
2026-07-30,nexus,17632,CPF-RYUJIN DEATH CLAW,https://www.nexusmods.com/starfield/mods/17632,https://staticdelivery.nexusmods.com/mods/4187/images/17632/17632-1783125559-925033020.png,159,147,2,8,0,Collected via Nexus Mods API.
2026-07-30,nexus,17727,TGG BA2 Platform Watcher,https://www.nexusmods.com/starfield/mods/17727,https://staticdelivery.nexusmods.com/mods/4187/images/17727/17727-1784439369-1623894850.png,15,13,0,1,0,Collected via Nexus Mods API.
2026-07-30,nexus,17735,CASSILIA's MANTIS UNDERSUIT,https://www.nexusmods.com/starfield/mods/17735,https://staticdelivery.nexusmods.com/mods/4187/images/17735/17735-1784536941-1636927580.png,484,440,6,27,0,Collected via Nexus Mods API.
2026-07-30,nexus,17753,CPF-MANTIS BLADE,https://www.nexusmods.com/starfield/mods/17753,https://staticdelivery.nexusmods.com/mods/4187/images/17753/17753-1784809939-2078300811.png,104,99,1,3,0,Collected via Nexus Mods API.
2026-07-30,nexus,17777,Cassilias Casual Outfit and Glasses,https://www.nexusmods.com/starfield/mods/17777,https://staticdelivery.nexusmods.com/mods/4187/images/17777/17777-1785074310-1262931634.png,211,142,11,10,0,Collected via Nexus Mods API.
2026-07-31,nexus,17070,TGGs Sexy Black Lingerie,https://www.nexusmods.com/starfield/mods/17070,https://staticdelivery.nexusmods.com/mods/4187/images/17070/17070-1778687683-1944088645.png,612,485,5,35,0,Collected via Nexus Mods API.
2026-07-31,nexus,17126,THE TERMINUS,https://www.nexusmods.com/starfield/mods/17126,https://staticdelivery.nexusmods.com/mods/4187/images/17126/17126-1779071888-668213181.png,1582,839,3,36,0,Collected via Nexus Mods API.
2026-07-31,nexus,17251,Nebula Protocol Suit,https://www.nexusmods.com/starfield/mods/17251,https://staticdelivery.nexusmods.com/mods/4187/images/17251/17251-1779804128-1212319096.png,576,506,4,25,0,Collected via Nexus Mods API.
2026-07-31,nexus,17285,CASSILIAs SOUL,https://www.nexusmods.com/starfield/mods/17285,https://staticdelivery.nexusmods.com/mods/4187/images/17285/17285-1780066726-1556236471.png,413,298,0,12,0,Collected via Nexus Mods API.
2026-07-31,nexus,17362,TGG Cloth-DVA bodysuit,https://www.nexusmods.com/starfield/mods/17362,https://staticdelivery.nexusmods.com/mods/4187/images/17362/17362-1780583435-1843506797.png,782,552,4,39,0,Collected via Nexus Mods API.
2026-07-31,nexus,17387,Cassilia's Old Constellation Uniform,https://www.nexusmods.com/starfield/mods/17387,https://staticdelivery.nexusmods.com/mods/4187/images/17387/17387-1780911831-1036925630.png,3607,2435,24,159,0,Collected via Nexus Mods API.
2026-07-31,nexus,17461,CASSILIAs POWER FIST,https://www.nexusmods.com/starfield/mods/17461,https://staticdelivery.nexusmods.com/mods/4187/images/17461/17461-1781423403-782378004.png,923,619,8,27,0,Collected via Nexus Mods API.
2026-07-31,nexus,17479,CPF-UC VANGUARD POWER FIST MK2,https://www.nexusmods.com/starfield/mods/17479,https://staticdelivery.nexusmods.com/mods/4187/images/17479/17479-1781621856-615818030.png,204,187,2,10,0,Collected via Nexus Mods API.
2026-07-31,nexus,17489,CPF-STARBORN POWER FIST UNITY,https://www.nexusmods.com/starfield/mods/17489,https://staticdelivery.nexusmods.com/mods/4187/images/17489/17489-1781703543-86285545.png,263,253,1,13,0,Collected via Nexus Mods API.
2026-07-31,nexus,17500,CPF-STARBORN  POWER FIST OMEGA,https://www.nexusmods.com/starfield/mods/17500,https://staticdelivery.nexusmods.com/mods/4187/images/17500/17500-1781842553-1785018540.png,248,218,1,13,0,Collected via Nexus Mods API.
2026-07-31,nexus,17501,CPF-CRIMSON FLEET POWER FIST HELLHOUND,https://www.nexusmods.com/starfield/mods/17501,https://staticdelivery.nexusmods.com/mods/4187/images/17501/17501-1781854590-1310759891.png,160,149,0,9,0,Collected via Nexus Mods API.
2026-07-31,nexus,17521,CASSILIAs Trainning Dummy,https://www.nexusmods.com/starfield/mods/17521,https://staticdelivery.nexusmods.com/mods/4187/images/17521/17521-1782131371-2132304027.png,40,37,1,3,0,Collected via Nexus Mods API.
2026-07-31,nexus,17575,Realistic Helmet 1st Person Vision,https://www.nexusmods.com/starfield/mods/17575,https://staticdelivery.nexusmods.com/mods/4187/images/17575/17575-1782455739-853488750.png,1168,635,15,30,0,Collected via Nexus Mods API.
2026-07-31,nexus,17625,TGG Texture Forge - Starfield DDS Converter,https://www.nexusmods.com/starfield/mods/17625,https://staticdelivery.nexusmods.com/mods/4187/images/17625/17625-1783086268-2069741715.png,83,58,0,9,0,Collected via Nexus Mods API.
2026-07-31,nexus,17632,CPF-RYUJIN DEATH CLAW,https://www.nexusmods.com/starfield/mods/17632,https://staticdelivery.nexusmods.com/mods/4187/images/17632/17632-1783125559-925033020.png,160,148,1,8,0,Collected via Nexus Mods API.
2026-07-31,nexus,17727,TGG BA2 Platform Watcher,https://www.nexusmods.com/starfield/mods/17727,https://staticdelivery.nexusmods.com/mods/4187/images/17727/17727-1784439369-1623894850.png,18,14,3,1,0,Collected via Nexus Mods API.
2026-07-31,nexus,17735,CASSILIA's MANTIS UNDERSUIT,https://www.nexusmods.com/starfield/mods/17735,https://staticdelivery.nexusmods.com/mods/4187/images/17735/17735-1784536941-1636927580.png,493,449,9,29,0,Collected via Nexus Mods API.
2026-07-31,nexus,17753,CPF-MANTIS BLADE,https://www.nexusmods.com/starfield/mods/17753,https://staticdelivery.nexusmods.com/mods/4187/images/17753/17753-1784809939-2078300811.png,107,99,3,3,0,Collected via Nexus Mods API.
2026-07-31,nexus,17777,Cassilias Casual Outfit and Glasses,https://www.nexusmods.com/starfield/mods/17777,https://staticdelivery.nexusmods.com/mods/4187/images/17777/17777-1785074310-1262931634.png,223,152,12,10,0,Collected via Nexus Mods API.
2026-08-01,nexus,17070,TGGs Sexy Black Lingerie,https://www.nexusmods.com/starfield/mods/17070,https://staticdelivery.nexusmods.com/mods/4187/images/17070/17070-1778687683-1944088645.png,619,492,7,35,0,Collected via Nexus Mods API.
2026-08-01,nexus,17126,THE TERMINUS,https://www.nexusmods.com/starfield/mods/17126,https://staticdelivery.nexusmods.com/mods/4187/images/17126/17126-1779071888-668213181.png,1585,841,3,36,0,Collected via Nexus Mods API.
2026-08-01,nexus,17251,Nebula Protocol Suit,https://www.nexusmods.com/starfield/mods/17251,https://staticdelivery.nexusmods.com/mods/4187/images/17251/17251-1779804128-1212319096.png,585,511,9,25,0,Collected via Nexus Mods API.
2026-08-01,nexus,17285,CASSILIAs SOUL,https://www.nexusmods.com/starfield/mods/17285,https://staticdelivery.nexusmods.com/mods/4187/images/17285/17285-1780066726-1556236471.png,415,300,2,12,0,Collected via Nexus Mods API.
2026-08-01,nexus,17362,TGG Cloth-DVA bodysuit,https://www.nexusmods.com/starfield/mods/17362,https://staticdelivery.nexusmods.com/mods/4187/images/17362/17362-1780583435-1843506797.png,788,556,6,39,0,Collected via Nexus Mods API.
2026-08-01,nexus,17387,Cassilia's Old Constellation Uniform,https://www.nexusmods.com/starfield/mods/17387,https://staticdelivery.nexusmods.com/mods/4187/images/17387/17387-1780911831-1036925630.png,3643,2455,36,159,0,Collected via Nexus Mods API.
2026-08-01,nexus,17461,CASSILIAs POWER FIST,https://www.nexusmods.com/starfield/mods/17461,https://staticdelivery.nexusmods.com/mods/4187/images/17461/17461-1781423403-782378004.png,934,624,11,27,0,Collected via Nexus Mods API.
2026-08-01,nexus,17479,CPF-UC VANGUARD POWER FIST MK2,https://www.nexusmods.com/starfield/mods/17479,https://staticdelivery.nexusmods.com/mods/4187/images/17479/17479-1781621856-615818030.png,206,188,2,10,0,Collected via Nexus Mods API.
2026-08-01,nexus,17489,CPF-STARBORN POWER FIST UNITY,https://www.nexusmods.com/starfield/mods/17489,https://staticdelivery.nexusmods.com/mods/4187/images/17489/17489-1781703543-86285545.png,269,255,6,13,0,Collected via Nexus Mods API.
2026-08-01,nexus,17500,CPF-STARBORN  POWER FIST OMEGA,https://www.nexusmods.com/starfield/mods/17500,https://staticdelivery.nexusmods.com/mods/4187/images/17500/17500-1781842553-1785018540.png,254,223,6,13,0,Collected via Nexus Mods API.
2026-08-01,nexus,17501,CPF-CRIMSON FLEET POWER FIST HELLHOUND,https://www.nexusmods.com/starfield/mods/17501,https://staticdelivery.nexusmods.com/mods/4187/images/17501/17501-1781854590-1310759891.png,163,151,3,9,0,Collected via Nexus Mods API.
2026-08-01,nexus,17521,CASSILIAs Trainning Dummy,https://www.nexusmods.com/starfield/mods/17521,https://staticdelivery.nexusmods.com/mods/4187/images/17521/17521-1782131371-2132304027.png,40,37,0,3,0,Collected via Nexus Mods API.
2026-08-01,nexus,17575,Realistic Helmet 1st Person Vision,https://www.nexusmods.com/starfield/mods/17575,https://staticdelivery.nexusmods.com/mods/4187/images/17575/17575-1782455739-853488750.png,1183,641,15,31,0,Collected via Nexus Mods API.
2026-08-01,nexus,17625,TGG Texture Forge - Starfield DDS Converter,https://www.nexusmods.com/starfield/mods/17625,https://staticdelivery.nexusmods.com/mods/4187/images/17625/17625-1783086268-2069741715.png,84,59,1,9,0,Collected via Nexus Mods API.
2026-08-01,nexus,17632,CPF-RYUJIN DEATH CLAW,https://www.nexusmods.com/starfield/mods/17632,https://staticdelivery.nexusmods.com/mods/4187/images/17632/17632-1783125559-925033020.png,164,151,4,8,0,Collected via Nexus Mods API.
2026-08-01,nexus,17727,TGG BA2 Platform Watcher,https://www.nexusmods.com/starfield/mods/17727,https://staticdelivery.nexusmods.com/mods/4187/images/17727/17727-1784439369-1623894850.png,18,14,0,1,0,Collected via Nexus Mods API.
2026-08-01,nexus,17735,CASSILIA's MANTIS UNDERSUIT,https://www.nexusmods.com/starfield/mods/17735,https://staticdelivery.nexusmods.com/mods/4187/images/17735/17735-1784536941-1636927580.png,510,460,17,29,0,Collected via Nexus Mods API.
2026-08-01,nexus,17753,CPF-MANTIS BLADE,https://www.nexusmods.com/starfield/mods/17753,https://staticdelivery.nexusmods.com/mods/4187/images/17753/17753-1784809939-2078300811.png,112,103,5,3,0,Collected via Nexus Mods API.
2026-08-01,nexus,17777,Cassilias Casual Outfit and Glasses,https://www.nexusmods.com/starfield/mods/17777,https://staticdelivery.nexusmods.com/mods/4187/images/17777/17777-1785074310-1262931634.png,232,158,9,10,0,Collected via Nexus Mods API.
2026-08-02,nexus,17070,TGGs Sexy Black Lingerie,https://www.nexusmods.com/starfield/mods/17070,https://staticdelivery.nexusmods.com/mods/4187/images/17070/17070-1778687683-1944088645.png,620,491,1,36,0,Collected via Nexus Mods API.
2026-08-02,nexus,17126,THE TERMINUS,https://www.nexusmods.com/starfield/mods/17126,https://staticdelivery.nexusmods.com/mods/4187/images/17126/17126-1779071888-668213181.png,1591,847,6,36,0,Collected via Nexus Mods API.
2026-08-02,nexus,17251,Nebula Protocol Suit,https://www.nexusmods.com/starfield/mods/17251,https://staticdelivery.nexusmods.com/mods/4187/images/17251/17251-1779804128-1212319096.png,584,512,0,25,0,Collected via Nexus Mods API.
2026-08-02,nexus,17285,CASSILIAs SOUL,https://www.nexusmods.com/starfield/mods/17285,https://staticdelivery.nexusmods.com/mods/4187/images/17285/17285-1780066726-1556236471.png,417,302,2,12,0,Collected via Nexus Mods API.
2026-08-02,nexus,17362,TGG Cloth-DVA bodysuit,https://www.nexusmods.com/starfield/mods/17362,https://staticdelivery.nexusmods.com/mods/4187/images/17362/17362-1780583435-1843506797.png,790,559,2,39,0,Collected via Nexus Mods API.
2026-08-02,nexus,17387,Cassilia's Old Constellation Uniform,https://www.nexusmods.com/starfield/mods/17387,https://staticdelivery.nexusmods.com/mods/4187/images/17387/17387-1780911831-1036925630.png,3658,2469,15,159,0,Collected via Nexus Mods API.
2026-08-02,nexus,17461,CASSILIAs POWER FIST,https://www.nexusmods.com/starfield/mods/17461,https://staticdelivery.nexusmods.com/mods/4187/images/17461/17461-1781423403-782378004.png,940,631,6,27,0,Collected via Nexus Mods API.
2026-08-02,nexus,17479,CPF-UC VANGUARD POWER FIST MK2,https://www.nexusmods.com/starfield/mods/17479,https://staticdelivery.nexusmods.com/mods/4187/images/17479/17479-1781621856-615818030.png,208,191,2,10,0,Collected via Nexus Mods API.
2026-08-02,nexus,17489,CPF-STARBORN POWER FIST UNITY,https://www.nexusmods.com/starfield/mods/17489,https://staticdelivery.nexusmods.com/mods/4187/images/17489/17489-1781703543-86285545.png,267,257,0,13,0,Collected via Nexus Mods API.
2026-08-02,nexus,17500,CPF-STARBORN  POWER FIST OMEGA,https://www.nexusmods.com/starfield/mods/17500,https://staticdelivery.nexusmods.com/mods/4187/images/17500/17500-1781842553-1785018540.png,256,226,2,13,0,Collected via Nexus Mods API.
2026-08-02,nexus,17501,CPF-CRIMSON FLEET POWER FIST HELLHOUND,https://www.nexusmods.com/starfield/mods/17501,https://staticdelivery.nexusmods.com/mods/4187/images/17501/17501-1781854590-1310759891.png,164,152,1,9,0,Collected via Nexus Mods API.
2026-08-02,nexus,17521,CASSILIAs Trainning Dummy,https://www.nexusmods.com/starfield/mods/17521,https://staticdelivery.nexusmods.com/mods/4187/images/17521/17521-1782131371-2132304027.png,41,38,1,3,0,Collected via Nexus Mods API.
2026-08-02,nexus,17575,Realistic Helmet 1st Person Vision,https://www.nexusmods.com/starfield/mods/17575,https://staticdelivery.nexusmods.com/mods/4187/images/17575/17575-1782455739-853488750.png,1187,646,4,31,0,Collected via Nexus Mods API.
2026-08-02,nexus,17625,TGG Texture Forge - Starfield DDS Converter,https://www.nexusmods.com/starfield/mods/17625,https://staticdelivery.nexusmods.com/mods/4187/images/17625/17625-1783086268-2069741715.png,85,60,1,9,0,Collected via Nexus Mods API.
2026-08-02,nexus,17632,CPF-RYUJIN DEATH CLAW,https://www.nexusmods.com/starfield/mods/17632,https://staticdelivery.nexusmods.com/mods/4187/images/17632/17632-1783125559-925033020.png,164,152,0,8,0,Collected via Nexus Mods API.
2026-08-02,nexus,17727,TGG BA2 Platform Watcher,https://www.nexusmods.com/starfield/mods/17727,https://staticdelivery.nexusmods.com/mods/4187/images/17727/17727-1784439369-1623894850.png,18,14,0,1,0,Collected via Nexus Mods API.
2026-08-02,nexus,17735,CASSILIA's MANTIS UNDERSUIT,https://www.nexusmods.com/starfield/mods/17735,https://staticdelivery.nexusmods.com/mods/4187/images/17735/17735-1784536941-1636927580.png,520,471,10,31,0,Collected via Nexus Mods API.
2026-08-02,nexus,17753,CPF-MANTIS BLADE,https://www.nexusmods.com/starfield/mods/17753,https://staticdelivery.nexusmods.com/mods/4187/images/17753/17753-1784809939-2078300811.png,112,104,0,4,0,Collected via Nexus Mods API.
2026-08-02,nexus,17777,Cassilias Casual Outfit and Glasses,https://www.nexusmods.com/starfield/mods/17777,https://staticdelivery.nexusmods.com/mods/4187/images/17777/17777-1785074310-1262931634.png,245,168,13,11,0,Collected via Nexus Mods API.
2026-08-03,nexus,17070,TGGs Sexy Black Lingerie,https://www.nexusmods.com/starfield/mods/17070,https://staticdelivery.nexusmods.com/mods/4187/images/17070/17070-1778687683-1944088645.png,621,493,1,36,0,Collected via Nexus Mods API.
2026-08-03,nexus,17126,THE TERMINUS,https://www.nexusmods.com/starfield/mods/17126,https://staticdelivery.nexusmods.com/mods/4187/images/17126/17126-1779071888-668213181.png,1587,844,0,39,0,Collected via Nexus Mods API.
2026-08-03,nexus,17251,Nebula Protocol Suit,https://www.nexusmods.com/starfield/mods/17251,https://staticdelivery.nexusmods.com/mods/4187/images/17251/17251-1779804128-1212319096.png,587,516,3,26,0,Collected via Nexus Mods API.
2026-08-03,nexus,17285,CASSILIAs SOUL,https://www.nexusmods.com/starfield/mods/17285,https://staticdelivery.nexusmods.com/mods/4187/images/17285/17285-1780066726-1556236471.png,417,302,0,13,0,Collected via Nexus Mods API.
2026-08-03,nexus,17362,TGG Cloth-DVA bodysuit,https://www.nexusmods.com/starfield/mods/17362,https://staticdelivery.nexusmods.com/mods/4187/images/17362/17362-1780583435-1843506797.png,793,563,3,41,0,Collected via Nexus Mods API.
2026-08-03,nexus,17387,Cassilia's Old Constellation Uniform,https://www.nexusmods.com/starfield/mods/17387,https://staticdelivery.nexusmods.com/mods/4187/images/17387/17387-1780911831-1036925630.png,3655,2466,0,160,0,Collected via Nexus Mods API.
2026-08-03,nexus,17461,CASSILIAs POWER FIST,https://www.nexusmods.com/starfield/mods/17461,https://staticdelivery.nexusmods.com/mods/4187/images/17461/17461-1781423403-782378004.png,937,630,0,28,0,Collected via Nexus Mods API.
2026-08-03,nexus,17479,CPF-UC VANGUARD POWER FIST MK2,https://www.nexusmods.com/starfield/mods/17479,https://staticdelivery.nexusmods.com/mods/4187/images/17479/17479-1781621856-615818030.png,206,189,0,10,0,Collected via Nexus Mods API.
2026-08-03,nexus,17489,CPF-STARBORN POWER FIST UNITY,https://www.nexusmods.com/starfield/mods/17489,https://staticdelivery.nexusmods.com/mods/4187/images/17489/17489-1781703543-86285545.png,267,257,0,14,0,Collected via Nexus Mods API.
2026-08-03,nexus,17500,CPF-STARBORN  POWER FIST OMEGA,https://www.nexusmods.com/starfield/mods/17500,https://staticdelivery.nexusmods.com/mods/4187/images/17500/17500-1781842553-1785018540.png,254,224,0,13,0,Collected via Nexus Mods API.
2026-08-03,nexus,17501,CPF-CRIMSON FLEET POWER FIST HELLHOUND,https://www.nexusmods.com/starfield/mods/17501,https://staticdelivery.nexusmods.com/mods/4187/images/17501/17501-1781854590-1310759891.png,164,152,0,9,0,Collected via Nexus Mods API.
2026-08-03,nexus,17521,CASSILIAs Trainning Dummy,https://www.nexusmods.com/starfield/mods/17521,https://staticdelivery.nexusmods.com/mods/4187/images/17521/17521-1782131371-2132304027.png,41,38,0,3,0,Collected via Nexus Mods API.
2026-08-03,nexus,17575,Realistic Helmet 1st Person Vision,https://www.nexusmods.com/starfield/mods/17575,https://staticdelivery.nexusmods.com/mods/4187/images/17575/17575-1782455739-853488750.png,1189,648,2,32,0,Collected via Nexus Mods API.
2026-08-03,nexus,17625,TGG Texture Forge - Starfield DDS Converter,https://www.nexusmods.com/starfield/mods/17625,https://staticdelivery.nexusmods.com/mods/4187/images/17625/17625-1783086268-2069741715.png,85,60,0,9,0,Collected via Nexus Mods API.
2026-08-03,nexus,17632,CPF-RYUJIN DEATH CLAW,https://www.nexusmods.com/starfield/mods/17632,https://staticdelivery.nexusmods.com/mods/4187/images/17632/17632-1783125559-925033020.png,162,150,0,8,0,Collected via Nexus Mods API.
2026-08-03,nexus,17727,TGG BA2 Platform Watcher,https://www.nexusmods.com/starfield/mods/17727,https://staticdelivery.nexusmods.com/mods/4187/images/17727/17727-1784439369-1623894850.png,18,14,0,1,0,Collected via Nexus Mods API.
2026-08-03,nexus,17735,CASSILIA's MANTIS UNDERSUIT,https://www.nexusmods.com/starfield/mods/17735,https://staticdelivery.nexusmods.com/mods/4187/images/17735/17735-1784536941-1636927580.png,515,466,0,32,0,Collected via Nexus Mods API.
2026-08-03,nexus,17753,CPF-MANTIS BLADE,https://www.nexusmods.com/starfield/mods/17753,https://staticdelivery.nexusmods.com/mods/4187/images/17753/17753-1784809939-2078300811.png,114,104,2,5,0,Collected via Nexus Mods API.
2026-08-03,nexus,17777,Cassilias Casual Outfit and Glasses,https://www.nexusmods.com/starfield/mods/17777,https://staticdelivery.nexusmods.com/mods/4187/images/17777/17777-1785074310-1262931634.png,241,164,0,12,0,Collected via Nexus Mods API.
2026-08-04,nexus,17070,TGGs Sexy Black Lingerie,https://www.nexusmods.com/starfield/mods/17070,https://staticdelivery.nexusmods.com/mods/4187/images/17070/17070-1778687683-1944088645.png,617,489,0,36,0,Collected via Nexus Mods API.
2026-08-04,nexus,17126,THE TERMINUS,https://www.nexusmods.com/starfield/mods/17126,https://staticdelivery.nexusmods.com/mods/4187/images/17126/17126-1779071888-668213181.png,1586,842,0,39,0,Collected via Nexus Mods API.
2026-08-04,nexus,17251,Nebula Protocol Suit,https://www.nexusmods.com/starfield/mods/17251,https://staticdelivery.nexusmods.com/mods/4187/images/17251/17251-1779804128-1212319096.png,584,512,0,26,0,Collected via Nexus Mods API.
2026-08-04,nexus,17285,CASSILIAs SOUL,https://www.nexusmods.com/starfield/mods/17285,https://staticdelivery.nexusmods.com/mods/4187/images/17285/17285-1780066726-1556236471.png,415,300,0,13,0,Collected via Nexus Mods API.
2026-08-04,nexus,17362,TGG Cloth-DVA bodysuit,https://www.nexusmods.com/starfield/mods/17362,https://staticdelivery.nexusmods.com/mods/4187/images/17362/17362-1780583435-1843506797.png,787,557,0,42,0,Collected via Nexus Mods API.
2026-08-04,nexus,17387,Cassilia's Old Constellation Uniform,https://www.nexusmods.com/starfield/mods/17387,https://staticdelivery.nexusmods.com/mods/4187/images/17387/17387-1780911831-1036925630.png,3638,2456,0,160,0,Collected via Nexus Mods API.
2026-08-04,nexus,17461,CASSILIAs POWER FIST,https://www.nexusmods.com/starfield/mods/17461,https://staticdelivery.nexusmods.com/mods/4187/images/17461/17461-1781423403-782378004.png,937,629,0,28,0,Collected via Nexus Mods API.
2026-08-04,nexus,17479,CPF-UC VANGUARD POWER FIST MK2,https://www.nexusmods.com/starfield/mods/17479,https://staticdelivery.nexusmods.com/mods/4187/images/17479/17479-1781621856-615818030.png,206,189,0,10,0,Collected via Nexus Mods API.
2026-08-04,nexus,17489,CPF-STARBORN POWER FIST UNITY,https://www.nexusmods.com/starfield/mods/17489,https://staticdelivery.nexusmods.com/mods/4187/images/17489/17489-1781703543-86285545.png,265,255,0,14,0,Collected via Nexus Mods API.
2026-08-04,nexus,17500,CPF-STARBORN  POWER FIST OMEGA,https://www.nexusmods.com/starfield/mods/17500,https://staticdelivery.nexusmods.com/mods/4187/images/17500/17500-1781842553-1785018540.png,253,223,0,13,0,Collected via Nexus Mods API.
2026-08-04,nexus,17501,CPF-CRIMSON FLEET POWER FIST HELLHOUND,https://www.nexusmods.com/starfield/mods/17501,https://staticdelivery.nexusmods.com/mods/4187/images/17501/17501-1781854590-1310759891.png,163,151,0,9,0,Collected via Nexus Mods API.
2026-08-04,nexus,17521,CASSILIAs Trainning Dummy,https://www.nexusmods.com/starfield/mods/17521,https://staticdelivery.nexusmods.com/mods/4187/images/17521/17521-1782131371-2132304027.png,41,38,0,3,0,Collected via Nexus Mods API.
2026-08-04,nexus,17575,Realistic Helmet 1st Person Vision,https://www.nexusmods.com/starfield/mods/17575,https://staticdelivery.nexusmods.com/mods/4187/images/17575/17575-1782455739-853488750.png,1189,644,0,32,0,Collected via Nexus Mods API.
2026-08-04,nexus,17625,TGG Texture Forge - Starfield DDS Converter,https://www.nexusmods.com/starfield/mods/17625,https://staticdelivery.nexusmods.com/mods/4187/images/17625/17625-1783086268-2069741715.png,84,59,0,9,0,Collected via Nexus Mods API.
2026-08-04,nexus,17632,CPF-RYUJIN DEATH CLAW,https://www.nexusmods.com/starfield/mods/17632,https://staticdelivery.nexusmods.com/mods/4187/images/17632/17632-1783125559-925033020.png,161,149,0,8,0,Collected via Nexus Mods API.
2026-08-04,nexus,17727,TGG BA2 Platform Watcher,https://www.nexusmods.com/starfield/mods/17727,https://staticdelivery.nexusmods.com/mods/4187/images/17727/17727-1784439369-1623894850.png,18,14,0,1,0,Collected via Nexus Mods API.
2026-08-04,nexus,17735,CASSILIA's MANTIS UNDERSUIT,https://www.nexusmods.com/starfield/mods/17735,https://staticdelivery.nexusmods.com/mods/4187/images/17735/17735-1784536941-1636927580.png,511,463,0,32,0,Collected via Nexus Mods API.
2026-08-04,nexus,17753,CPF-MANTIS BLADE,https://www.nexusmods.com/starfield/mods/17753,https://staticdelivery.nexusmods.com/mods/4187/images/17753/17753-1784809939-2078300811.png,110,102,0,5,0,Collected via Nexus Mods API.
2026-08-04,nexus,17777,Cassilias Casual Outfit and Glasses,https://www.nexusmods.com/starfield/mods/17777,https://staticdelivery.nexusmods.com/mods/4187/images/17777/17777-1785074310-1262931634.png,238,162,0,12,0,Collected via Nexus Mods API.
2026-08-05,nexus,17070,TGGs Sexy Black Lingerie,https://www.nexusmods.com/starfield/mods/17070,https://staticdelivery.nexusmods.com/mods/4187/images/17070/17070-1778687683-1944088645.png,617,489,0,36,0,Collected via Nexus Mods API.
2026-08-05,nexus,17126,THE TERMINUS,https://www.nexusmods.com/starfield/mods/17126,https://staticdelivery.nexusmods.com/mods/4187/images/17126/17126-1779071888-668213181.png,1586,843,0,39,0,Collected via Nexus Mods API.
2026-08-05,nexus,17251,Nebula Protocol Suit,https://www.nexusmods.com/starfield/mods/17251,https://staticdelivery.nexusmods.com/mods/4187/images/17251/17251-1779804128-1212319096.png,584,512,0,26,0,Collected via Nexus Mods API.
2026-08-05,nexus,17285,CASSILIAs SOUL,https://www.nexusmods.com/starfield/mods/17285,https://staticdelivery.nexusmods.com/mods/4187/images/17285/17285-1780066726-1556236471.png,416,301,1,13,0,Collected via Nexus Mods API.
2026-08-05,nexus,17362,TGG Cloth-DVA bodysuit,https://www.nexusmods.com/starfield/mods/17362,https://staticdelivery.nexusmods.com/mods/4187/images/17362/17362-1780583435-1843506797.png,788,557,1,42,0,Collected via Nexus Mods API.
2026-08-05,nexus,17387,Cassilia's Old Constellation Uniform,https://www.nexusmods.com/starfield/mods/17387,https://staticdelivery.nexusmods.com/mods/4187/images/17387/17387-1780911831-1036925630.png,3642,2459,4,161,0,Collected via Nexus Mods API.
2026-08-05,nexus,17461,CASSILIAs POWER FIST,https://www.nexusmods.com/starfield/mods/17461,https://staticdelivery.nexusmods.com/mods/4187/images/17461/17461-1781423403-782378004.png,932,627,0,28,0,Collected via Nexus Mods API.
2026-08-05,nexus,17479,CPF-UC VANGUARD POWER FIST MK2,https://www.nexusmods.com/starfield/mods/17479,https://staticdelivery.nexusmods.com/mods/4187/images/17479/17479-1781621856-615818030.png,205,188,0,10,0,Collected via Nexus Mods API.
2026-08-05,nexus,17489,CPF-STARBORN POWER FIST UNITY,https://www.nexusmods.com/starfield/mods/17489,https://staticdelivery.nexusmods.com/mods/4187/images/17489/17489-1781703543-86285545.png,265,255,0,14,0,Collected via Nexus Mods API.
2026-08-05,nexus,17500,CPF-STARBORN  POWER FIST OMEGA,https://www.nexusmods.com/starfield/mods/17500,https://staticdelivery.nexusmods.com/mods/4187/images/17500/17500-1781842553-1785018540.png,253,223,0,13,0,Collected via Nexus Mods API.
2026-08-05,nexus,17501,CPF-CRIMSON FLEET POWER FIST HELLHOUND,https://www.nexusmods.com/starfield/mods/17501,https://staticdelivery.nexusmods.com/mods/4187/images/17501/17501-1781854590-1310759891.png,164,152,1,9,0,Collected via Nexus Mods API.
2026-08-05,nexus,17521,CASSILIAs Trainning Dummy,https://www.nexusmods.com/starfield/mods/17521,https://staticdelivery.nexusmods.com/mods/4187/images/17521/17521-1782131371-2132304027.png,41,38,0,3,0,Collected via Nexus Mods API.
2026-08-05,nexus,17575,Realistic Helmet 1st Person Vision,https://www.nexusmods.com/starfield/mods/17575,https://staticdelivery.nexusmods.com/mods/4187/images/17575/17575-1782455739-853488750.png,1193,647,4,33,0,Collected via Nexus Mods API.
2026-08-05,nexus,17625,TGG Texture Forge - Starfield DDS Converter,https://www.nexusmods.com/starfield/mods/17625,https://staticdelivery.nexusmods.com/mods/4187/images/17625/17625-1783086268-2069741715.png,84,59,0,9,0,Collected via Nexus Mods API.
2026-08-05,nexus,17632,CPF-RYUJIN DEATH CLAW,https://www.nexusmods.com/starfield/mods/17632,https://staticdelivery.nexusmods.com/mods/4187/images/17632/17632-1783125559-925033020.png,162,150,1,8,0,Collected via Nexus Mods API.
2026-08-05,nexus,17727,TGG BA2 Platform Watcher,https://www.nexusmods.com/starfield/mods/17727,https://staticdelivery.nexusmods.com/mods/4187/images/17727/17727-1784439369-1623894850.png,18,14,0,1,0,Collected via Nexus Mods API.
2026-08-05,nexus,17735,CASSILIA's MANTIS UNDERSUIT,https://www.nexusmods.com/starfield/mods/17735,https://staticdelivery.nexusmods.com/mods/4187/images/17735/17735-1784536941-1636927580.png,509,462,0,33,0,Collected via Nexus Mods API.
2026-08-05,nexus,17753,CPF-MANTIS BLADE,https://www.nexusmods.com/starfield/mods/17753,https://staticdelivery.nexusmods.com/mods/4187/images/17753/17753-1784809939-2078300811.png,110,102,0,5,0,Collected via Nexus Mods API.
2026-08-05,nexus,17777,Cassilias Casual Outfit and Glasses,https://www.nexusmods.com/starfield/mods/17777,https://staticdelivery.nexusmods.com/mods/4187/images/17777/17777-1785074310-1262931634.png,237,161,0,12,0,Collected via Nexus Mods API.
2026-08-06,nexus,17070,TGGs Sexy Black Lingerie,https://www.nexusmods.com/starfield/mods/17070,https://staticdelivery.nexusmods.com/mods/4187/images/17070/17070-1778687683-1944088645.png,618,489,1,36,0,Collected via Nexus Mods API.
2026-08-06,nexus,17126,THE TERMINUS,https://www.nexusmods.com/starfield/mods/17126,https://staticdelivery.nexusmods.com/mods/4187/images/17126/17126-1779071888-668213181.png,1587,844,1,39,0,Collected via Nexus Mods API.
2026-08-06,nexus,17251,Nebula Protocol Suit,https://www.nexusmods.com/starfield/mods/17251,https://staticdelivery.nexusmods.com/mods/4187/images/17251/17251-1779804128-1212319096.png,581,510,0,26,0,Collected via Nexus Mods API.
2026-08-06,nexus,17285,CASSILIAs SOUL,https://www.nexusmods.com/starfield/mods/17285,https://staticdelivery.nexusmods.com/mods/4187/images/17285/17285-1780066726-1556236471.png,415,300,0,13,0,Collected via Nexus Mods API.
2026-08-06,nexus,17362,TGG Cloth-DVA bodysuit,https://www.nexusmods.com/starfield/mods/17362,https://staticdelivery.nexusmods.com/mods/4187/images/17362/17362-1780583435-1843506797.png,789,558,1,42,0,Collected via Nexus Mods API.
2026-08-06,nexus,17387,Cassilia's Old Constellation Uniform,https://www.nexusmods.com/starfield/mods/17387,https://staticdelivery.nexusmods.com/mods/4187/images/17387/17387-1780911831-1036925630.png,3645,2459,3,164,0,Collected via Nexus Mods API.
2026-08-06,nexus,17461,CASSILIAs POWER FIST,https://www.nexusmods.com/starfield/mods/17461,https://staticdelivery.nexusmods.com/mods/4187/images/17461/17461-1781423403-782378004.png,932,627,0,28,0,Collected via Nexus Mods API.
2026-08-06,nexus,17479,CPF-UC VANGUARD POWER FIST MK2,https://www.nexusmods.com/starfield/mods/17479,https://staticdelivery.nexusmods.com/mods/4187/images/17479/17479-1781621856-615818030.png,205,188,0,10,0,Collected via Nexus Mods API.
2026-08-06,nexus,17489,CPF-STARBORN POWER FIST UNITY,https://www.nexusmods.com/starfield/mods/17489,https://staticdelivery.nexusmods.com/mods/4187/images/17489/17489-1781703543-86285545.png,265,255,0,14,0,Collected via Nexus Mods API.
2026-08-06,nexus,17500,CPF-STARBORN  POWER FIST OMEGA,https://www.nexusmods.com/starfield/mods/17500,https://staticdelivery.nexusmods.com/mods/4187/images/17500/17500-1781842553-1785018540.png,253,223,0,13,0,Collected via Nexus Mods API.
2026-08-06,nexus,17501,CPF-CRIMSON FLEET POWER FIST HELLHOUND,https://www.nexusmods.com/starfield/mods/17501,https://staticdelivery.nexusmods.com/mods/4187/images/17501/17501-1781854590-1310759891.png,163,151,0,9,0,Collected via Nexus Mods API.
2026-08-06,nexus,17521,CASSILIAs Trainning Dummy,https://www.nexusmods.com/starfield/mods/17521,https://staticdelivery.nexusmods.com/mods/4187/images/17521/17521-1782131371-2132304027.png,41,38,0,3,0,Collected via Nexus Mods API.
2026-08-06,nexus,17575,Realistic Helmet 1st Person Vision,https://www.nexusmods.com/starfield/mods/17575,https://staticdelivery.nexusmods.com/mods/4187/images/17575/17575-1782455739-853488750.png,1186,644,0,34,0,Collected via Nexus Mods API.
2026-08-06,nexus,17625,TGG Texture Forge - Starfield DDS Converter,https://www.nexusmods.com/starfield/mods/17625,https://staticdelivery.nexusmods.com/mods/4187/images/17625/17625-1783086268-2069741715.png,84,59,0,9,0,Collected via Nexus Mods API.
2026-08-06,nexus,17632,CPF-RYUJIN DEATH CLAW,https://www.nexusmods.com/starfield/mods/17632,https://staticdelivery.nexusmods.com/mods/4187/images/17632/17632-1783125559-925033020.png,161,149,0,8,0,Collected via Nexus Mods API.
2026-08-06,nexus,17727,TGG BA2 Platform Watcher,https://www.nexusmods.com/starfield/mods/17727,https://staticdelivery.nexusmods.com/mods/4187/images/17727/17727-1784439369-1623894850.png,18,14,0,1,0,Collected via Nexus Mods API.
2026-08-06,nexus,17735,CASSILIA's MANTIS UNDERSUIT,https://www.nexusmods.com/starfield/mods/17735,https://staticdelivery.nexusmods.com/mods/4187/images/17735/17735-1784536941-1636927580.png,510,463,1,36,0,Collected via Nexus Mods API.
2026-08-06,nexus,17753,CPF-MANTIS BLADE,https://www.nexusmods.com/starfield/mods/17753,https://staticdelivery.nexusmods.com/mods/4187/images/17753/17753-1784809939-2078300811.png,109,101,0,5,0,Collected via Nexus Mods API.
2026-08-06,nexus,17777,Cassilias Casual Outfit and Glasses,https://www.nexusmods.com/starfield/mods/17777,https://staticdelivery.nexusmods.com/mods/4187/images/17777/17777-1785074310-1262931634.png,238,163,1,12,0,Collected via Nexus Mods API.
2026-08-07,nexus,17070,TGGs Sexy Black Lingerie,https://www.nexusmods.com/starfield/mods/17070,https://staticdelivery.nexusmods.com/mods/4187/images/17070/17070-1778687683-1944088645.png,616,489,0,36,0,Collected via Nexus Mods API.
2026-08-07,nexus,17126,THE TERMINUS,https://www.nexusmods.com/starfield/mods/17126,https://staticdelivery.nexusmods.com/mods/4187/images/17126/17126-1779071888-668213181.png,1588,844,1,39,0,Collected via Nexus Mods API.
2026-08-07,nexus,17251,Nebula Protocol Suit,https://www.nexusmods.com/starfield/mods/17251,https://staticdelivery.nexusmods.com/mods/4187/images/17251/17251-1779804128-1212319096.png,585,514,4,26,0,Collected via Nexus Mods API.
2026-08-07,nexus,17285,CASSILIAs SOUL,https://www.nexusmods.com/starfield/mods/17285,https://staticdelivery.nexusmods.com/mods/4187/images/17285/17285-1780066726-1556236471.png,415,300,0,13,0,Collected via Nexus Mods API.
2026-08-07,nexus,17362,TGG Cloth-DVA bodysuit,https://www.nexusmods.com/starfield/mods/17362,https://staticdelivery.nexusmods.com/mods/4187/images/17362/17362-1780583435-1843506797.png,792,558,3,43,0,Collected via Nexus Mods API.
2026-08-07,nexus,17387,Cassilia's Old Constellation Uniform,https://www.nexusmods.com/starfield/mods/17387,https://staticdelivery.nexusmods.com/mods/4187/images/17387/17387-1780911831-1036925630.png,3639,2451,0,165,0,Collected via Nexus Mods API.
2026-08-07,nexus,17461,CASSILIAs POWER FIST,https://www.nexusmods.com/starfield/mods/17461,https://staticdelivery.nexusmods.com/mods/4187/images/17461/17461-1781423403-782378004.png,932,627,0,28,0,Collected via Nexus Mods API.
2026-08-07,nexus,17479,CPF-UC VANGUARD POWER FIST MK2,https://www.nexusmods.com/starfield/mods/17479,https://staticdelivery.nexusmods.com/mods/4187/images/17479/17479-1781621856-615818030.png,205,188,0,10,0,Collected via Nexus Mods API.
2026-08-07,nexus,17489,CPF-STARBORN POWER FIST UNITY,https://www.nexusmods.com/starfield/mods/17489,https://staticdelivery.nexusmods.com/mods/4187/images/17489/17489-1781703543-86285545.png,266,256,1,14,0,Collected via Nexus Mods API.
2026-08-07,nexus,17500,CPF-STARBORN  POWER FIST OMEGA,https://www.nexusmods.com/starfield/mods/17500,https://staticdelivery.nexusmods.com/mods/4187/images/17500/17500-1781842553-1785018540.png,253,223,0,13,0,Collected via Nexus Mods API.
2026-08-07,nexus,17501,CPF-CRIMSON FLEET POWER FIST HELLHOUND,https://www.nexusmods.com/starfield/mods/17501,https://staticdelivery.nexusmods.com/mods/4187/images/17501/17501-1781854590-1310759891.png,163,151,0,9,0,Collected via Nexus Mods API.
2026-08-07,nexus,17521,CASSILIAs Trainning Dummy,https://www.nexusmods.com/starfield/mods/17521,https://staticdelivery.nexusmods.com/mods/4187/images/17521/17521-1782131371-2132304027.png,41,38,0,3,0,Collected via Nexus Mods API.
2026-08-07,nexus,17575,Realistic Helmet 1st Person Vision,https://www.nexusmods.com/starfield/mods/17575,https://staticdelivery.nexusmods.com/mods/4187/images/17575/17575-1782455739-853488750.png,1182,643,0,34,0,Collected via Nexus Mods API.
2026-08-07,nexus,17625,TGG Texture Forge - Starfield DDS Converter,https://www.nexusmods.com/starfield/mods/17625,https://staticdelivery.nexusmods.com/mods/4187/images/17625/17625-1783086268-2069741715.png,84,59,0,9,0,Collected via Nexus Mods API.
2026-08-07,nexus,17632,CPF-RYUJIN DEATH CLAW,https://www.nexusmods.com/starfield/mods/17632,https://staticdelivery.nexusmods.com/mods/4187/images/17632/17632-1783125559-925033020.png,161,149,0,8,0,Collected via Nexus Mods API.
2026-08-07,nexus,17727,TGG BA2 Platform Watcher,https://www.nexusmods.com/starfield/mods/17727,https://staticdelivery.nexusmods.com/mods/4187/images/17727/17727-1784439369-1623894850.png,18,14,0,1,0,Collected via Nexus Mods API.
2026-08-07,nexus,17735,CASSILIA's MANTIS UNDERSUIT,https://www.nexusmods.com/starfield/mods/17735,https://staticdelivery.nexusmods.com/mods/4187/images/17735/17735-1784536941-1636927580.png,505,457,0,36,0,Collected via Nexus Mods API.
2026-08-07,nexus,17753,CPF-MANTIS BLADE,https://www.nexusmods.com/starfield/mods/17753,https://staticdelivery.nexusmods.com/mods/4187/images/17753/17753-1784809939-2078300811.png,109,101,0,5,0,Collected via Nexus Mods API.
2026-08-07,nexus,17777,Cassilias Casual Outfit and Glasses,https://www.nexusmods.com/starfield/mods/17777,https://staticdelivery.nexusmods.com/mods/4187/images/17777/17777-1785074310-1262931634.png,237,162,0,12,0,Collected via Nexus Mods API.
2026-08-08,nexus,17070,TGGs Sexy Black Lingerie,https://www.nexusmods.com/starfield/mods/17070,https://staticdelivery.nexusmods.com/mods/4187/images/17070/17070-1778687683-1944088645.png,623,495,7,36,0,Collected via Nexus Mods API.
2026-08-08,nexus,17126,THE TERMINUS,https://www.nexusmods.com/starfield/mods/17126,https://staticdelivery.nexusmods.com/mods/4187/images/17126/17126-1779071888-668213181.png,1589,846,1,39,0,Collected via Nexus Mods API.
2026-08-08,nexus,17251,Nebula Protocol Suit,https://www.nexusmods.com/starfield/mods/17251,https://staticdelivery.nexusmods.com/mods/4187/images/17251/17251-1779804128-1212319096.png,586,515,1,28,0,Collected via Nexus Mods API.
2026-08-08,nexus,17285,CASSILIAs SOUL,https://www.nexusmods.com/starfield/mods/17285,https://staticdelivery.nexusmods.com/mods/4187/images/17285/17285-1780066726-1556236471.png,416,301,1,13,0,Collected via Nexus Mods API.
2026-08-08,nexus,17362,TGG Cloth-DVA bodysuit,https://www.nexusmods.com/starfield/mods/17362,https://staticdelivery.nexusmods.com/mods/4187/images/17362/17362-1780583435-1843506797.png,793,560,1,44,0,Collected via Nexus Mods API.
2026-08-08,nexus,17387,Cassilia's Old Constellation Uniform,https://www.nexusmods.com/starfield/mods/17387,https://staticdelivery.nexusmods.com/mods/4187/images/17387/17387-1780911831-1036925630.png,3649,2462,10,167,0,Collected via Nexus Mods API.
2026-08-08,nexus,17461,CASSILIAs POWER FIST,https://www.nexusmods.com/starfield/mods/17461,https://staticdelivery.nexusmods.com/mods/4187/images/17461/17461-1781423403-782378004.png,937,631,5,28,0,Collected via Nexus Mods API.
2026-08-08,nexus,17479,CPF-UC VANGUARD POWER FIST MK2,https://www.nexusmods.com/starfield/mods/17479,https://staticdelivery.nexusmods.com/mods/4187/images/17479/17479-1781621856-615818030.png,205,188,0,10,0,Collected via Nexus Mods API.
2026-08-08,nexus,17489,CPF-STARBORN POWER FIST UNITY,https://www.nexusmods.com/starfield/mods/17489,https://staticdelivery.nexusmods.com/mods/4187/images/17489/17489-1781703543-86285545.png,266,256,0,14,0,Collected via Nexus Mods API.
2026-08-08,nexus,17500,CPF-STARBORN  POWER FIST OMEGA,https://www.nexusmods.com/starfield/mods/17500,https://staticdelivery.nexusmods.com/mods/4187/images/17500/17500-1781842553-1785018540.png,253,223,0,13,0,Collected via Nexus Mods API.
2026-08-08,nexus,17501,CPF-CRIMSON FLEET POWER FIST HELLHOUND,https://www.nexusmods.com/starfield/mods/17501,https://staticdelivery.nexusmods.com/mods/4187/images/17501/17501-1781854590-1310759891.png,163,151,0,9,0,Collected via Nexus Mods API.
2026-08-08,nexus,17521,CASSILIAs Trainning Dummy,https://www.nexusmods.com/starfield/mods/17521,https://staticdelivery.nexusmods.com/mods/4187/images/17521/17521-1782131371-2132304027.png,43,40,2,3,0,Collected via Nexus Mods API.
2026-08-08,nexus,17575,Realistic Helmet 1st Person Vision,https://www.nexusmods.com/starfield/mods/17575,https://staticdelivery.nexusmods.com/mods/4187/images/17575/17575-1782455739-853488750.png,1187,644,5,34,0,Collected via Nexus Mods API.
2026-08-08,nexus,17625,TGG Texture Forge - Starfield DDS Converter,https://www.nexusmods.com/starfield/mods/17625,https://staticdelivery.nexusmods.com/mods/4187/images/17625/17625-1783086268-2069741715.png,85,60,1,9,0,Collected via Nexus Mods API.
2026-08-08,nexus,17632,CPF-RYUJIN DEATH CLAW,https://www.nexusmods.com/starfield/mods/17632,https://staticdelivery.nexusmods.com/mods/4187/images/17632/17632-1783125559-925033020.png,162,150,1,8,0,Collected via Nexus Mods API.
2026-08-08,nexus,17727,TGG BA2 Platform Watcher,https://www.nexusmods.com/starfield/mods/17727,https://staticdelivery.nexusmods.com/mods/4187/images/17727/17727-1784439369-1623894850.png,18,14,0,1,0,Collected via Nexus Mods API.
2026-08-08,nexus,17735,CASSILIA's MANTIS UNDERSUIT,https://www.nexusmods.com/starfield/mods/17735,https://staticdelivery.nexusmods.com/mods/4187/images/17735/17735-1784536941-1636927580.png,518,466,13,42,0,Collected via Nexus Mods API.
2026-08-08,nexus,17753,CPF-MANTIS BLADE,https://www.nexusmods.com/starfield/mods/17753,https://staticdelivery.nexusmods.com/mods/4187/images/17753/17753-1784809939-2078300811.png,111,103,2,6,0,Collected via Nexus Mods API.
2026-08-08,nexus,17777,Cassilias Casual Outfit and Glasses,https://www.nexusmods.com/starfield/mods/17777,https://staticdelivery.nexusmods.com/mods/4187/images/17777/17777-1785074310-1262931634.png,239,163,2,15,0,Collected via Nexus Mods API.
2026-08-08,nexus,17881,TGG Galaxy Fashion Lingerie-BLACK STOCKING,https://www.nexusmods.com/starfield/mods/17881,https://staticdelivery.nexusmods.com/mods/4187/images/17881/17881-1786193639-1201336401.png,97,89,0,1,0,Collected via Nexus Mods API.
2026-08-09,nexus,17070,TGGs Sexy Black Lingerie,https://www.nexusmods.com/starfield/mods/17070,https://staticdelivery.nexusmods.com/mods/4187/images/17070/17070-1778687683-1944088645.png,618,490,0,36,0,Collected via Nexus Mods API.
2026-08-09,nexus,17126,THE TERMINUS,https://www.nexusmods.com/starfield/mods/17126,https://staticdelivery.nexusmods.com/mods/4187/images/17126/17126-1779071888-668213181.png,1588,844,0,39,0,Collected via Nexus Mods API.
2026-08-09,nexus,17251,Nebula Protocol Suit,https://www.nexusmods.com/starfield/mods/17251,https://staticdelivery.nexusmods.com/mods/4187/images/17251/17251-1779804128-1212319096.png,591,520,5,28,0,Collected via Nexus Mods API.
2026-08-09,nexus,17285,CASSILIAs SOUL,https://www.nexusmods.com/starfield/mods/17285,https://staticdelivery.nexusmods.com/mods/4187/images/17285/17285-1780066726-1556236471.png,417,302,1,13,0,Collected via Nexus Mods API.
2026-08-09,nexus,17362,TGG Cloth-DVA bodysuit,https://www.nexusmods.com/starfield/mods/17362,https://staticdelivery.nexusmods.com/mods/4187/images/17362/17362-1780583435-1843506797.png,796,564,3,44,0,Collected via Nexus Mods API.
2026-08-09,nexus,17387,Cassilia's Old Constellation Uniform,https://www.nexusmods.com/starfield/mods/17387,https://staticdelivery.nexusmods.com/mods/4187/images/17387/17387-1780911831-1036925630.png,3659,2466,10,167,0,Collected via Nexus Mods API.
2026-08-09,nexus,17461,CASSILIAs POWER FIST,https://www.nexusmods.com/starfield/mods/17461,https://staticdelivery.nexusmods.com/mods/4187/images/17461/17461-1781423403-782378004.png,937,631,0,30,0,Collected via Nexus Mods API.
2026-08-09,nexus,17479,CPF-UC VANGUARD POWER FIST MK2,https://www.nexusmods.com/starfield/mods/17479,https://staticdelivery.nexusmods.com/mods/4187/images/17479/17479-1781621856-615818030.png,206,189,1,11,0,Collected via Nexus Mods API.
2026-08-09,nexus,17489,CPF-STARBORN POWER FIST UNITY,https://www.nexusmods.com/starfield/mods/17489,https://staticdelivery.nexusmods.com/mods/4187/images/17489/17489-1781703543-86285545.png,266,256,0,15,0,Collected via Nexus Mods API.
2026-08-09,nexus,17500,CPF-STARBORN  POWER FIST OMEGA,https://www.nexusmods.com/starfield/mods/17500,https://staticdelivery.nexusmods.com/mods/4187/images/17500/17500-1781842553-1785018540.png,254,224,1,14,0,Collected via Nexus Mods API.
2026-08-09,nexus,17501,CPF-CRIMSON FLEET POWER FIST HELLHOUND,https://www.nexusmods.com/starfield/mods/17501,https://staticdelivery.nexusmods.com/mods/4187/images/17501/17501-1781854590-1310759891.png,164,152,1,10,0,Collected via Nexus Mods API.
2026-08-09,nexus,17521,CASSILIAs Trainning Dummy,https://www.nexusmods.com/starfield/mods/17521,https://staticdelivery.nexusmods.com/mods/4187/images/17521/17521-1782131371-2132304027.png,41,38,0,3,0,Collected via Nexus Mods API.
2026-08-09,nexus,17575,Realistic Helmet 1st Person Vision,https://www.nexusmods.com/starfield/mods/17575,https://staticdelivery.nexusmods.com/mods/4187/images/17575/17575-1782455739-853488750.png,1190,648,3,34,0,Collected via Nexus Mods API.
2026-08-09,nexus,17625,TGG Texture Forge - Starfield DDS Converter,https://www.nexusmods.com/starfield/mods/17625,https://staticdelivery.nexusmods.com/mods/4187/images/17625/17625-1783086268-2069741715.png,85,60,0,9,0,Collected via Nexus Mods API.
2026-08-09,nexus,17632,CPF-RYUJIN DEATH CLAW,https://www.nexusmods.com/starfield/mods/17632,https://staticdelivery.nexusmods.com/mods/4187/images/17632/17632-1783125559-925033020.png,166,154,4,9,0,Collected via Nexus Mods API.
2026-08-09,nexus,17727,TGG BA2 Platform Watcher,https://www.nexusmods.com/starfield/mods/17727,https://staticdelivery.nexusmods.com/mods/4187/images/17727/17727-1784439369-1623894850.png,18,14,0,1,0,Collected via Nexus Mods API.
2026-08-09,nexus,17735,CASSILIA's MANTIS UNDERSUIT,https://www.nexusmods.com/starfield/mods/17735,https://staticdelivery.nexusmods.com/mods/4187/images/17735/17735-1784536941-1636927580.png,518,468,0,42,0,Collected via Nexus Mods API.
2026-08-09,nexus,17753,CPF-MANTIS BLADE,https://www.nexusmods.com/starfield/mods/17753,https://staticdelivery.nexusmods.com/mods/4187/images/17753/17753-1784809939-2078300811.png,112,104,1,8,0,Collected via Nexus Mods API.
2026-08-09,nexus,17777,Cassilias Casual Outfit and Glasses,https://www.nexusmods.com/starfield/mods/17777,https://staticdelivery.nexusmods.com/mods/4187/images/17777/17777-1785074310-1262931634.png,243,167,4,16,0,Collected via Nexus Mods API.
2026-08-09,nexus,17881,TGG Galaxy Fashion Lingerie-BLACK STOCKING,https://www.nexusmods.com/starfield/mods/17881,https://staticdelivery.nexusmods.com/mods/4187/images/17881/17881-1786193639-1201336401.png,176,162,79,4,0,Collected via Nexus Mods API.
2026-08-10,nexus,17070,TGGs Sexy Black Lingerie,https://www.nexusmods.com/starfield/mods/17070,https://staticdelivery.nexusmods.com/mods/4187/images/17070/17070-1778687683-1944088645.png,619,492,1,37,0,Collected via Nexus Mods API.
2026-08-10,nexus,17126,THE TERMINUS,https://www.nexusmods.com/starfield/mods/17126,https://staticdelivery.nexusmods.com/mods/4187/images/17126/17126-1779071888-668213181.png,1589,844,1,39,0,Collected via Nexus Mods API.
2026-08-10,nexus,17251,Nebula Protocol Suit,https://www.nexusmods.com/starfield/mods/17251,https://staticdelivery.nexusmods.com/mods/4187/images/17251/17251-1779804128-1212319096.png,586,513,0,28,0,Collected via Nexus Mods API.
2026-08-10,nexus,17285,CASSILIAs SOUL,https://www.nexusmods.com/starfield/mods/17285,https://staticdelivery.nexusmods.com/mods/4187/images/17285/17285-1780066726-1556236471.png,417,300,0,13,0,Collected via Nexus Mods API.
2026-08-10,nexus,17362,TGG Cloth-DVA bodysuit,https://www.nexusmods.com/starfield/mods/17362,https://staticdelivery.nexusmods.com/mods/4187/images/17362/17362-1780583435-1843506797.png,793,560,0,44,0,Collected via Nexus Mods API.
2026-08-10,nexus,17387,Cassilia's Old Constellation Uniform,https://www.nexusmods.com/starfield/mods/17387,https://staticdelivery.nexusmods.com/mods/4187/images/17387/17387-1780911831-1036925630.png,3652,2463,0,167,0,Collected via Nexus Mods API.
2026-08-10,nexus,17461,CASSILIAs POWER FIST,https://www.nexusmods.com/starfield/mods/17461,https://staticdelivery.nexusmods.com/mods/4187/images/17461/17461-1781423403-782378004.png,937,631,0,30,0,Collected via Nexus Mods API.
2026-08-10,nexus,17479,CPF-UC VANGUARD POWER FIST MK2,https://www.nexusmods.com/starfield/mods/17479,https://staticdelivery.nexusmods.com/mods/4187/images/17479/17479-1781621856-615818030.png,205,188,0,11,0,Collected via Nexus Mods API.
2026-08-10,nexus,17489,CPF-STARBORN POWER FIST UNITY,https://www.nexusmods.com/starfield/mods/17489,https://staticdelivery.nexusmods.com/mods/4187/images/17489/17489-1781703543-86285545.png,267,256,1,15,0,Collected via Nexus Mods API.
2026-08-10,nexus,17500,CPF-STARBORN  POWER FIST OMEGA,https://www.nexusmods.com/starfield/mods/17500,https://staticdelivery.nexusmods.com/mods/4187/images/17500/17500-1781842553-1785018540.png,255,224,1,14,0,Collected via Nexus Mods API.
2026-08-10,nexus,17501,CPF-CRIMSON FLEET POWER FIST HELLHOUND,https://www.nexusmods.com/starfield/mods/17501,https://staticdelivery.nexusmods.com/mods/4187/images/17501/17501-1781854590-1310759891.png,163,151,0,10,0,Collected via Nexus Mods API.
2026-08-10,nexus,17521,CASSILIAs Trainning Dummy,https://www.nexusmods.com/starfield/mods/17521,https://staticdelivery.nexusmods.com/mods/4187/images/17521/17521-1782131371-2132304027.png,41,38,0,3,0,Collected via Nexus Mods API.
2026-08-10,nexus,17575,Realistic Helmet 1st Person Vision,https://www.nexusmods.com/starfield/mods/17575,https://staticdelivery.nexusmods.com/mods/4187/images/17575/17575-1782455739-853488750.png,1182,643,0,34,0,Collected via Nexus Mods API.
2026-08-10,nexus,17625,TGG Texture Forge - Starfield DDS Converter,https://www.nexusmods.com/starfield/mods/17625,https://staticdelivery.nexusmods.com/mods/4187/images/17625/17625-1783086268-2069741715.png,84,59,0,9,0,Collected via Nexus Mods API.
2026-08-10,nexus,17632,CPF-RYUJIN DEATH CLAW,https://www.nexusmods.com/starfield/mods/17632,https://staticdelivery.nexusmods.com/mods/4187/images/17632/17632-1783125559-925033020.png,161,149,0,9,0,Collected via Nexus Mods API.
2026-08-10,nexus,17727,TGG BA2 Platform Watcher,https://www.nexusmods.com/starfield/mods/17727,https://staticdelivery.nexusmods.com/mods/4187/images/17727/17727-1784439369-1623894850.png,18,14,0,1,0,Collected via Nexus Mods API.
2026-08-10,nexus,17735,CASSILIA's MANTIS UNDERSUIT,https://www.nexusmods.com/starfield/mods/17735,https://staticdelivery.nexusmods.com/mods/4187/images/17735/17735-1784536941-1636927580.png,511,462,0,42,0,Collected via Nexus Mods API.
2026-08-10,nexus,17753,CPF-MANTIS BLADE,https://www.nexusmods.com/starfield/mods/17753,https://staticdelivery.nexusmods.com/mods/4187/images/17753/17753-1784809939-2078300811.png,111,103,0,9,0,Collected via Nexus Mods API.
2026-08-10,nexus,17777,Cassilias Casual Outfit and Glasses,https://www.nexusmods.com/starfield/mods/17777,https://staticdelivery.nexusmods.com/mods/4187/images/17777/17777-1785074310-1262931634.png,240,164,0,17,0,Collected via Nexus Mods API.
2026-08-10,nexus,17881,TGG Galaxy Fashion Lingerie-BLACK STOCKING,https://www.nexusmods.com/starfield/mods/17881,https://staticdelivery.nexusmods.com/mods/4187/images/17881/17881-1786193639-1201336401.png,211,193,35,4,0,Collected via Nexus Mods API.
2026-08-11,nexus,17070,TGGs Sexy Black Lingerie,https://www.nexusmods.com/starfield/mods/17070,https://staticdelivery.nexusmods.com/mods/4187/images/17070/17070-1778687683-1944088645.png,621,493,2,37,0,Collected via Nexus Mods API.
2026-08-11,nexus,17126,THE TERMINUS,https://www.nexusmods.com/starfield/mods/17126,https://staticdelivery.nexusmods.com/mods/4187/images/17126/17126-1779071888-668213181.png,1587,842,0,39,0,Collected via Nexus Mods API.
2026-08-11,nexus,17251,Nebula Protocol Suit,https://www.nexusmods.com/starfield/mods/17251,https://staticdelivery.nexusmods.com/mods/4187/images/17251/17251-1779804128-1212319096.png,586,513,0,29,0,Collected via Nexus Mods API.
2026-08-11,nexus,17285,CASSILIAs SOUL,https://www.nexusmods.com/starfield/mods/17285,https://staticdelivery.nexusmods.com/mods/4187/images/17285/17285-1780066726-1556236471.png,415,300,0,13,0,Collected via Nexus Mods API.
2026-08-11,nexus,17362,TGG Cloth-DVA bodysuit,https://www.nexusmods.com/starfield/mods/17362,https://staticdelivery.nexusmods.com/mods/4187/images/17362/17362-1780583435-1843506797.png,790,557,0,44,0,Collected via Nexus Mods API.
2026-08-11,nexus,17387,Cassilia's Old Constellation Uniform,https://www.nexusmods.com/starfield/mods/17387,https://staticdelivery.nexusmods.com/mods/4187/images/17387/17387-1780911831-1036925630.png,3642,2456,0,167,0,Collected via Nexus Mods API.
2026-08-11,nexus,17461,CASSILIAs POWER FIST,https://www.nexusmods.com/starfield/mods/17461,https://staticdelivery.nexusmods.com/mods/4187/images/17461/17461-1781423403-782378004.png,933,628,0,31,0,Collected via Nexus Mods API.
2026-08-11,nexus,17479,CPF-UC VANGUARD POWER FIST MK2,https://www.nexusmods.com/starfield/mods/17479,https://staticdelivery.nexusmods.com/mods/4187/images/17479/17479-1781621856-615818030.png,205,188,0,12,0,Collected via Nexus Mods API.
2026-08-11,nexus,17489,CPF-STARBORN POWER FIST UNITY,https://www.nexusmods.com/starfield/mods/17489,https://staticdelivery.nexusmods.com/mods/4187/images/17489/17489-1781703543-86285545.png,265,255,0,16,0,Collected via Nexus Mods API.
2026-08-11,nexus,17500,CPF-STARBORN  POWER FIST OMEGA,https://www.nexusmods.com/starfield/mods/17500,https://staticdelivery.nexusmods.com/mods/4187/images/17500/17500-1781842553-1785018540.png,252,222,0,15,0,Collected via Nexus Mods API.
2026-08-11,nexus,17501,CPF-CRIMSON FLEET POWER FIST HELLHOUND,https://www.nexusmods.com/starfield/mods/17501,https://staticdelivery.nexusmods.com/mods/4187/images/17501/17501-1781854590-1310759891.png,163,151,0,10,0,Collected via Nexus Mods API.
2026-08-11,nexus,17521,CASSILIAs Trainning Dummy,https://www.nexusmods.com/starfield/mods/17521,https://staticdelivery.nexusmods.com/mods/4187/images/17521/17521-1782131371-2132304027.png,41,38,0,3,0,Collected via Nexus Mods API.
2026-08-11,nexus,17575,Realistic Helmet 1st Person Vision,https://www.nexusmods.com/starfield/mods/17575,https://staticdelivery.nexusmods.com/mods/4187/images/17575/17575-1782455739-853488750.png,1185,645,3,34,0,Collected via Nexus Mods API.
2026-08-11,nexus,17625,TGG Texture Forge - Starfield DDS Converter,https://www.nexusmods.com/starfield/mods/17625,https://staticdelivery.nexusmods.com/mods/4187/images/17625/17625-1783086268-2069741715.png,84,59,0,9,0,Collected via Nexus Mods API.
2026-08-11,nexus,17632,CPF-RYUJIN DEATH CLAW,https://www.nexusmods.com/starfield/mods/17632,https://staticdelivery.nexusmods.com/mods/4187/images/17632/17632-1783125559-925033020.png,161,149,0,10,0,Collected via Nexus Mods API.
2026-08-11,nexus,17727,TGG BA2 Platform Watcher,https://www.nexusmods.com/starfield/mods/17727,https://staticdelivery.nexusmods.com/mods/4187/images/17727/17727-1784439369-1623894850.png,18,14,0,1,0,Collected via Nexus Mods API.
2026-08-11,nexus,17735,CASSILIA's MANTIS UNDERSUIT,https://www.nexusmods.com/starfield/mods/17735,https://staticdelivery.nexusmods.com/mods/4187/images/17735/17735-1784536941-1636927580.png,506,458,0,43,0,Collected via Nexus Mods API.
2026-08-11,nexus,17753,CPF-MANTIS BLADE,https://www.nexusmods.com/starfield/mods/17753,https://staticdelivery.nexusmods.com/mods/4187/images/17753/17753-1784809939-2078300811.png,109,101,0,10,0,Collected via Nexus Mods API.
2026-08-11,nexus,17777,Cassilias Casual Outfit and Glasses,https://www.nexusmods.com/starfield/mods/17777,https://staticdelivery.nexusmods.com/mods/4187/images/17777/17777-1785074310-1262931634.png,237,162,0,18,0,Collected via Nexus Mods API.
2026-08-11,nexus,17881,TGG Galaxy Fashion Lingerie-BLACK STOCKING,https://www.nexusmods.com/starfield/mods/17881,https://staticdelivery.nexusmods.com/mods/4187/images/17881/17881-1786193639-1201336401.png,238,219,27,5,0,Collected via Nexus Mods API.
2026-08-12,nexus,17070,TGGs Sexy Black Lingerie,https://www.nexusmods.com/starfield/mods/17070,https://staticdelivery.nexusmods.com/mods/4187/images/17070/17070-1778687683-1944088645.png,619,492,0,38,0,Collected via Nexus Mods API.
2026-08-12,nexus,17126,THE TERMINUS,https://www.nexusmods.com/starfield/mods/17126,https://staticdelivery.nexusmods.com/mods/4187/images/17126/17126-1779071888-668213181.png,1584,841,0,39,0,Collected via Nexus Mods API.
2026-08-12,nexus,17251,Nebula Protocol Suit,https://www.nexusmods.com/starfield/mods/17251,https://staticdelivery.nexusmods.com/mods/4187/images/17251/17251-1779804128-1212319096.png,585,514,0,29,0,Collected via Nexus Mods API.
2026-08-12,nexus,17285,CASSILIAs SOUL,https://www.nexusmods.com/starfield/mods/17285,https://staticdelivery.nexusmods.com/mods/4187/images/17285/17285-1780066726-1556236471.png,415,300,0,13,0,Collected via Nexus Mods API.
2026-08-12,nexus,17362,TGG Cloth-DVA bodysuit,https://www.nexusmods.com/starfield/mods/17362,https://staticdelivery.nexusmods.com/mods/4187/images/17362/17362-1780583435-1843506797.png,792,559,2,44,0,Collected via Nexus Mods API.
2026-08-12,nexus,17387,Cassilia's Old Constellation Uniform,https://www.nexusmods.com/starfield/mods/17387,https://staticdelivery.nexusmods.com/mods/4187/images/17387/17387-1780911831-1036925630.png,3639,2456,0,168,0,Collected via Nexus Mods API.
2026-08-12,nexus,17461,CASSILIAs POWER FIST,https://www.nexusmods.com/starfield/mods/17461,https://staticdelivery.nexusmods.com/mods/4187/images/17461/17461-1781423403-782378004.png,931,626,0,31,0,Collected via Nexus Mods API.
2026-08-12,nexus,17479,CPF-UC VANGUARD POWER FIST MK2,https://www.nexusmods.com/starfield/mods/17479,https://staticdelivery.nexusmods.com/mods/4187/images/17479/17479-1781621856-615818030.png,205,188,0,12,0,Collected via Nexus Mods API.
2026-08-12,nexus,17489,CPF-STARBORN POWER FIST UNITY,https://www.nexusmods.com/starfield/mods/17489,https://staticdelivery.nexusmods.com/mods/4187/images/17489/17489-1781703543-86285545.png,265,255,0,16,0,Collected via Nexus Mods API.
2026-08-12,nexus,17500,CPF-STARBORN  POWER FIST OMEGA,https://www.nexusmods.com/starfield/mods/17500,https://staticdelivery.nexusmods.com/mods/4187/images/17500/17500-1781842553-1785018540.png,252,222,0,15,0,Collected via Nexus Mods API.
2026-08-12,nexus,17501,CPF-CRIMSON FLEET POWER FIST HELLHOUND,https://www.nexusmods.com/starfield/mods/17501,https://staticdelivery.nexusmods.com/mods/4187/images/17501/17501-1781854590-1310759891.png,163,151,0,10,0,Collected via Nexus Mods API.
2026-08-12,nexus,17521,CASSILIAs Trainning Dummy,https://www.nexusmods.com/starfield/mods/17521,https://staticdelivery.nexusmods.com/mods/4187/images/17521/17521-1782131371-2132304027.png,41,38,0,3,0,Collected via Nexus Mods API.
2026-08-12,nexus,17575,Realistic Helmet 1st Person Vision,https://www.nexusmods.com/starfield/mods/17575,https://staticdelivery.nexusmods.com/mods/4187/images/17575/17575-1782455739-853488750.png,1185,644,0,34,0,Collected via Nexus Mods API.
2026-08-12,nexus,17625,TGG Texture Forge - Starfield DDS Converter,https://www.nexusmods.com/starfield/mods/17625,https://staticdelivery.nexusmods.com/mods/4187/images/17625/17625-1783086268-2069741715.png,85,60,1,9,0,Collected via Nexus Mods API.
2026-08-12,nexus,17632,CPF-RYUJIN DEATH CLAW,https://www.nexusmods.com/starfield/mods/17632,https://staticdelivery.nexusmods.com/mods/4187/images/17632/17632-1783125559-925033020.png,161,149,0,10,0,Collected via Nexus Mods API.
2026-08-12,nexus,17727,TGG BA2 Platform Watcher,https://www.nexusmods.com/starfield/mods/17727,https://staticdelivery.nexusmods.com/mods/4187/images/17727/17727-1784439369-1623894850.png,18,14,0,1,0,Collected via Nexus Mods API.
2026-08-12,nexus,17735,CASSILIA's MANTIS UNDERSUIT,https://www.nexusmods.com/starfield/mods/17735,https://staticdelivery.nexusmods.com/mods/4187/images/17735/17735-1784536941-1636927580.png,513,465,7,43,0,Collected via Nexus Mods API.
2026-08-12,nexus,17753,CPF-MANTIS BLADE,https://www.nexusmods.com/starfield/mods/17753,https://staticdelivery.nexusmods.com/mods/4187/images/17753/17753-1784809939-2078300811.png,109,101,0,10,0,Collected via Nexus Mods API.
2026-08-12,nexus,17777,Cassilias Casual Outfit and Glasses,https://www.nexusmods.com/starfield/mods/17777,https://staticdelivery.nexusmods.com/mods/4187/images/17777/17777-1785074310-1262931634.png,238,161,1,18,0,Collected via Nexus Mods API.
2026-08-12,nexus,17881,TGG Galaxy Fashion Lingerie-BLACK STOCKING,https://www.nexusmods.com/starfield/mods/17881,https://staticdelivery.nexusmods.com/mods/4187/images/17881/17881-1786193639-1201336401.png,251,229,13,5,0,Collected via Nexus Mods API.
2026-08-13,nexus,17070,TGGs Sexy Black Lingerie,https://www.nexusmods.com/starfield/mods/17070,https://staticdelivery.nexusmods.com/mods/4187/images/17070/17070-1778687683-1944088645.png,619,491,0,38,0,Collected via Nexus Mods API.
2026-08-13,nexus,17126,THE TERMINUS,https://www.nexusmods.com/starfield/mods/17126,https://staticdelivery.nexusmods.com/mods/4187/images/17126/17126-1779071888-668213181.png,1585,841,1,39,0,Collected via Nexus Mods API.
2026-08-13,nexus,17251,Nebula Protocol Suit,https://www.nexusmods.com/starfield/mods/17251,https://staticdelivery.nexusmods.com/mods/4187/images/17251/17251-1779804128-1212319096.png,587,515,2,29,0,Collected via Nexus Mods API.
2026-08-13,nexus,17285,CASSILIAs SOUL,https://www.nexusmods.com/starfield/mods/17285,https://staticdelivery.nexusmods.com/mods/4187/images/17285/17285-1780066726-1556236471.png,415,300,0,14,0,Collected via Nexus Mods API.
2026-08-13,nexus,17362,TGG Cloth-DVA bodysuit,https://www.nexusmods.com/starfield/mods/17362,https://staticdelivery.nexusmods.com/mods/4187/images/17362/17362-1780583435-1843506797.png,792,562,0,44,0,Collected via Nexus Mods API.
2026-08-13,nexus,17387,Cassilia's Old Constellation Uniform,https://www.nexusmods.com/starfield/mods/17387,https://staticdelivery.nexusmods.com/mods/4187/images/17387/17387-1780911831-1036925630.png,3652,2462,13,168,0,Collected via Nexus Mods API.
2026-08-13,nexus,17461,CASSILIAs POWER FIST,https://www.nexusmods.com/starfield/mods/17461,https://staticdelivery.nexusmods.com/mods/4187/images/17461/17461-1781423403-782378004.png,932,627,1,32,0,Collected via Nexus Mods API.
2026-08-13,nexus,17479,CPF-UC VANGUARD POWER FIST MK2,https://www.nexusmods.com/starfield/mods/17479,https://staticdelivery.nexusmods.com/mods/4187/images/17479/17479-1781621856-615818030.png,205,188,0,12,0,Collected via Nexus Mods API.
2026-08-13,nexus,17489,CPF-STARBORN POWER FIST UNITY,https://www.nexusmods.com/starfield/mods/17489,https://staticdelivery.nexusmods.com/mods/4187/images/17489/17489-1781703543-86285545.png,265,255,0,16,0,Collected via Nexus Mods API.
2026-08-13,nexus,17500,CPF-STARBORN  POWER FIST OMEGA,https://www.nexusmods.com/starfield/mods/17500,https://staticdelivery.nexusmods.com/mods/4187/images/17500/17500-1781842553-1785018540.png,252,222,0,16,0,Collected via Nexus Mods API.
2026-08-13,nexus,17501,CPF-CRIMSON FLEET POWER FIST HELLHOUND,https://www.nexusmods.com/starfield/mods/17501,https://staticdelivery.nexusmods.com/mods/4187/images/17501/17501-1781854590-1310759891.png,163,151,0,11,0,Collected via Nexus Mods API.
2026-08-13,nexus,17521,CASSILIAs Trainning Dummy,https://www.nexusmods.com/starfield/mods/17521,https://staticdelivery.nexusmods.com/mods/4187/images/17521/17521-1782131371-2132304027.png,41,38,0,3,0,Collected via Nexus Mods API.
2026-08-13,nexus,17575,Realistic Helmet 1st Person Vision,https://www.nexusmods.com/starfield/mods/17575,https://staticdelivery.nexusmods.com/mods/4187/images/17575/17575-1782455739-853488750.png,1186,645,1,34,0,Collected via Nexus Mods API.
2026-08-13,nexus,17625,TGG Texture Forge - Starfield DDS Converter,https://www.nexusmods.com/starfield/mods/17625,https://staticdelivery.nexusmods.com/mods/4187/images/17625/17625-1783086268-2069741715.png,84,59,0,9,0,Collected via Nexus Mods API.
2026-08-13,nexus,17632,CPF-RYUJIN DEATH CLAW,https://www.nexusmods.com/starfield/mods/17632,https://staticdelivery.nexusmods.com/mods/4187/images/17632/17632-1783125559-925033020.png,162,150,1,11,0,Collected via Nexus Mods API.
2026-08-13,nexus,17727,TGG BA2 Platform Watcher,https://www.nexusmods.com/starfield/mods/17727,https://staticdelivery.nexusmods.com/mods/4187/images/17727/17727-1784439369-1623894850.png,19,15,1,1,0,Collected via Nexus Mods API.
2026-08-13,nexus,17735,CASSILIA's MANTIS UNDERSUIT,https://www.nexusmods.com/starfield/mods/17735,https://staticdelivery.nexusmods.com/mods/4187/images/17735/17735-1784536941-1636927580.png,505,458,0,44,0,Collected via Nexus Mods API.
2026-08-13,nexus,17753,CPF-MANTIS BLADE,https://www.nexusmods.com/starfield/mods/17753,https://staticdelivery.nexusmods.com/mods/4187/images/17753/17753-1784809939-2078300811.png,110,102,1,10,0,Collected via Nexus Mods API.
2026-08-13,nexus,17777,Cassilias Casual Outfit and Glasses,https://www.nexusmods.com/starfield/mods/17777,https://staticdelivery.nexusmods.com/mods/4187/images/17777/17777-1785074310-1262931634.png,238,163,0,18,0,Collected via Nexus Mods API.
2026-08-13,nexus,17881,TGG Galaxy Fashion Lingerie-BLACK STOCKING,https://www.nexusmods.com/starfield/mods/17881,https://staticdelivery.nexusmods.com/mods/4187/images/17881/17881-1786193639-1201336401.png,269,246,18,6,0,Collected via Nexus Mods API.
2026-08-14,nexus,17070,TGGs Sexy Black Lingerie,https://www.nexusmods.com/starfield/mods/17070,https://staticdelivery.nexusmods.com/mods/4187/images/17070/17070-1778687683-1944088645.png,618,491,0,38,0,Collected via Nexus Mods API.
2026-08-14,nexus,17126,THE TERMINUS,https://www.nexusmods.com/starfield/mods/17126,https://staticdelivery.nexusmods.com/mods/4187/images/17126/17126-1779071888-668213181.png,1590,846,5,39,0,Collected via Nexus Mods API.
2026-08-14,nexus,17251,Nebula Protocol Suit,https://www.nexusmods.com/starfield/mods/17251,https://staticdelivery.nexusmods.com/mods/4187/images/17251/17251-1779804128-1212319096.png,587,515,0,30,0,Collected via Nexus Mods API.
2026-08-14,nexus,17285,CASSILIAs SOUL,https://www.nexusmods.com/starfield/mods/17285,https://staticdelivery.nexusmods.com/mods/4187/images/17285/17285-1780066726-1556236471.png,415,300,0,14,0,Collected via Nexus Mods API.
2026-08-14,nexus,17362,TGG Cloth-DVA bodysuit,https://www.nexusmods.com/starfield/mods/17362,https://staticdelivery.nexusmods.com/mods/4187/images/17362/17362-1780583435-1843506797.png,788,557,0,44,0,Collected via Nexus Mods API.
2026-08-14,nexus,17387,Cassilia's Old Constellation Uniform,https://www.nexusmods.com/starfield/mods/17387,https://staticdelivery.nexusmods.com/mods/4187/images/17387/17387-1780911831-1036925630.png,3643,2461,0,169,0,Collected via Nexus Mods API.
2026-08-14,nexus,17461,CASSILIAs POWER FIST,https://www.nexusmods.com/starfield/mods/17461,https://staticdelivery.nexusmods.com/mods/4187/images/17461/17461-1781423403-782378004.png,934,629,2,32,0,Collected via Nexus Mods API.
2026-08-14,nexus,17479,CPF-UC VANGUARD POWER FIST MK2,https://www.nexusmods.com/starfield/mods/17479,https://staticdelivery.nexusmods.com/mods/4187/images/17479/17479-1781621856-615818030.png,207,190,2,12,0,Collected via Nexus Mods API.
2026-08-14,nexus,17489,CPF-STARBORN POWER FIST UNITY,https://www.nexusmods.com/starfield/mods/17489,https://staticdelivery.nexusmods.com/mods/4187/images/17489/17489-1781703543-86285545.png,267,257,2,16,0,Collected via Nexus Mods API.
2026-08-14,nexus,17500,CPF-STARBORN  POWER FIST OMEGA,https://www.nexusmods.com/starfield/mods/17500,https://staticdelivery.nexusmods.com/mods/4187/images/17500/17500-1781842553-1785018540.png,253,223,1,16,0,Collected via Nexus Mods API.
2026-08-14,nexus,17501,CPF-CRIMSON FLEET POWER FIST HELLHOUND,https://www.nexusmods.com/starfield/mods/17501,https://staticdelivery.nexusmods.com/mods/4187/images/17501/17501-1781854590-1310759891.png,164,152,1,11,0,Collected via Nexus Mods API.
2026-08-14,nexus,17521,CASSILIAs Trainning Dummy,https://www.nexusmods.com/starfield/mods/17521,https://staticdelivery.nexusmods.com/mods/4187/images/17521/17521-1782131371-2132304027.png,41,38,0,3,0,Collected via Nexus Mods API.
2026-08-14,nexus,17575,Realistic Helmet 1st Person Vision,https://www.nexusmods.com/starfield/mods/17575,https://staticdelivery.nexusmods.com/mods/4187/images/17575/17575-1782455739-853488750.png,1184,645,0,34,0,Collected via Nexus Mods API.
2026-08-14,nexus,17625,TGG Texture Forge - Starfield DDS Converter,https://www.nexusmods.com/starfield/mods/17625,https://staticdelivery.nexusmods.com/mods/4187/images/17625/17625-1783086268-2069741715.png,84,59,0,9,0,Collected via Nexus Mods API.
2026-08-14,nexus,17632,CPF-RYUJIN DEATH CLAW,https://www.nexusmods.com/starfield/mods/17632,https://staticdelivery.nexusmods.com/mods/4187/images/17632/17632-1783125559-925033020.png,161,149,0,11,0,Collected via Nexus Mods API.
2026-08-14,nexus,17727,TGG BA2 Platform Watcher,https://www.nexusmods.com/starfield/mods/17727,https://staticdelivery.nexusmods.com/mods/4187/images/17727/17727-1784439369-1623894850.png,18,14,0,1,0,Collected via Nexus Mods API.
2026-08-14,nexus,17735,CASSILIA's MANTIS UNDERSUIT,https://www.nexusmods.com/starfield/mods/17735,https://staticdelivery.nexusmods.com/mods/4187/images/17735/17735-1784536941-1636927580.png,507,459,2,44,0,Collected via Nexus Mods API.
2026-08-14,nexus,17753,CPF-MANTIS BLADE,https://www.nexusmods.com/starfield/mods/17753,https://staticdelivery.nexusmods.com/mods/4187/images/17753/17753-1784809939-2078300811.png,113,105,3,10,0,Collected via Nexus Mods API.
2026-08-14,nexus,17777,Cassilias Casual Outfit and Glasses,https://www.nexusmods.com/starfield/mods/17777,https://staticdelivery.nexusmods.com/mods/4187/images/17777/17777-1785074310-1262931634.png,239,163,1,19,0,Collected via Nexus Mods API.
2026-08-14,nexus,17881,TGG Galaxy Fashion Lingerie-BLACK STOCKING,https://www.nexusmods.com/starfield/mods/17881,https://staticdelivery.nexusmods.com/mods/4187/images/17881/17881-1786193639-1201336401.png,305,278,36,11,0,Collected via Nexus Mods API.
2026-08-15,nexus,17070,TGGs Sexy Black Lingerie,https://www.nexusmods.com/starfield/mods/17070,https://staticdelivery.nexusmods.com/mods/4187/images/17070/17070-1778687683-1944088645.png,618,490,0,38,0,Collected via Nexus Mods API.
2026-08-15,nexus,17126,THE TERMINUS,https://www.nexusmods.com/starfield/mods/17126,https://staticdelivery.nexusmods.com/mods/4187/images/17126/17126-1779071888-668213181.png,1587,844,0,39,0,Collected via Nexus Mods API.
2026-08-15,nexus,17251,Nebula Protocol Suit,https://www.nexusmods.com/starfield/mods/17251,https://staticdelivery.nexusmods.com/mods/4187/images/17251/17251-1779804128-1212319096.png,590,516,3,30,0,Collected via Nexus Mods API.
2026-08-15,nexus,17285,CASSILIAs SOUL,https://www.nexusmods.com/starfield/mods/17285,https://staticdelivery.nexusmods.com/mods/4187/images/17285/17285-1780066726-1556236471.png,416,301,1,14,0,Collected via Nexus Mods API.
2026-08-15,nexus,17362,TGG Cloth-DVA bodysuit,https://www.nexusmods.com/starfield/mods/17362,https://staticdelivery.nexusmods.com/mods/4187/images/17362/17362-1780583435-1843506797.png,789,557,1,44,0,Collected via Nexus Mods API.
2026-08-15,nexus,17387,Cassilia's Old Constellation Uniform,https://www.nexusmods.com/starfield/mods/17387,https://staticdelivery.nexusmods.com/mods/4187/images/17387/17387-1780911831-1036925630.png,3647,2460,4,169,0,Collected via Nexus Mods API.
2026-08-15,nexus,17461,CASSILIAs POWER FIST,https://www.nexusmods.com/starfield/mods/17461,https://staticdelivery.nexusmods.com/mods/4187/images/17461/17461-1781423403-782378004.png,937,630,3,32,0,Collected via Nexus Mods API.
2026-08-15,nexus,17479,CPF-UC VANGUARD POWER FIST MK2,https://www.nexusmods.com/starfield/mods/17479,https://staticdelivery.nexusmods.com/mods/4187/images/17479/17479-1781621856-615818030.png,206,189,0,12,0,Collected via Nexus Mods API.
2026-08-15,nexus,17489,CPF-STARBORN POWER FIST UNITY,https://www.nexusmods.com/starfield/mods/17489,https://staticdelivery.nexusmods.com/mods/4187/images/17489/17489-1781703543-86285545.png,266,256,0,16,0,Collected via Nexus Mods API.
2026-08-15,nexus,17500,CPF-STARBORN  POWER FIST OMEGA,https://www.nexusmods.com/starfield/mods/17500,https://staticdelivery.nexusmods.com/mods/4187/images/17500/17500-1781842553-1785018540.png,254,224,1,16,0,Collected via Nexus Mods API.
2026-08-15,nexus,17501,CPF-CRIMSON FLEET POWER FIST HELLHOUND,https://www.nexusmods.com/starfield/mods/17501,https://staticdelivery.nexusmods.com/mods/4187/images/17501/17501-1781854590-1310759891.png,164,152,0,11,0,Collected via Nexus Mods API.
2026-08-15,nexus,17521,CASSILIAs Trainning Dummy,https://www.nexusmods.com/starfield/mods/17521,https://staticdelivery.nexusmods.com/mods/4187/images/17521/17521-1782131371-2132304027.png,41,38,0,3,0,Collected via Nexus Mods API.
2026-08-15,nexus,17575,Realistic Helmet 1st Person Vision,https://www.nexusmods.com/starfield/mods/17575,https://staticdelivery.nexusmods.com/mods/4187/images/17575/17575-1782455739-853488750.png,1190,647,6,34,0,Collected via Nexus Mods API.
2026-08-15,nexus,17625,TGG Texture Forge - Starfield DDS Converter,https://www.nexusmods.com/starfield/mods/17625,https://staticdelivery.nexusmods.com/mods/4187/images/17625/17625-1783086268-2069741715.png,84,59,0,9,0,Collected via Nexus Mods API.
2026-08-15,nexus,17632,CPF-RYUJIN DEATH CLAW,https://www.nexusmods.com/starfield/mods/17632,https://staticdelivery.nexusmods.com/mods/4187/images/17632/17632-1783125559-925033020.png,163,151,2,12,0,Collected via Nexus Mods API.
2026-08-15,nexus,17727,TGG BA2 Platform Watcher,https://www.nexusmods.com/starfield/mods/17727,https://staticdelivery.nexusmods.com/mods/4187/images/17727/17727-1784439369-1623894850.png,18,14,0,1,0,Collected via Nexus Mods API.
2026-08-15,nexus,17735,CASSILIA's MANTIS UNDERSUIT,https://www.nexusmods.com/starfield/mods/17735,https://staticdelivery.nexusmods.com/mods/4187/images/17735/17735-1784536941-1636927580.png,513,463,6,45,0,Collected via Nexus Mods API.
2026-08-15,nexus,17753,CPF-MANTIS BLADE,https://www.nexusmods.com/starfield/mods/17753,https://staticdelivery.nexusmods.com/mods/4187/images/17753/17753-1784809939-2078300811.png,110,102,0,10,0,Collected via Nexus Mods API.
2026-08-15,nexus,17777,Cassilias Casual Outfit and Glasses,https://www.nexusmods.com/starfield/mods/17777,https://staticdelivery.nexusmods.com/mods/4187/images/17777/17777-1785074310-1262931634.png,240,164,1,19,0,Collected via Nexus Mods API.
2026-08-15,nexus,17881,TGG Galaxy Fashion Lingerie-BLACK STOCKING,https://www.nexusmods.com/starfield/mods/17881,https://staticdelivery.nexusmods.com/mods/4187/images/17881/17881-1786193639-1201336401.png,331,303,26,11,0,Collected via Nexus Mods API.
2026-08-16,nexus,17070,TGGs Sexy Black Lingerie,https://www.nexusmods.com/starfield/mods/17070,https://staticdelivery.nexusmods.com/mods/4187/images/17070/17070-1778687683-1944088645.png,618,490,0,38,0,Collected via Nexus Mods API.
2026-08-16,nexus,17126,THE TERMINUS,https://www.nexusmods.com/starfield/mods/17126,https://staticdelivery.nexusmods.com/mods/4187/images/17126/17126-1779071888-668213181.png,1585,841,0,39,0,Collected via Nexus Mods API.
2026-08-16,nexus,17251,Nebula Protocol Suit,https://www.nexusmods.com/starfield/mods/17251,https://staticdelivery.nexusmods.com/mods/4187/images/17251/17251-1779804128-1212319096.png,590,517,0,30,0,Collected via Nexus Mods API.
2026-08-16,nexus,17285,CASSILIAs SOUL,https://www.nexusmods.com/starfield/mods/17285,https://staticdelivery.nexusmods.com/mods/4187/images/17285/17285-1780066726-1556236471.png,416,300,0,14,0,Collected via Nexus Mods API.
2026-08-16,nexus,17362,TGG Cloth-DVA bodysuit,https://www.nexusmods.com/starfield/mods/17362,https://staticdelivery.nexusmods.com/mods/4187/images/17362/17362-1780583435-1843506797.png,791,559,2,44,0,Collected via Nexus Mods API.
2026-08-16,nexus,17387,Cassilia's Old Constellation Uniform,https://www.nexusmods.com/starfield/mods/17387,https://staticdelivery.nexusmods.com/mods/4187/images/17387/17387-1780911831-1036925630.png,3643,2459,0,169,0,Collected via Nexus Mods API.
2026-08-16,nexus,17461,CASSILIAs POWER FIST,https://www.nexusmods.com/starfield/mods/17461,https://staticdelivery.nexusmods.com/mods/4187/images/17461/17461-1781423403-782378004.png,934,627,0,33,0,Collected via Nexus Mods API.
2026-08-16,nexus,17479,CPF-UC VANGUARD POWER FIST MK2,https://www.nexusmods.com/starfield/mods/17479,https://staticdelivery.nexusmods.com/mods/4187/images/17479/17479-1781621856-615818030.png,206,188,0,12,0,Collected via Nexus Mods API.
2026-08-16,nexus,17489,CPF-STARBORN POWER FIST UNITY,https://www.nexusmods.com/starfield/mods/17489,https://staticdelivery.nexusmods.com/mods/4187/images/17489/17489-1781703543-86285545.png,266,255,0,16,0,Collected via Nexus Mods API.
2026-08-16,nexus,17500,CPF-STARBORN  POWER FIST OMEGA,https://www.nexusmods.com/starfield/mods/17500,https://staticdelivery.nexusmods.com/mods/4187/images/17500/17500-1781842553-1785018540.png,253,222,0,16,0,Collected via Nexus Mods API.
2026-08-16,nexus,17501,CPF-CRIMSON FLEET POWER FIST HELLHOUND,https://www.nexusmods.com/starfield/mods/17501,https://staticdelivery.nexusmods.com/mods/4187/images/17501/17501-1781854590-1310759891.png,164,151,0,11,0,Collected via Nexus Mods API.
2026-08-16,nexus,17521,CASSILIAs Trainning Dummy,https://www.nexusmods.com/starfield/mods/17521,https://staticdelivery.nexusmods.com/mods/4187/images/17521/17521-1782131371-2132304027.png,41,38,0,3,0,Collected via Nexus Mods API.
2026-08-16,nexus,17575,Realistic Helmet 1st Person Vision,https://www.nexusmods.com/starfield/mods/17575,https://staticdelivery.nexusmods.com/mods/4187/images/17575/17575-1782455739-853488750.png,1181,642,0,34,0,Collected via Nexus Mods API.
2026-08-16,nexus,17625,TGG Texture Forge - Starfield DDS Converter,https://www.nexusmods.com/starfield/mods/17625,https://staticdelivery.nexusmods.com/mods/4187/images/17625/17625-1783086268-2069741715.png,84,59,0,9,0,Collected via Nexus Mods API.
2026-08-16,nexus,17632,CPF-RYUJIN DEATH CLAW,https://www.nexusmods.com/starfield/mods/17632,https://staticdelivery.nexusmods.com/mods/4187/images/17632/17632-1783125559-925033020.png,162,149,0,12,0,Collected via Nexus Mods API.
2026-08-16,nexus,17727,TGG BA2 Platform Watcher,https://www.nexusmods.com/starfield/mods/17727,https://staticdelivery.nexusmods.com/mods/4187/images/17727/17727-1784439369-1623894850.png,18,14,0,1,0,Collected via Nexus Mods API.
2026-08-16,nexus,17735,CASSILIA's MANTIS UNDERSUIT,https://www.nexusmods.com/starfield/mods/17735,https://staticdelivery.nexusmods.com/mods/4187/images/17735/17735-1784536941-1636927580.png,505,458,0,46,0,Collected via Nexus Mods API.
2026-08-16,nexus,17753,CPF-MANTIS BLADE,https://www.nexusmods.com/starfield/mods/17753,https://staticdelivery.nexusmods.com/mods/4187/images/17753/17753-1784809939-2078300811.png,110,102,0,11,0,Collected via Nexus Mods API.
2026-08-16,nexus,17777,Cassilias Casual Outfit and Glasses,https://www.nexusmods.com/starfield/mods/17777,https://staticdelivery.nexusmods.com/mods/4187/images/17777/17777-1785074310-1262931634.png,236,161,0,19,0,Collected via Nexus Mods API.
2026-08-16,nexus,17881,TGG Galaxy Fashion Lingerie-BLACK STOCKING,https://www.nexusmods.com/starfield/mods/17881,https://staticdelivery.nexusmods.com/mods/4187/images/17881/17881-1786193639-1201336401.png,345,313,14,12,0,Collected via Nexus Mods API.
